trade_key,signal_time,entry_time,dir,mode,stage,entry,stop,stop_distance,exit_time,exit_price,exit_reason,pnl_points
2025.01.31 20:30:00|S|S1,2025-01-31 20:30:00,2025-01-31 20:30:00,S,cross,1,2797.075,2802.819,5.744000000000142,2025-02-02 23:00:00,2802.819,SL hit,-5.744000000000142
2025.01.31 20:30:00|S|S2,2025-01-31 20:30:00,2025-01-31 20:30:00,S,cross,2,2797.075,2802.819,5.744000000000142,2025-02-02 23:00:00,2802.819,trail/SL hit,-5.744000000000142
2025.01.31 20:30:00|S|S3,2025-01-31 20:30:00,2025-01-31 20:30:00,S,cross,3,2797.075,2802.819,5.744000000000142,2025-02-02 23:00:00,2802.819,SL hit,-5.744000000000142
2025.02.07 17:00:00|S|S1,2025-02-07 17:00:00,2025-02-07 17:00:00,S,pre_cross,1,2860.765,2868.388,7.623000000000047,2025-02-09 23:00:00,2868.388,SL hit,-7.623000000000047
2025.02.07 17:00:00|S|S2,2025-02-07 17:00:00,2025-02-07 17:00:00,S,pre_cross,2,2860.765,2868.388,7.623000000000047,2025-02-09 23:00:00,2868.388,trail/SL hit,-7.623000000000047
2025.02.07 17:00:00|S|S3,2025-02-07 17:00:00,2025-02-07 17:00:00,S,pre_cross,3,2860.765,2868.388,7.623000000000047,2025-02-09 23:00:00,2868.388,SL hit,-7.623000000000047
2025.02.07 18:00:00|S|S1,2025-02-07 18:00:00,2025-02-07 18:00:00,S,cross,1,2860.057,2868.388,8.331000000000131,2025-02-09 23:00:00,2868.388,SL hit,-8.331000000000131
2025.02.07 18:00:00|S|S2,2025-02-07 18:00:00,2025-02-07 18:00:00,S,cross,2,2860.057,2868.388,8.331000000000131,2025-02-09 23:00:00,2868.388,trail/SL hit,-8.331000000000131
2025.02.07 18:00:00|S|S3,2025-02-07 18:00:00,2025-02-07 18:00:00,S,cross,3,2860.057,2868.388,8.331000000000131,2025-02-09 23:00:00,2868.388,SL hit,-8.331000000000131
2025.02.11 10:00:00|S|S1,2025-02-11 10:00:00,2025-02-11 10:00:00,S,post_n2,1,2903.226,2913.592,10.365999999999985,2025-02-11 12:30:00,2887.677,1.5R TP,15.548999999999978
2025.02.11 10:00:00|S|S2,2025-02-11 10:00:00,2025-02-11 10:00:00,S,post_n2,2,2903.226,2913.592,10.365999999999985,2025-02-11 16:00:00,2907.11619547158,trail/SL hit,-3.890195471579773
2025.02.11 10:00:00|S|S3,2025-02-11 10:00:00,2025-02-11 10:00:00,S,post_n2,3,2903.226,2913.592,10.365999999999985,2025-02-12 15:30:00,2894.553,M30 merged cross,8.67300000000023
2025.02.11 10:30:00|S|S1,2025-02-11 10:30:00,2025-02-11 10:30:00,S,post_n3,1,2905.396,2912.962,7.5659999999998035,2025-02-11 12:30:00,2894.0470000000005,1.5R TP,11.348999999999705
2025.02.11 10:30:00|S|S2,2025-02-11 10:30:00,2025-02-11 10:30:00,S,post_n3,2,2905.396,2912.962,7.5659999999998035,2025-02-11 15:30:00,2904.621964472486,trail/SL hit,0.7740355275141155
2025.02.11 10:30:00|S|S3,2025-02-11 10:30:00,2025-02-11 10:30:00,S,post_n3,3,2905.396,2912.962,7.5659999999998035,2025-02-12 15:30:00,2894.553,M30 merged cross,10.843000000000302
2025.03.19 09:30:00|S|S1,2025-03-19 09:30:00,2025-03-19 09:30:00,S,cross,1,3028.01,3034.951,6.9409999999998035,2025-03-19 10:00:00,3034.951,SL hit,-6.9409999999998035
2025.03.19 09:30:00|S|S2,2025-03-19 09:30:00,2025-03-19 09:30:00,S,cross,2,3028.01,3034.951,6.9409999999998035,2025-03-19 10:00:00,3034.951,trail/SL hit,-6.9409999999998035
2025.03.19 09:30:00|S|S3,2025-03-19 09:30:00,2025-03-19 09:30:00,S,cross,3,3028.01,3034.951,6.9409999999998035,2025-03-19 10:00:00,3034.951,SL hit,-6.9409999999998035
2025.04.03 06:30:00|S|S1,2025-04-03 06:30:00,2025-04-03 06:30:00,S,cross,1,3122.4,3141.429,19.028999999999996,2025-04-03 10:30:00,3093.8565,1.5R TP,28.543499999999995
2025.04.03 06:30:00|S|S2,2025-04-03 06:30:00,2025-04-03 06:30:00,S,cross,2,3122.4,3141.429,19.028999999999996,2025-04-03 14:00:00,3110.5333266319335,trail/SL hit,11.866673368066586
2025.04.03 06:30:00|S|S3,2025-04-03 06:30:00,2025-04-03 06:30:00,S,cross,3,3122.4,3141.429,19.028999999999996,2025-04-03 22:30:00,3115.387,M30 merged cross,7.01299999999992
2025.04.04 13:00:00|S|S1,2025-04-04 13:00:00,2025-04-04 13:00:00,S,cross,1,3071.176,3103.912,32.735999999999876,2025-04-04 15:30:00,3022.072,1.5R TP,49.103999999999814
2025.04.04 13:00:00|S|S2,2025-04-04 13:00:00,2025-04-04 13:00:00,S,cross,2,3071.176,3103.912,32.735999999999876,2025-04-07 01:30:00,3029.2862765991645,trail/SL hit,41.889723400835464
2025.04.04 13:00:00|S|S3,2025-04-04 13:00:00,2025-04-04 13:00:00,S,cross,3,3071.176,3103.912,32.735999999999876,2025-04-07 11:00:00,3040.126,M30 merged cross,31.049999999999727
2025.04.09 02:30:00|L|S1,2025-04-09 02:30:00,2025-04-09 02:30:00,L,cross,1,3004.655,2988.984,15.671000000000276,2025-04-09 06:00:00,3028.1615000000006,1.5R TP,23.506500000000415
2025.04.09 02:30:00|L|S2,2025-04-09 02:30:00,2025-04-09 02:30:00,L,cross,2,3004.655,2988.984,15.671000000000276,2025-04-09 11:30:00,3067.3390000000013,4.0R forced,62.684000000001106
2025.04.09 02:30:00|L|S3,2025-04-09 02:30:00,2025-04-09 02:30:00,L,cross,3,3004.655,2988.984,15.671000000000276,2025-04-14 09:00:00,3224.492,M30 merged cross,219.837
2025.04.09 03:00:00|L|S1,2025-04-09 03:00:00,2025-04-09 03:00:00,L,post_n2,1,3002.944,2992.535,10.409000000000106,2025-04-09 05:00:00,3018.5575,1.5R TP,15.613500000000158
2025.04.09 03:00:00|L|S2,2025-04-09 03:00:00,2025-04-09 03:00:00,L,post_n2,2,3002.944,2992.535,10.409000000000106,2025-04-09 07:00:00,3044.5800000000004,4.0R forced,41.63600000000042
2025.04.09 03:00:00|L|S3,2025-04-09 03:00:00,2025-04-09 03:00:00,L,post_n2,3,3002.944,2992.535,10.409000000000106,2025-04-14 09:00:00,3224.492,M30 merged cross,221.54800000000023
2025.04.09 03:30:00|L|S1,2025-04-09 03:30:00,2025-04-09 03:30:00,L,post_n3,1,3008.246,2993.744,14.501999999999953,2025-04-09 06:00:00,3029.999,1.5R TP,21.75299999999993
2025.04.09 03:30:00|L|S2,2025-04-09 03:30:00,2025-04-09 03:30:00,L,post_n3,2,3008.246,2993.744,14.501999999999953,2025-04-09 11:30:00,3066.254,4.0R forced,58.00799999999981
2025.04.09 03:30:00|L|S3,2025-04-09 03:30:00,2025-04-09 03:30:00,L,post_n3,3,3008.246,2993.744,14.501999999999953,2025-04-14 09:00:00,3224.492,M30 merged cross,216.2460000000001
2025.04.09 04:00:00|L|S1,2025-04-09 04:00:00,2025-04-09 04:00:00,L,post_n4,1,3004.464,2994.569,9.894999999999982,2025-04-09 05:00:00,3019.3064999999997,1.5R TP,14.842499999999973
2025.04.09 04:00:00|L|S2,2025-04-09 04:00:00,2025-04-09 04:00:00,L,post_n4,2,3004.464,2994.569,9.894999999999982,2025-04-09 07:00:00,3044.044,4.0R forced,39.57999999999993
2025.04.09 04:00:00|L|S3,2025-04-09 04:00:00,2025-04-09 04:00:00,L,post_n4,3,3004.464,2994.569,9.894999999999982,2025-04-14 09:00:00,3224.492,M30 merged cross,220.02800000000025
2025.04.22 13:00:00|S|S1,2025-04-22 13:00:00,2025-04-22 13:00:00,S,cross,1,3431.54,3458.183,26.64300000000003,2025-04-22 16:00:00,3391.5755,1.5R TP,39.964500000000044
2025.04.22 13:00:00|S|S2,2025-04-22 13:00:00,2025-04-22 13:00:00,S,cross,2,3431.54,3458.183,26.64300000000003,2025-04-22 22:00:00,3324.968,4.0R forced,106.57200000000012
2025.04.22 13:00:00|S|S3,2025-04-22 13:00:00,2025-04-22 13:00:00,S,cross,3,3431.54,3458.183,26.64300000000003,2025-04-24 00:00:00,3334.653,M30 merged cross,96.88700000000017
2025.04.22 13:30:00|S|S1,2025-04-22 13:30:00,2025-04-22 13:30:00,S,post_n2,1,3443.658,3453.478,9.820000000000164,2025-04-22 13:30:00,3428.928,1.5R TP,14.730000000000246
2025.04.22 13:30:00|S|S2,2025-04-22 13:30:00,2025-04-22 13:30:00,S,post_n2,2,3443.658,3453.478,9.820000000000164,2025-04-22 16:00:00,3404.3779999999992,4.0R forced,39.280000000000655
2025.04.22 13:30:00|S|S3,2025-04-22 13:30:00,2025-04-22 13:30:00,S,post_n2,3,3443.658,3453.478,9.820000000000164,2025-04-24 00:00:00,3334.653,M30 merged cross,109.00500000000011
2025.04.22 14:00:00|S|S1,2025-04-22 14:00:00,2025-04-22 14:00:00,S,post_n3,1,3418.729,3450.804,32.07500000000027,2025-04-22 19:30:00,3370.616499999999,1.5R TP,48.11250000000041
2025.04.22 14:00:00|S|S2,2025-04-22 14:00:00,2025-04-22 14:00:00,S,post_n3,2,3418.729,3450.804,32.07500000000027,2025-04-23 01:30:00,3383.8588175273867,trail/SL hit,34.87018247261312
2025.04.22 14:00:00|S|S3,2025-04-22 14:00:00,2025-04-22 14:00:00,S,post_n3,3,3418.729,3450.804,32.07500000000027,2025-04-24 00:00:00,3334.653,M30 merged cross,84.07600000000002
2025.04.22 14:30:00|S|S1,2025-04-22 14:30:00,2025-04-22 14:30:00,S,post_n4,1,3432.128,3449.371,17.242999999999938,2025-04-22 16:00:00,3406.2635,1.5R TP,25.864499999999907
2025.04.22 14:30:00|S|S2,2025-04-22 14:30:00,2025-04-22 14:30:00,S,post_n4,2,3432.128,3449.371,17.242999999999938,2025-04-22 22:00:00,3363.1560000000004,4.0R forced,68.97199999999975
2025.04.22 14:30:00|S|S3,2025-04-22 14:30:00,2025-04-22 14:30:00,S,post_n4,3,3432.128,3449.371,17.242999999999938,2025-04-24 00:00:00,3334.653,M30 merged cross,97.47500000000036
2025.04.25 04:00:00|S|S1,2025-04-25 04:00:00,2025-04-25 04:00:00,S,pre_cross,1,3323.681,3344.995,21.31399999999985,2025-04-25 05:30:00,3291.71,1.5R TP,31.970999999999776
2025.04.25 04:00:00|S|S2,2025-04-25 04:00:00,2025-04-25 04:00:00,S,pre_cross,2,3323.681,3344.995,21.31399999999985,2025-04-25 18:00:00,3295.770190158184,trail/SL hit,27.91080984181599
2025.04.25 04:00:00|S|S3,2025-04-25 04:00:00,2025-04-25 04:00:00,S,pre_cross,3,3323.681,3344.995,21.31399999999985,2025-04-25 20:30:00,3318.798,M30 merged cross,4.883000000000266
2025.04.25 04:30:00|S|S1,2025-04-25 04:30:00,2025-04-25 04:30:00,S,cross,1,3323.881,3344.995,21.114000000000033,2025-04-25 05:30:00,3292.21,1.5R TP,31.67100000000005
2025.04.25 04:30:00|S|S2,2025-04-25 04:30:00,2025-04-25 04:30:00,S,cross,2,3323.881,3344.995,21.114000000000033,2025-04-25 18:00:00,3295.770190158184,trail/SL hit,28.110809841815808
2025.04.25 04:30:00|S|S3,2025-04-25 04:30:00,2025-04-25 04:30:00,S,cross,3,3323.881,3344.995,21.114000000000033,2025-04-25 20:30:00,3318.798,M30 merged cross,5.083000000000084
2025.04.25 05:00:00|S|S1,2025-04-25 05:00:00,2025-04-25 05:00:00,S,post_n2,1,3324.835,3340.544,15.708999999999833,2025-04-25 05:30:00,3301.2715000000003,1.5R TP,23.56349999999975
2025.04.25 05:00:00|S|S2,2025-04-25 05:00:00,2025-04-25 05:00:00,S,post_n2,2,3324.835,3340.544,15.708999999999833,2025-04-25 18:00:00,3295.770190158184,trail/SL hit,29.064809841815986
2025.04.25 05:00:00|S|S3,2025-04-25 05:00:00,2025-04-25 05:00:00,S,post_n2,3,3324.835,3340.544,15.708999999999833,2025-04-25 20:30:00,3318.798,M30 merged cross,6.037000000000262
2025.04.25 05:30:00|S|S1,2025-04-25 05:30:00,2025-04-25 05:30:00,S,post_n3,1,3319.127,3338.898,19.771000000000186,2025-04-25 05:30:00,3289.4704999999994,1.5R TP,29.65650000000028
2025.04.25 05:30:00|S|S2,2025-04-25 05:30:00,2025-04-25 05:30:00,S,post_n3,2,3319.127,3338.898,19.771000000000186,2025-04-25 18:00:00,3295.770190158184,trail/SL hit,23.356809841815902
2025.04.25 05:30:00|S|S3,2025-04-25 05:30:00,2025-04-25 05:30:00,S,post_n3,3,3319.127,3338.898,19.771000000000186,2025-04-25 20:30:00,3318.798,M30 merged cross,0.32900000000017826
2025.04.29 04:00:00|S|S1,2025-04-29 04:00:00,2025-04-29 04:00:00,S,post_n2,1,3316.057,3326.099,10.042000000000371,2025-04-29 12:00:00,3300.9939999999992,1.5R TP,15.063000000000557
2025.04.29 04:00:00|S|S2,2025-04-29 04:00:00,2025-04-29 04:00:00,S,post_n2,2,3316.057,3326.099,10.042000000000371,2025-04-29 13:00:00,3316.6008637958557,trail/SL hit,-0.5438637958559411
2025.04.29 04:00:00|S|S3,2025-04-29 04:00:00,2025-04-29 04:00:00,S,post_n2,3,3316.057,3326.099,10.042000000000371,2025-04-29 16:30:00,3326.099,SL hit,-10.042000000000371
2025.04.29 04:30:00|S|S1,2025-04-29 04:30:00,2025-04-29 04:30:00,S,post_n3,1,3316.049,3325.327,9.278000000000247,2025-04-29 12:00:00,3302.1319999999996,1.5R TP,13.917000000000371
2025.04.29 04:30:00|S|S2,2025-04-29 04:30:00,2025-04-29 04:30:00,S,post_n3,2,3316.049,3325.327,9.278000000000247,2025-04-29 13:00:00,3316.6008637958557,trail/SL hit,-0.551863795855752
2025.04.29 04:30:00|S|S3,2025-04-29 04:30:00,2025-04-29 04:30:00,S,post_n3,3,3316.049,3325.327,9.278000000000247,2025-04-29 16:30:00,3325.327,SL hit,-9.278000000000247
2025.04.29 05:00:00|S|S1,2025-04-29 05:00:00,2025-04-29 05:00:00,S,post_n4,1,3309.345,3324.1,14.75500000000011,2025-04-29 08:00:00,3324.1,SL hit,-14.75500000000011
2025.04.29 05:00:00|S|S2,2025-04-29 05:00:00,2025-04-29 05:00:00,S,post_n4,2,3309.345,3324.1,14.75500000000011,2025-04-29 08:00:00,3324.1,trail/SL hit,-14.75500000000011
2025.04.29 05:00:00|S|S3,2025-04-29 05:00:00,2025-04-29 05:00:00,S,post_n4,3,3309.345,3324.1,14.75500000000011,2025-04-29 08:00:00,3324.1,SL hit,-14.75500000000011
2025.05.07 02:00:00|S|S1,2025-05-07 02:00:00,2025-05-07 02:00:00,S,post_n2,1,3374.739,3391.456,16.7170000000001,2025-05-07 02:00:00,3391.456,SL hit,-16.7170000000001
2025.05.07 02:00:00|S|S2,2025-05-07 02:00:00,2025-05-07 02:00:00,S,post_n2,2,3374.739,3391.456,16.7170000000001,2025-05-07 02:00:00,3391.456,trail/SL hit,-16.7170000000001
2025.05.07 02:00:00|S|S3,2025-05-07 02:00:00,2025-05-07 02:00:00,S,post_n2,3,3374.739,3391.456,16.7170000000001,2025-05-07 02:00:00,3391.456,SL hit,-16.7170000000001
2025.05.07 02:30:00|S|S1,2025-05-07 02:30:00,2025-05-07 02:30:00,S,post_n3,1,3385.789,3391.018,5.2289999999998145,2025-05-07 02:30:00,3391.018,SL hit,-5.2289999999998145
2025.05.07 02:30:00|S|S2,2025-05-07 02:30:00,2025-05-07 02:30:00,S,post_n3,2,3385.789,3391.018,5.2289999999998145,2025-05-07 02:30:00,3391.018,trail/SL hit,-5.2289999999998145
2025.05.07 02:30:00|S|S3,2025-05-07 02:30:00,2025-05-07 02:30:00,S,post_n3,3,3385.789,3391.018,5.2289999999998145,2025-05-07 02:30:00,3391.018,SL hit,-5.2289999999998145
2025.05.08 05:00:00|S|S1,2025-05-08 05:00:00,2025-05-08 05:00:00,S,pre_cross,1,3382.174,3387.712,5.538000000000011,2025-05-08 05:00:00,3373.867,1.5R TP,8.307000000000016
2025.05.08 05:00:00|S|S2,2025-05-08 05:00:00,2025-05-08 05:00:00,S,pre_cross,2,3382.174,3387.712,5.538000000000011,2025-05-08 05:30:00,3360.022,4.0R forced,22.152000000000044
2025.05.08 05:00:00|S|S3,2025-05-08 05:00:00,2025-05-08 05:00:00,S,pre_cross,3,3382.174,3387.712,5.538000000000011,2025-05-09 06:30:00,3325.496,M30 merged cross,56.677999999999884
2025.05.08 06:00:00|S|S1,2025-05-08 06:00:00,2025-05-08 06:00:00,S,cross,1,3355.442,3387.712,32.26999999999998,2025-05-08 16:00:00,3307.0370000000003,1.5R TP,48.40499999999997
2025.05.08 06:00:00|S|S2,2025-05-08 06:00:00,2025-05-08 06:00:00,S,cross,2,3355.442,3387.712,32.26999999999998,2025-05-09 04:00:00,3314.680582841834,trail/SL hit,40.76141715816584
2025.05.08 06:00:00|S|S3,2025-05-08 06:00:00,2025-05-08 06:00:00,S,cross,3,3355.442,3387.712,32.26999999999998,2025-05-09 06:30:00,3325.496,M30 merged cross,29.945999999999913
2025.05.13 05:00:00|L|S1,2025-05-13 05:00:00,2025-05-13 05:00:00,L,cross,1,3252.551,3234.481,18.06999999999971,2025-05-13 13:30:00,3234.481,SL hit,-18.06999999999971
2025.05.13 05:00:00|L|S2,2025-05-13 05:00:00,2025-05-13 05:00:00,L,cross,2,3252.551,3234.481,18.06999999999971,2025-05-13 13:30:00,3234.481,trail/SL hit,-18.06999999999971
2025.05.13 05:00:00|L|S3,2025-05-13 05:00:00,2025-05-13 05:00:00,L,cross,3,3252.551,3234.481,18.06999999999971,2025-05-13 13:30:00,3234.481,SL hit,-18.06999999999971
2025.05.13 05:30:00|L|S1,2025-05-13 05:30:00,2025-05-13 05:30:00,L,post_n2,1,3257.807,3237.96,19.846999999999753,2025-05-13 12:00:00,3237.96,SL hit,-19.846999999999753
2025.05.13 05:30:00|L|S2,2025-05-13 05:30:00,2025-05-13 05:30:00,L,post_n2,2,3257.807,3237.96,19.846999999999753,2025-05-13 12:00:00,3237.96,trail/SL hit,-19.846999999999753
2025.05.13 05:30:00|L|S3,2025-05-13 05:30:00,2025-05-13 05:30:00,L,post_n2,3,3257.807,3237.96,19.846999999999753,2025-05-13 12:00:00,3237.96,SL hit,-19.846999999999753
2025.05.15 11:30:00|L|S1,2025-05-15 11:30:00,2025-05-15 11:30:00,L,cross,1,3175.961,3161.032,14.928999999999633,2025-05-15 13:00:00,3198.3544999999995,1.5R TP,22.39349999999945
2025.05.15 11:30:00|L|S2,2025-05-15 11:30:00,2025-05-15 11:30:00,L,cross,2,3175.961,3161.032,14.928999999999633,2025-05-15 20:00:00,3235.6769999999983,4.0R forced,59.71599999999853
2025.05.15 11:30:00|L|S3,2025-05-15 11:30:00,2025-05-15 11:30:00,L,cross,3,3175.961,3161.032,14.928999999999633,2025-05-16 05:30:00,3218.54,M30 merged cross,42.57900000000018
2025.05.15 12:00:00|L|S1,2025-05-15 12:00:00,2025-05-15 12:00:00,L,post_n2,1,3179.141,3166.103,13.038000000000011,2025-05-15 13:00:00,3198.6980000000003,1.5R TP,19.557000000000016
2025.05.15 12:00:00|L|S2,2025-05-15 12:00:00,2025-05-15 12:00:00,L,post_n2,2,3179.141,3166.103,13.038000000000011,2025-05-15 19:30:00,3231.293,4.0R forced,52.152000000000044
2025.05.15 12:00:00|L|S3,2025-05-15 12:00:00,2025-05-15 12:00:00,L,post_n2,3,3179.141,3166.103,13.038000000000011,2025-05-16 05:30:00,3218.54,M30 merged cross,39.39899999999989
2025.05.15 12:30:00|L|S1,2025-05-15 12:30:00,2025-05-15 12:30:00,L,post_n3,1,3182.596,3167.374,15.222000000000207,2025-05-15 14:00:00,3205.429,1.5R TP,22.83300000000031
2025.05.15 12:30:00|L|S2,2025-05-15 12:30:00,2025-05-15 12:30:00,L,post_n3,2,3182.596,3167.374,15.222000000000207,2025-05-15 22:00:00,3243.484000000001,4.0R forced,60.88800000000083
2025.05.15 12:30:00|L|S3,2025-05-15 12:30:00,2025-05-15 12:30:00,L,post_n3,3,3182.596,3167.374,15.222000000000207,2025-05-16 05:30:00,3218.54,M30 merged cross,35.94399999999996
2025.05.15 13:00:00|L|S1,2025-05-15 13:00:00,2025-05-15 13:00:00,L,post_n4,1,3188.83,3169.023,19.80699999999979,2025-05-15 15:30:00,3218.5404999999996,1.5R TP,29.710499999999683
2025.05.15 13:00:00|L|S2,2025-05-15 13:00:00,2025-05-15 13:00:00,L,post_n4,2,3188.83,3169.023,19.80699999999979,2025-05-16 01:30:00,3221.4562196317734,trail/SL hit,32.62621963177344
2025.05.15 13:00:00|L|S3,2025-05-15 13:00:00,2025-05-15 13:00:00,L,post_n4,3,3188.83,3169.023,19.80699999999979,2025-05-16 05:30:00,3218.54,M30 merged cross,29.710000000000036
2025.05.22 09:00:00|S|S1,2025-05-22 09:00:00,2025-05-22 09:00:00,S,cross,1,3311.2,3327.614,16.414000000000215,2025-05-22 11:00:00,3286.5789999999997,1.5R TP,24.621000000000322
2025.05.22 09:00:00|S|S2,2025-05-22 09:00:00,2025-05-22 09:00:00,S,cross,2,3311.2,3327.614,16.414000000000215,2025-05-23 04:00:00,3309.2251243417004,trail/SL hit,1.9748756582994247
2025.05.22 09:00:00|S|S3,2025-05-22 09:00:00,2025-05-22 09:00:00,S,cross,3,3311.2,3327.614,16.414000000000215,2025-05-23 04:00:00,3311.9,M30 merged cross,-0.7000000000002728
2025.05.22 09:30:00|S|S1,2025-05-22 09:30:00,2025-05-22 09:30:00,S,post_n2,1,3306.579,3324.258,17.678999999999633,2025-05-22 14:00:00,3280.0605000000005,1.5R TP,26.51849999999945
2025.05.22 09:30:00|S|S2,2025-05-22 09:30:00,2025-05-22 09:30:00,S,post_n2,2,3306.579,3324.258,17.678999999999633,2025-05-23 04:00:00,3311.5953334288015,trail/SL hit,-5.0163334288013175
2025.05.22 09:30:00|S|S3,2025-05-22 09:30:00,2025-05-22 09:30:00,S,post_n2,3,3306.579,3324.258,17.678999999999633,2025-05-23 04:00:00,3311.9,M30 merged cross,-5.320999999999913
2025.05.22 10:00:00|S|S1,2025-05-22 10:00:00,2025-05-22 10:00:00,S,post_n3,1,3304.764,3322.761,17.996999999999844,2025-05-23 05:30:00,3322.761,SL hit,-17.996999999999844
2025.05.22 10:00:00|S|S2,2025-05-22 10:00:00,2025-05-22 10:00:00,S,post_n3,2,3304.764,3322.761,17.996999999999844,2025-05-23 04:00:00,3311.9,M30 merged cross,-7.135999999999967
2025.05.22 10:00:00|S|S3,2025-05-22 10:00:00,2025-05-22 10:00:00,S,post_n3,3,3304.764,3322.761,17.996999999999844,2025-05-23 04:00:00,3311.9,M30 merged cross,-7.135999999999967
2025.05.22 10:30:00|S|S1,2025-05-22 10:30:00,2025-05-22 10:30:00,S,post_n4,1,3299.257,3320.961,21.703999999999724,2025-05-23 05:00:00,3320.961,SL hit,-21.703999999999724
2025.05.22 10:30:00|S|S2,2025-05-22 10:30:00,2025-05-22 10:30:00,S,post_n4,2,3299.257,3320.961,21.703999999999724,2025-05-23 04:00:00,3311.9,M30 merged cross,-12.643000000000029
2025.05.22 10:30:00|S|S3,2025-05-22 10:30:00,2025-05-22 10:30:00,S,post_n4,3,3299.257,3320.961,21.703999999999724,2025-05-23 04:00:00,3311.9,M30 merged cross,-12.643000000000029
2025.06.05 15:30:00|S|S1,2025-06-05 15:30:00,2025-06-05 15:30:00,S,cross,1,3361.965,3381.014,19.048999999999978,2025-06-06 14:00:00,3333.3915,1.5R TP,28.573499999999967
2025.06.05 15:30:00|S|S2,2025-06-05 15:30:00,2025-06-05 15:30:00,S,cross,2,3361.965,3381.014,19.048999999999978,2025-06-06 03:30:00,3369.747,M30 merged cross,-7.781999999999698
2025.06.05 15:30:00|S|S3,2025-06-05 15:30:00,2025-06-05 15:30:00,S,cross,3,3361.965,3381.014,19.048999999999978,2025-06-06 03:30:00,3369.747,M30 merged cross,-7.781999999999698
2025.06.05 16:00:00|S|S1,2025-06-05 16:00:00,2025-06-05 16:00:00,S,post_n2,1,3344.7,3375.395,30.695000000000164,2025-06-06 05:00:00,3375.395,SL hit,-30.695000000000164
2025.06.05 16:00:00|S|S2,2025-06-05 16:00:00,2025-06-05 16:00:00,S,post_n2,2,3344.7,3375.395,30.695000000000164,2025-06-06 03:30:00,3369.747,M30 merged cross,-25.047000000000025
2025.06.05 16:00:00|S|S3,2025-06-05 16:00:00,2025-06-05 16:00:00,S,post_n2,3,3344.7,3375.395,30.695000000000164,2025-06-06 03:30:00,3369.747,M30 merged cross,-25.047000000000025
2025.06.05 16:30:00|S|S1,2025-06-05 16:30:00,2025-06-05 16:30:00,S,post_n3,1,3347.973,3373.283,25.309999999999945,2025-06-06 04:00:00,3373.283,SL hit,-25.309999999999945
2025.06.05 16:30:00|S|S2,2025-06-05 16:30:00,2025-06-05 16:30:00,S,post_n3,2,3347.973,3373.283,25.309999999999945,2025-06-06 03:30:00,3369.747,M30 merged cross,-21.773999999999887
2025.06.05 16:30:00|S|S3,2025-06-05 16:30:00,2025-06-05 16:30:00,S,post_n3,3,3347.973,3373.283,25.309999999999945,2025-06-06 03:30:00,3369.747,M30 merged cross,-21.773999999999887
2025.06.05 17:00:00|S|S1,2025-06-05 17:00:00,2025-06-05 17:00:00,S,post_n4,1,3354.123,3371.812,17.68899999999985,2025-06-06 04:00:00,3371.812,SL hit,-17.68899999999985
2025.06.05 17:00:00|S|S2,2025-06-05 17:00:00,2025-06-05 17:00:00,S,post_n4,2,3354.123,3371.812,17.68899999999985,2025-06-06 03:30:00,3369.747,M30 merged cross,-15.623999999999796
2025.06.05 17:00:00|S|S3,2025-06-05 17:00:00,2025-06-05 17:00:00,S,post_n4,3,3354.123,3371.812,17.68899999999985,2025-06-06 03:30:00,3369.747,M30 merged cross,-15.623999999999796
2025.06.16 06:00:00|S|S1,2025-06-16 06:00:00,2025-06-16 06:00:00,S,post_n3,1,3421.649,3433.347,11.69800000000032,2025-06-16 13:30:00,3404.1019999999994,1.5R TP,17.54700000000048
2025.06.16 06:00:00|S|S2,2025-06-16 06:00:00,2025-06-16 06:00:00,S,post_n3,2,3421.649,3433.347,11.69800000000032,2025-06-16 23:30:00,3398.7849570920876,trail/SL hit,22.864042907912335
2025.06.16 06:00:00|S|S3,2025-06-16 06:00:00,2025-06-16 06:00:00,S,post_n3,3,3421.649,3433.347,11.69800000000032,2025-06-17 22:00:00,3392.485,M30 merged cross,29.16399999999976
2025.06.16 06:30:00|S|S1,2025-06-16 06:30:00,2025-06-16 06:30:00,S,post_n4,1,3416.016,3432.017,16.00099999999975,2025-06-16 13:30:00,3392.0145,1.5R TP,24.001499999999623
2025.06.16 06:30:00|S|S2,2025-06-16 06:30:00,2025-06-16 06:30:00,S,post_n4,2,3416.016,3432.017,16.00099999999975,2025-06-16 23:30:00,3398.7993701830947,trail/SL hit,17.216629816905424
2025.06.16 06:30:00|S|S3,2025-06-16 06:30:00,2025-06-16 06:30:00,S,post_n4,3,3416.016,3432.017,16.00099999999975,2025-06-17 22:00:00,3392.485,M30 merged cross,23.53099999999995
2025.06.30 05:00:00|L|S1,2025-06-30 05:00:00,2025-06-30 05:00:00,L,post_n3,1,3285.573,3276.15,9.422999999999774,2025-06-30 11:00:00,3276.15,SL hit,-9.422999999999774
2025.06.30 05:00:00|L|S2,2025-06-30 05:00:00,2025-06-30 05:00:00,L,post_n3,2,3285.573,3276.15,9.422999999999774,2025-06-30 11:00:00,3276.15,trail/SL hit,-9.422999999999774
2025.06.30 05:00:00|L|S3,2025-06-30 05:00:00,2025-06-30 05:00:00,L,post_n3,3,3285.573,3276.15,9.422999999999774,2025-06-30 11:00:00,3276.15,SL hit,-9.422999999999774
2025.06.30 05:30:00|L|S1,2025-06-30 05:30:00,2025-06-30 05:30:00,L,post_n4,1,3288.075,3277.066,11.009000000000015,2025-06-30 11:00:00,3277.066,SL hit,-11.009000000000015
2025.06.30 05:30:00|L|S2,2025-06-30 05:30:00,2025-06-30 05:30:00,L,post_n4,2,3288.075,3277.066,11.009000000000015,2025-06-30 11:00:00,3277.066,trail/SL hit,-11.009000000000015
2025.06.30 05:30:00|L|S3,2025-06-30 05:30:00,2025-06-30 05:30:00,L,post_n4,3,3288.075,3277.066,11.009000000000015,2025-06-30 11:00:00,3277.066,SL hit,-11.009000000000015
2025.09.02 10:00:00|S|S1,2025-09-02 10:00:00,2025-09-02 10:00:00,S,post_n3,1,3476.775,3483.103,6.3279999999999745,2025-09-02 10:00:00,3483.103,SL hit,-6.3279999999999745
2025.09.02 10:00:00|S|S2,2025-09-02 10:00:00,2025-09-02 10:00:00,S,post_n3,2,3476.775,3483.103,6.3279999999999745,2025-09-02 10:00:00,3483.103,trail/SL hit,-6.3279999999999745
2025.09.02 10:00:00|S|S3,2025-09-02 10:00:00,2025-09-02 10:00:00,S,post_n3,3,3476.775,3483.103,6.3279999999999745,2025-09-02 10:00:00,3483.103,SL hit,-6.3279999999999745
2025.09.04 02:00:00|S|S1,2025-09-04 02:00:00,2025-09-04 02:00:00,S,cross,1,3546.157,3558.971,12.81399999999985,2025-09-04 02:30:00,3526.9360000000006,1.5R TP,19.220999999999776
2025.09.04 02:00:00|S|S2,2025-09-04 02:00:00,2025-09-04 02:00:00,S,cross,2,3546.157,3558.971,12.81399999999985,2025-09-04 08:00:00,3544.7029647213067,trail/SL hit,1.4540352786934818
2025.09.04 02:00:00|S|S3,2025-09-04 02:00:00,2025-09-04 02:00:00,S,cross,3,3546.157,3558.971,12.81399999999985,2025-09-04 12:30:00,3548.321,M30 merged cross,-2.16399999999976
2025.09.04 02:30:00|S|S1,2025-09-04 02:30:00,2025-09-04 02:30:00,S,post_n2,1,3545.184,3556.563,11.378999999999905,2025-09-04 02:30:00,3528.1155000000003,1.5R TP,17.068499999999858
2025.09.04 02:30:00|S|S2,2025-09-04 02:30:00,2025-09-04 02:30:00,S,post_n2,2,3545.184,3556.563,11.378999999999905,2025-09-04 08:00:00,3544.7029647213067,trail/SL hit,0.48103527869352547
2025.09.04 02:30:00|S|S3,2025-09-04 02:30:00,2025-09-04 02:30:00,S,post_n2,3,3545.184,3556.563,11.378999999999905,2025-09-04 12:30:00,3548.321,M30 merged cross,-3.1369999999997162
2025.09.04 03:00:00|S|S1,2025-09-04 03:00:00,2025-09-04 03:00:00,S,post_n3,1,3530.831,3554.588,23.757000000000062,2025-09-04 13:30:00,3554.588,SL hit,-23.757000000000062
2025.09.04 03:00:00|S|S2,2025-09-04 03:00:00,2025-09-04 03:00:00,S,post_n3,2,3530.831,3554.588,23.757000000000062,2025-09-04 12:30:00,3548.321,M30 merged cross,-17.48999999999978
2025.09.04 03:00:00|S|S3,2025-09-04 03:00:00,2025-09-04 03:00:00,S,post_n3,3,3530.831,3554.588,23.757000000000062,2025-09-04 12:30:00,3548.321,M30 merged cross,-17.48999999999978
2025.09.04 03:30:00|S|S1,2025-09-04 03:30:00,2025-09-04 03:30:00,S,post_n4,1,3529.822,3552.681,22.858999999999924,2025-09-04 12:00:00,3552.681,SL hit,-22.858999999999924
2025.09.04 03:30:00|S|S2,2025-09-04 03:30:00,2025-09-04 03:30:00,S,post_n4,2,3529.822,3552.681,22.858999999999924,2025-09-04 12:00:00,3552.681,trail/SL hit,-22.858999999999924
2025.09.04 03:30:00|S|S3,2025-09-04 03:30:00,2025-09-04 03:30:00,S,post_n4,3,3529.822,3552.681,22.858999999999924,2025-09-04 12:00:00,3552.681,SL hit,-22.858999999999924
2025.09.17 19:00:00|S|S1,2025-09-17 19:00:00,2025-09-17 19:00:00,S,cross,1,3650.344,3679.825,29.480999999999767,2025-09-19 18:00:00,3679.825,SL hit,-29.480999999999767
2025.09.17 19:00:00|S|S2,2025-09-17 19:00:00,2025-09-17 19:00:00,S,cross,2,3650.344,3679.825,29.480999999999767,2025-09-18 09:30:00,3671.665,M30 merged cross,-21.320999999999913
2025.09.17 19:00:00|S|S3,2025-09-17 19:00:00,2025-09-17 19:00:00,S,cross,3,3650.344,3679.825,29.480999999999767,2025-09-18 09:30:00,3671.665,M30 merged cross,-21.320999999999913
2025.09.23 19:00:00|S|S1,2025-09-23 19:00:00,2025-09-23 19:00:00,S,pre_cross,1,3756.735,3773.259,16.523999999999887,2025-09-24 05:00:00,3773.259,SL hit,-16.523999999999887
2025.09.23 19:00:00|S|S2,2025-09-23 19:00:00,2025-09-23 19:00:00,S,pre_cross,2,3756.735,3773.259,16.523999999999887,2025-09-24 05:00:00,3773.259,trail/SL hit,-16.523999999999887
2025.09.23 19:00:00|S|S3,2025-09-23 19:00:00,2025-09-23 19:00:00,S,pre_cross,3,3756.735,3773.259,16.523999999999887,2025-09-24 05:00:00,3773.259,SL hit,-16.523999999999887
2025.09.30 09:00:00|S|S1,2025-09-30 09:00:00,2025-09-30 09:00:00,S,cross,1,3816.366,3847.665,31.298999999999978,2025-09-30 14:00:00,3847.665,SL hit,-31.298999999999978
2025.09.30 09:00:00|S|S2,2025-09-30 09:00:00,2025-09-30 09:00:00,S,cross,2,3816.366,3847.665,31.298999999999978,2025-09-30 14:00:00,3847.665,trail/SL hit,-31.298999999999978
2025.09.30 09:00:00|S|S3,2025-09-30 09:00:00,2025-09-30 09:00:00,S,cross,3,3816.366,3847.665,31.298999999999978,2025-09-30 14:00:00,3847.665,SL hit,-31.298999999999978
2025.09.30 10:30:00|S|S1,2025-09-30 10:30:00,2025-09-30 10:30:00,S,post_n4,1,3804.197,3834.396,30.19900000000007,2025-09-30 14:00:00,3834.396,SL hit,-30.19900000000007
2025.09.30 10:30:00|S|S2,2025-09-30 10:30:00,2025-09-30 10:30:00,S,post_n4,2,3804.197,3834.396,30.19900000000007,2025-09-30 14:00:00,3834.396,trail/SL hit,-30.19900000000007
2025.09.30 10:30:00|S|S3,2025-09-30 10:30:00,2025-09-30 10:30:00,S,post_n4,3,3804.197,3834.396,30.19900000000007,2025-09-30 14:00:00,3834.396,SL hit,-30.19900000000007
2025.10.02 15:30:00|S|S1,2025-10-02 15:30:00,2025-10-02 15:30:00,S,post_n2,1,3835.833,3869.406,33.572999999999865,2025-10-03 12:30:00,3869.406,SL hit,-33.572999999999865
2025.10.02 15:30:00|S|S2,2025-10-02 15:30:00,2025-10-02 15:30:00,S,post_n2,2,3835.833,3869.406,33.572999999999865,2025-10-03 07:00:00,3862.81,M30 merged cross,-26.97699999999986
2025.10.02 15:30:00|S|S3,2025-10-02 15:30:00,2025-10-02 15:30:00,S,post_n2,3,3835.833,3869.406,33.572999999999865,2025-10-03 07:00:00,3862.81,M30 merged cross,-26.97699999999986
2025.10.02 16:30:00|S|S1,2025-10-02 16:30:00,2025-10-02 16:30:00,S,post_n4,1,3838.037,3864.076,26.039000000000215,2025-10-03 07:30:00,3864.076,SL hit,-26.039000000000215
2025.10.02 16:30:00|S|S2,2025-10-02 16:30:00,2025-10-02 16:30:00,S,post_n4,2,3838.037,3864.076,26.039000000000215,2025-10-03 07:00:00,3862.81,M30 merged cross,-24.77300000000014
2025.10.02 16:30:00|S|S3,2025-10-02 16:30:00,2025-10-02 16:30:00,S,post_n4,3,3838.037,3864.076,26.039000000000215,2025-10-03 07:00:00,3862.81,M30 merged cross,-24.77300000000014
2025.10.07 08:00:00|S|S1,2025-10-07 08:00:00,2025-10-07 08:00:00,S,cross,1,3945.99,3962.261,16.271000000000186,2025-10-07 09:00:00,3962.261,SL hit,-16.271000000000186
2025.10.07 08:00:00|S|S2,2025-10-07 08:00:00,2025-10-07 08:00:00,S,cross,2,3945.99,3962.261,16.271000000000186,2025-10-07 09:00:00,3962.261,trail/SL hit,-16.271000000000186
2025.10.07 08:00:00|S|S3,2025-10-07 08:00:00,2025-10-07 08:00:00,S,cross,3,3945.99,3962.261,16.271000000000186,2025-10-07 09:00:00,3962.261,SL hit,-16.271000000000186
2025.10.07 08:30:00|S|S1,2025-10-07 08:30:00,2025-10-07 08:30:00,S,post_n2,1,3950.612,3959.066,8.453999999999724,2025-10-07 09:00:00,3959.066,SL hit,-8.453999999999724
2025.10.07 08:30:00|S|S2,2025-10-07 08:30:00,2025-10-07 08:30:00,S,post_n2,2,3950.612,3959.066,8.453999999999724,2025-10-07 09:00:00,3959.066,trail/SL hit,-8.453999999999724
2025.10.07 08:30:00|S|S3,2025-10-07 08:30:00,2025-10-07 08:30:00,S,post_n2,3,3950.612,3959.066,8.453999999999724,2025-10-07 09:00:00,3959.066,SL hit,-8.453999999999724
2025.10.08 23:00:00|S|S1,2025-10-08 23:00:00,2025-10-08 23:00:00,S,cross,1,4021.435,4040.884,19.44900000000007,2025-10-09 04:30:00,4040.884,SL hit,-19.44900000000007
2025.10.08 23:00:00|S|S2,2025-10-08 23:00:00,2025-10-08 23:00:00,S,cross,2,4021.435,4040.884,19.44900000000007,2025-10-09 04:30:00,4040.884,trail/SL hit,-19.44900000000007
2025.10.08 23:00:00|S|S3,2025-10-08 23:00:00,2025-10-08 23:00:00,S,cross,3,4021.435,4040.884,19.44900000000007,2025-10-09 04:30:00,4040.884,SL hit,-19.44900000000007
2025.10.08 23:30:00|S|S1,2025-10-08 23:30:00,2025-10-08 23:30:00,S,post_n2,1,4013.974,4036.45,22.475999999999658,2025-10-09 04:00:00,4036.45,SL hit,-22.475999999999658
2025.10.08 23:30:00|S|S2,2025-10-08 23:30:00,2025-10-08 23:30:00,S,post_n2,2,4013.974,4036.45,22.475999999999658,2025-10-09 04:00:00,4036.45,trail/SL hit,-22.475999999999658
2025.10.08 23:30:00|S|S3,2025-10-08 23:30:00,2025-10-08 23:30:00,S,post_n2,3,4013.974,4036.45,22.475999999999658,2025-10-09 04:00:00,4036.45,SL hit,-22.475999999999658
2025.10.09 00:00:00|S|S1,2025-10-09 00:00:00,2025-10-09 00:00:00,S,post_n3,1,4011.706,4034.547,22.840999999999894,2025-10-09 01:30:00,4034.547,SL hit,-22.840999999999894
2025.10.09 00:00:00|S|S2,2025-10-09 00:00:00,2025-10-09 00:00:00,S,post_n3,2,4011.706,4034.547,22.840999999999894,2025-10-09 01:30:00,4034.547,trail/SL hit,-22.840999999999894
2025.10.09 00:00:00|S|S3,2025-10-09 00:00:00,2025-10-09 00:00:00,S,post_n3,3,4011.706,4034.547,22.840999999999894,2025-10-09 01:30:00,4034.547,SL hit,-22.840999999999894
2025.10.09 00:30:00|S|S1,2025-10-09 00:30:00,2025-10-09 00:30:00,S,post_n4,1,4027.176,4033.977,6.800999999999931,2025-10-09 01:00:00,4016.9745000000003,1.5R TP,10.201499999999896
2025.10.09 00:30:00|S|S2,2025-10-09 00:30:00,2025-10-09 00:30:00,S,post_n4,2,4027.176,4033.977,6.800999999999931,2025-10-09 01:30:00,4032.981235258832,trail/SL hit,-5.805235258831999
2025.10.09 00:30:00|S|S3,2025-10-09 00:30:00,2025-10-09 00:30:00,S,post_n4,3,4027.176,4033.977,6.800999999999931,2025-10-09 01:30:00,4033.977,SL hit,-6.800999999999931
2025.10.09 07:00:00|S|S1,2025-10-09 07:00:00,2025-10-09 07:00:00,S,cross,1,4026.1,4031.766,5.666000000000167,2025-10-09 07:00:00,4031.766,SL hit,-5.666000000000167
2025.10.09 07:00:00|S|S2,2025-10-09 07:00:00,2025-10-09 07:00:00,S,cross,2,4026.1,4031.766,5.666000000000167,2025-10-09 07:00:00,4031.766,trail/SL hit,-5.666000000000167
2025.10.09 07:00:00|S|S3,2025-10-09 07:00:00,2025-10-09 07:00:00,S,cross,3,4026.1,4031.766,5.666000000000167,2025-10-09 07:00:00,4031.766,SL hit,-5.666000000000167
2025.10.09 14:00:00|S|S1,2025-10-09 14:00:00,2025-10-09 14:00:00,S,pre_cross,1,4017.227,4038.397,21.170000000000073,2025-10-09 16:30:00,3985.4719999999998,1.5R TP,31.75500000000011
2025.10.09 14:00:00|S|S2,2025-10-09 14:00:00,2025-10-09 14:00:00,S,pre_cross,2,4017.227,4038.397,21.170000000000073,2025-10-10 00:30:00,3993.3300983232207,trail/SL hit,23.89690167677918
2025.10.09 14:00:00|S|S3,2025-10-09 14:00:00,2025-10-09 14:00:00,S,pre_cross,3,4017.227,4038.397,21.170000000000073,2025-10-10 09:00:00,3996.346,M30 merged cross,20.880999999999858
2025.10.09 14:30:00|S|S1,2025-10-09 14:30:00,2025-10-09 14:30:00,S,cross,1,4006.875,4038.397,31.521999999999935,2025-10-09 17:00:00,3959.592,1.5R TP,47.2829999999999
2025.10.09 14:30:00|S|S2,2025-10-09 14:30:00,2025-10-09 14:30:00,S,cross,2,4006.875,4038.397,31.521999999999935,2025-10-10 08:00:00,3978.4108736208,trail/SL hit,28.464126379200025
2025.10.09 14:30:00|S|S3,2025-10-09 14:30:00,2025-10-09 14:30:00,S,cross,3,4006.875,4038.397,31.521999999999935,2025-10-10 09:00:00,3996.346,M30 merged cross,10.528999999999996
2025.10.09 15:00:00|S|S1,2025-10-09 15:00:00,2025-10-09 15:00:00,S,post_n2,1,4024.155,4033.684,9.528999999999996,2025-10-09 15:30:00,4009.8615,1.5R TP,14.293499999999995
2025.10.09 15:00:00|S|S2,2025-10-09 15:00:00,2025-10-09 15:00:00,S,post_n2,2,4024.155,4033.684,9.528999999999996,2025-10-09 16:30:00,3986.039,4.0R forced,38.115999999999985
2025.10.09 15:00:00|S|S3,2025-10-09 15:00:00,2025-10-09 15:00:00,S,post_n2,3,4024.155,4033.684,9.528999999999996,2025-10-10 09:00:00,3996.346,M30 merged cross,27.809000000000196
2025.10.09 15:30:00|S|S1,2025-10-09 15:30:00,2025-10-09 15:30:00,S,post_n3,1,4016.498,4032.365,15.866999999999734,2025-10-09 16:30:00,3992.6975,1.5R TP,23.8004999999996
2025.10.09 15:30:00|S|S2,2025-10-09 15:30:00,2025-10-09 15:30:00,S,post_n3,2,4016.498,4032.365,15.866999999999734,2025-10-09 17:00:00,3953.030000000001,4.0R forced,63.46799999999894
2025.10.09 15:30:00|S|S3,2025-10-09 15:30:00,2025-10-09 15:30:00,S,post_n3,3,4016.498,4032.365,15.866999999999734,2025-10-10 09:00:00,3996.346,M30 merged cross,20.152000000000044
2025.10.09 16:00:00|S|S1,2025-10-09 16:00:00,2025-10-09 16:00:00,S,post_n4,1,4014.588,4031.003,16.414999999999964,2025-10-09 16:30:00,3989.9655000000002,1.5R TP,24.622499999999945
2025.10.09 16:00:00|S|S2,2025-10-09 16:00:00,2025-10-09 16:00:00,S,post_n4,2,4014.588,4031.003,16.414999999999964,2025-10-09 17:00:00,3948.9280000000003,4.0R forced,65.65999999999985
2025.10.09 16:00:00|S|S3,2025-10-09 16:00:00,2025-10-09 16:00:00,S,post_n4,3,4014.588,4031.003,16.414999999999964,2025-10-10 09:00:00,3996.346,M30 merged cross,18.24200000000019
2025.10.14 13:00:00|S|S1,2025-10-14 13:00:00,2025-10-14 13:00:00,S,cross,1,4106.506,4132.022,25.51599999999962,2025-10-14 14:00:00,4132.022,SL hit,-25.51599999999962
2025.10.14 13:00:00|S|S2,2025-10-14 13:00:00,2025-10-14 13:00:00,S,cross,2,4106.506,4132.022,25.51599999999962,2025-10-14 14:00:00,4132.022,trail/SL hit,-25.51599999999962
2025.10.14 13:00:00|S|S3,2025-10-14 13:00:00,2025-10-14 13:00:00,S,cross,3,4106.506,4132.022,25.51599999999962,2025-10-14 14:00:00,4132.022,SL hit,-25.51599999999962
2025.10.14 13:30:00|S|S1,2025-10-14 13:30:00,2025-10-14 13:30:00,S,post_n2,1,4110.371,4127.26,16.889000000000124,2025-10-14 13:30:00,4127.26,SL hit,-16.889000000000124
2025.10.14 13:30:00|S|S2,2025-10-14 13:30:00,2025-10-14 13:30:00,S,post_n2,2,4110.371,4127.26,16.889000000000124,2025-10-14 13:30:00,4127.26,trail/SL hit,-16.889000000000124
2025.10.14 13:30:00|S|S3,2025-10-14 13:30:00,2025-10-14 13:30:00,S,post_n2,3,4110.371,4127.26,16.889000000000124,2025-10-14 13:30:00,4127.26,SL hit,-16.889000000000124
2025.10.21 06:00:00|S|S1,2025-10-21 06:00:00,2025-10-21 06:00:00,S,cross,1,4323.285,4344.088,20.802999999999884,2025-10-21 06:30:00,4344.088,SL hit,-20.802999999999884
2025.10.21 06:00:00|S|S2,2025-10-21 06:00:00,2025-10-21 06:00:00,S,cross,2,4323.285,4344.088,20.802999999999884,2025-10-21 06:30:00,4344.088,trail/SL hit,-20.802999999999884
2025.10.21 06:00:00|S|S3,2025-10-21 06:00:00,2025-10-21 06:00:00,S,cross,3,4323.285,4344.088,20.802999999999884,2025-10-21 06:30:00,4344.088,SL hit,-20.802999999999884
2025.10.21 06:30:00|S|S1,2025-10-21 06:30:00,2025-10-21 06:30:00,S,post_n2,1,4324.018,4340.161,16.14300000000003,2025-10-21 06:30:00,4340.161,SL hit,-16.14300000000003
2025.10.21 06:30:00|S|S2,2025-10-21 06:30:00,2025-10-21 06:30:00,S,post_n2,2,4324.018,4340.161,16.14300000000003,2025-10-21 06:30:00,4340.161,trail/SL hit,-16.14300000000003
2025.10.21 06:30:00|S|S3,2025-10-21 06:30:00,2025-10-21 06:30:00,S,post_n2,3,4324.018,4340.161,16.14300000000003,2025-10-21 06:30:00,4340.161,SL hit,-16.14300000000003
2025.10.29 00:00:00|L|S1,2025-10-29 00:00:00,2025-10-29 00:00:00,L,cross,1,3964.855,3950.483,14.371999999999844,2025-10-29 02:30:00,3950.483,SL hit,-14.371999999999844
2025.10.29 00:00:00|L|S2,2025-10-29 00:00:00,2025-10-29 00:00:00,L,cross,2,3964.855,3950.483,14.371999999999844,2025-10-29 02:30:00,3950.483,trail/SL hit,-14.371999999999844
2025.10.29 00:00:00|L|S3,2025-10-29 00:00:00,2025-10-29 00:00:00,L,cross,3,3964.855,3950.483,14.371999999999844,2025-10-29 02:30:00,3950.483,SL hit,-14.371999999999844
2025.10.30 07:30:00|L|S1,2025-10-30 07:30:00,2025-10-30 07:30:00,L,cross,1,3968.389,3956.724,11.664999999999964,2025-10-30 07:30:00,3956.724,SL hit,-11.664999999999964
2025.10.30 07:30:00|L|S2,2025-10-30 07:30:00,2025-10-30 07:30:00,L,cross,2,3968.389,3956.724,11.664999999999964,2025-10-30 07:30:00,3956.724,trail/SL hit,-11.664999999999964
2025.10.30 07:30:00|L|S3,2025-10-30 07:30:00,2025-10-30 07:30:00,L,cross,3,3968.389,3956.724,11.664999999999964,2025-10-30 07:30:00,3956.724,SL hit,-11.664999999999964
2025.11.05 05:00:00|L|S1,2025-11-05 05:00:00,2025-11-05 05:00:00,L,cross,1,3970.292,3949.696,20.596000000000004,2025-11-06 07:00:00,4001.1859999999997,1.5R TP,30.894000000000005
2025.11.05 05:00:00|L|S2,2025-11-05 05:00:00,2025-11-05 05:00:00,L,cross,2,3970.292,3949.696,20.596000000000004,2025-11-06 01:00:00,3969.217,M30 merged cross,-1.074999999999818
2025.11.05 05:00:00|L|S3,2025-11-05 05:00:00,2025-11-05 05:00:00,L,cross,3,3970.292,3949.696,20.596000000000004,2025-11-06 01:00:00,3969.217,M30 merged cross,-1.074999999999818
2025.11.05 05:30:00|L|S1,2025-11-05 05:30:00,2025-11-05 05:30:00,L,post_n2,1,3975.66,3954.93,20.730000000000018,2025-11-06 07:00:00,4006.755,1.5R TP,31.095000000000027
2025.11.05 05:30:00|L|S2,2025-11-05 05:30:00,2025-11-05 05:30:00,L,post_n2,2,3975.66,3954.93,20.730000000000018,2025-11-06 01:00:00,3969.217,M30 merged cross,-6.442999999999756
2025.11.05 05:30:00|L|S3,2025-11-05 05:30:00,2025-11-05 05:30:00,L,post_n2,3,3975.66,3954.93,20.730000000000018,2025-11-06 01:00:00,3969.217,M30 merged cross,-6.442999999999756
2025.11.05 06:00:00|L|S1,2025-11-05 06:00:00,2025-11-05 06:00:00,L,post_n3,1,3964.965,3955.699,9.266000000000076,2025-11-05 08:00:00,3978.8640000000005,1.5R TP,13.899000000000115
2025.11.05 06:00:00|L|S2,2025-11-05 06:00:00,2025-11-05 06:00:00,L,post_n3,2,3964.965,3955.699,9.266000000000076,2025-11-05 10:00:00,3962.481979476399,trail/SL hit,-2.483020523601226
2025.11.05 06:00:00|L|S3,2025-11-05 06:00:00,2025-11-05 06:00:00,L,post_n3,3,3964.965,3955.699,9.266000000000076,2025-11-06 01:00:00,3969.217,M30 merged cross,4.251999999999953
2025.11.05 06:30:00|L|S1,2025-11-05 06:30:00,2025-11-05 06:30:00,L,post_n4,1,3967.477,3956.602,10.875,2025-11-05 08:00:00,3983.7895,1.5R TP,16.3125
2025.11.05 06:30:00|L|S2,2025-11-05 06:30:00,2025-11-05 06:30:00,L,post_n4,2,3967.477,3956.602,10.875,2025-11-05 10:00:00,3962.211311099432,trail/SL hit,-5.265688900567966
2025.11.05 06:30:00|L|S3,2025-11-05 06:30:00,2025-11-05 06:30:00,L,post_n4,3,3967.477,3956.602,10.875,2025-11-05 10:00:00,3956.602,SL hit,-10.875
2025.11.11 16:00:00|S|S1,2025-11-11 16:00:00,2025-11-11 16:00:00,S,post_n2,1,4106.671,4129.259,22.587999999999738,2025-11-11 20:30:00,4129.259,SL hit,-22.587999999999738
2025.11.11 16:00:00|S|S2,2025-11-11 16:00:00,2025-11-11 16:00:00,S,post_n2,2,4106.671,4129.259,22.587999999999738,2025-11-11 20:30:00,4129.259,trail/SL hit,-22.587999999999738
2025.11.11 16:00:00|S|S3,2025-11-11 16:00:00,2025-11-11 16:00:00,S,post_n2,3,4106.671,4129.259,22.587999999999738,2025-11-11 20:30:00,4129.259,SL hit,-22.587999999999738
2025.11.11 16:30:00|S|S1,2025-11-11 16:30:00,2025-11-11 16:30:00,S,post_n3,1,4109.427,4127.731,18.304000000000087,2025-11-11 20:00:00,4127.731,SL hit,-18.304000000000087
2025.11.11 16:30:00|S|S2,2025-11-11 16:30:00,2025-11-11 16:30:00,S,post_n3,2,4109.427,4127.731,18.304000000000087,2025-11-11 20:00:00,4127.731,trail/SL hit,-18.304000000000087
2025.11.11 16:30:00|S|S3,2025-11-11 16:30:00,2025-11-11 16:30:00,S,post_n3,3,4109.427,4127.731,18.304000000000087,2025-11-11 20:00:00,4127.731,SL hit,-18.304000000000087
2025.11.11 17:00:00|S|S1,2025-11-11 17:00:00,2025-11-11 17:00:00,S,post_n4,1,4113.191,4126.617,13.426000000000386,2025-11-11 20:00:00,4126.617,SL hit,-13.426000000000386
2025.11.11 17:00:00|S|S2,2025-11-11 17:00:00,2025-11-11 17:00:00,S,post_n4,2,4113.191,4126.617,13.426000000000386,2025-11-11 20:00:00,4126.617,trail/SL hit,-13.426000000000386
2025.11.11 17:00:00|S|S3,2025-11-11 17:00:00,2025-11-11 17:00:00,S,post_n4,3,4113.191,4126.617,13.426000000000386,2025-11-11 20:00:00,4126.617,SL hit,-13.426000000000386
2025.11.12 04:00:00|S|S1,2025-11-12 04:00:00,2025-11-12 04:00:00,S,cross,1,4111.934,4128.748,16.813999999999396,2025-11-12 08:00:00,4128.748,SL hit,-16.813999999999396
2025.11.12 04:00:00|S|S2,2025-11-12 04:00:00,2025-11-12 04:00:00,S,cross,2,4111.934,4128.748,16.813999999999396,2025-11-12 08:00:00,4128.748,trail/SL hit,-16.813999999999396
2025.11.12 04:00:00|S|S3,2025-11-12 04:00:00,2025-11-12 04:00:00,S,cross,3,4111.934,4128.748,16.813999999999396,2025-11-12 08:00:00,4128.748,SL hit,-16.813999999999396
2025.11.12 04:30:00|S|S1,2025-11-12 04:30:00,2025-11-12 04:30:00,S,post_n2,1,4111.54,4125.332,13.792000000000371,2025-11-12 08:00:00,4125.332,SL hit,-13.792000000000371
2025.11.12 04:30:00|S|S2,2025-11-12 04:30:00,2025-11-12 04:30:00,S,post_n2,2,4111.54,4125.332,13.792000000000371,2025-11-12 08:00:00,4125.332,trail/SL hit,-13.792000000000371
2025.11.12 04:30:00|S|S3,2025-11-12 04:30:00,2025-11-12 04:30:00,S,post_n2,3,4111.54,4125.332,13.792000000000371,2025-11-12 08:00:00,4125.332,SL hit,-13.792000000000371
2025.11.26 15:00:00|S|S1,2025-11-26 15:00:00,2025-11-26 15:00:00,S,cross,1,4142.256,4157.905,15.648999999999432,2025-11-26 15:00:00,4157.905,SL hit,-15.648999999999432
2025.11.26 15:00:00|S|S2,2025-11-26 15:00:00,2025-11-26 15:00:00,S,cross,2,4142.256,4157.905,15.648999999999432,2025-11-26 15:00:00,4157.905,trail/SL hit,-15.648999999999432
2025.11.26 15:00:00|S|S3,2025-11-26 15:00:00,2025-11-26 15:00:00,S,cross,3,4142.256,4157.905,15.648999999999432,2025-11-26 15:00:00,4157.905,SL hit,-15.648999999999432
2025.12.01 17:00:00|S|S1,2025-12-01 17:00:00,2025-12-01 17:00:00,S,cross,1,4226.259,4242.612,16.353000000000065,2025-12-01 18:30:00,4242.612,SL hit,-16.353000000000065
2025.12.01 17:00:00|S|S2,2025-12-01 17:00:00,2025-12-01 17:00:00,S,cross,2,4226.259,4242.612,16.353000000000065,2025-12-01 18:30:00,4242.612,trail/SL hit,-16.353000000000065
2025.12.01 17:00:00|S|S3,2025-12-01 17:00:00,2025-12-01 17:00:00,S,cross,3,4226.259,4242.612,16.353000000000065,2025-12-01 18:30:00,4242.612,SL hit,-16.353000000000065
2025.12.03 17:00:00|S|S1,2025-12-03 17:00:00,2025-12-03 17:00:00,S,pre_cross,1,4200.714,4213.738,13.024000000000342,2025-12-03 17:30:00,4213.738,SL hit,-13.024000000000342
2025.12.03 17:00:00|S|S2,2025-12-03 17:00:00,2025-12-03 17:00:00,S,pre_cross,2,4200.714,4213.738,13.024000000000342,2025-12-03 17:30:00,4213.738,trail/SL hit,-13.024000000000342
2025.12.03 17:00:00|S|S3,2025-12-03 17:00:00,2025-12-03 17:00:00,S,pre_cross,3,4200.714,4213.738,13.024000000000342,2025-12-03 17:30:00,4213.738,SL hit,-13.024000000000342
2025.12.03 18:30:00|S|S1,2025-12-03 18:30:00,2025-12-03 18:30:00,S,cross,1,4201.793,4213.738,11.945000000000618,2025-12-04 00:30:00,4213.738,SL hit,-11.945000000000618
2025.12.03 18:30:00|S|S2,2025-12-03 18:30:00,2025-12-03 18:30:00,S,cross,2,4201.793,4213.738,11.945000000000618,2025-12-04 00:30:00,4213.738,trail/SL hit,-11.945000000000618
2025.12.03 18:30:00|S|S3,2025-12-03 18:30:00,2025-12-03 18:30:00,S,cross,3,4201.793,4213.738,11.945000000000618,2025-12-04 00:30:00,4213.738,SL hit,-11.945000000000618
2025.12.05 18:30:00|S|S1,2025-12-05 18:30:00,2025-12-05 18:30:00,S,cross,1,4212.606,4226.897,14.291000000000167,2025-12-07 23:00:00,4191.1695,1.5R TP,21.43650000000025
2025.12.05 18:30:00|S|S2,2025-12-05 18:30:00,2025-12-05 18:30:00,S,cross,2,4212.606,4226.897,14.291000000000167,2025-12-08 03:00:00,4213.357960243148,trail/SL hit,-0.75196024314846
2025.12.05 18:30:00|S|S3,2025-12-05 18:30:00,2025-12-05 18:30:00,S,cross,3,4212.606,4226.897,14.291000000000167,2025-12-08 06:00:00,4216.54,M30 merged cross,-3.9340000000001965
2025.12.05 19:00:00|S|S1,2025-12-05 19:00:00,2025-12-05 19:00:00,S,post_n2,1,4208.869,4222.021,13.152000000000044,2025-12-08 15:00:00,4189.141,1.5R TP,19.728000000000065
2025.12.05 19:00:00|S|S2,2025-12-05 19:00:00,2025-12-05 19:00:00,S,post_n2,2,4208.869,4222.021,13.152000000000044,2025-12-08 06:00:00,4216.54,M30 merged cross,-7.6710000000002765
2025.12.05 19:00:00|S|S3,2025-12-05 19:00:00,2025-12-05 19:00:00,S,post_n2,3,4208.869,4222.021,13.152000000000044,2025-12-08 06:00:00,4216.54,M30 merged cross,-7.6710000000002765
2025.12.05 19:30:00|S|S1,2025-12-05 19:30:00,2025-12-05 19:30:00,S,post_n3,1,4209.48,4221.048,11.568000000000211,2025-12-05 21:00:00,4192.127999999999,1.5R TP,17.352000000000317
2025.12.05 19:30:00|S|S2,2025-12-05 19:30:00,2025-12-05 19:30:00,S,post_n3,2,4209.48,4221.048,11.568000000000211,2025-12-08 03:00:00,4213.357960243148,trail/SL hit,-3.8779602431486637
2025.12.05 19:30:00|S|S3,2025-12-05 19:30:00,2025-12-05 19:30:00,S,post_n3,3,4209.48,4221.048,11.568000000000211,2025-12-08 06:00:00,4216.54,M30 merged cross,-7.0600000000004
2025.12.05 20:00:00|S|S1,2025-12-05 20:00:00,2025-12-05 20:00:00,S,post_n4,1,4207.69,4220.017,12.327000000000226,2025-12-08 15:00:00,4189.199499999999,1.5R TP,18.49050000000034
2025.12.05 20:00:00|S|S2,2025-12-05 20:00:00,2025-12-05 20:00:00,S,post_n4,2,4207.69,4220.017,12.327000000000226,2025-12-08 06:00:00,4216.54,M30 merged cross,-8.850000000000364
2025.12.05 20:00:00|S|S3,2025-12-05 20:00:00,2025-12-05 20:00:00,S,post_n4,3,4207.69,4220.017,12.327000000000226,2025-12-08 06:00:00,4216.54,M30 merged cross,-8.850000000000364
2025.12.12 17:30:00|S|S1,2025-12-12 17:30:00,2025-12-12 17:30:00,S,cross,1,4282.23,4311.408,29.178000000000793,2025-12-15 01:00:00,4311.408,SL hit,-29.178000000000793
2025.12.12 17:30:00|S|S2,2025-12-12 17:30:00,2025-12-12 17:30:00,S,cross,2,4282.23,4311.408,29.178000000000793,2025-12-15 00:30:00,4307.581,M30 merged cross,-25.351000000000568
2025.12.12 17:30:00|S|S3,2025-12-12 17:30:00,2025-12-12 17:30:00,S,cross,3,4282.23,4311.408,29.178000000000793,2025-12-15 00:30:00,4307.581,M30 merged cross,-25.351000000000568
2025.12.15 16:00:00|S|S1,2025-12-15 16:00:00,2025-12-15 16:00:00,S,post_n2,1,4318.339,4330.829,12.489999999999782,2025-12-15 16:00:00,4299.604,1.5R TP,18.734999999999673
2025.12.15 16:00:00|S|S2,2025-12-15 16:00:00,2025-12-15 16:00:00,S,post_n2,2,4318.339,4330.829,12.489999999999782,2025-12-16 01:30:00,4312.977053284514,trail/SL hit,5.3619467154858285
2025.12.15 16:00:00|S|S3,2025-12-15 16:00:00,2025-12-15 16:00:00,S,post_n2,3,4318.339,4330.829,12.489999999999782,2025-12-16 13:30:00,4313.02,M30 merged cross,5.318999999999505
2025.12.15 16:30:00|S|S1,2025-12-15 16:30:00,2025-12-15 16:30:00,S,post_n3,1,4296.144,4328.171,32.027000000000044,2025-12-16 14:00:00,4328.171,SL hit,-32.027000000000044
2025.12.15 16:30:00|S|S2,2025-12-15 16:30:00,2025-12-15 16:30:00,S,post_n3,2,4296.144,4328.171,32.027000000000044,2025-12-16 13:30:00,4313.02,M30 merged cross,-16.876000000000204
2025.12.15 16:30:00|S|S3,2025-12-15 16:30:00,2025-12-15 16:30:00,S,post_n3,3,4296.144,4328.171,32.027000000000044,2025-12-16 13:30:00,4313.02,M30 merged cross,-16.876000000000204
2025.12.15 17:00:00|S|S1,2025-12-15 17:00:00,2025-12-15 17:00:00,S,post_n4,1,4297.419,4325.808,28.389000000000124,2025-12-16 14:00:00,4325.808,SL hit,-28.389000000000124
2025.12.15 17:00:00|S|S2,2025-12-15 17:00:00,2025-12-15 17:00:00,S,post_n4,2,4297.419,4325.808,28.389000000000124,2025-12-16 13:30:00,4313.02,M30 merged cross,-15.601000000000568
2025.12.15 17:00:00|S|S3,2025-12-15 17:00:00,2025-12-15 17:00:00,S,post_n4,3,4297.419,4325.808,28.389000000000124,2025-12-16 13:30:00,4313.02,M30 merged cross,-15.601000000000568
2025.12.23 15:00:00|S|S1,2025-12-23 15:00:00,2025-12-23 15:00:00,S,cross,1,4446.308,4478.901,32.59299999999985,2025-12-23 17:00:00,4478.901,SL hit,-32.59299999999985
2025.12.23 15:00:00|S|S2,2025-12-23 15:00:00,2025-12-23 15:00:00,S,cross,2,4446.308,4478.901,32.59299999999985,2025-12-23 17:00:00,4478.901,trail/SL hit,-32.59299999999985
2025.12.23 15:00:00|S|S3,2025-12-23 15:00:00,2025-12-23 15:00:00,S,cross,3,4446.308,4478.901,32.59299999999985,2025-12-23 17:00:00,4478.901,SL hit,-32.59299999999985
2025.12.23 15:30:00|S|S1,2025-12-23 15:30:00,2025-12-23 15:30:00,S,post_n2,1,4442.618,4472.885,30.266999999999825,2025-12-23 16:30:00,4472.885,SL hit,-30.266999999999825
2025.12.23 15:30:00|S|S2,2025-12-23 15:30:00,2025-12-23 15:30:00,S,post_n2,2,4442.618,4472.885,30.266999999999825,2025-12-23 16:30:00,4472.885,trail/SL hit,-30.266999999999825
2025.12.23 15:30:00|S|S3,2025-12-23 15:30:00,2025-12-23 15:30:00,S,post_n2,3,4442.618,4472.885,30.266999999999825,2025-12-23 16:30:00,4472.885,SL hit,-30.266999999999825
2025.12.23 16:00:00|S|S1,2025-12-23 16:00:00,2025-12-23 16:00:00,S,post_n3,1,4458.471,4471.779,13.308000000000902,2025-12-23 16:30:00,4471.779,SL hit,-13.308000000000902
2025.12.23 16:00:00|S|S2,2025-12-23 16:00:00,2025-12-23 16:00:00,S,post_n3,2,4458.471,4471.779,13.308000000000902,2025-12-23 16:30:00,4471.779,trail/SL hit,-13.308000000000902
2025.12.23 16:00:00|S|S3,2025-12-23 16:00:00,2025-12-23 16:00:00,S,post_n3,3,4458.471,4471.779,13.308000000000902,2025-12-23 16:30:00,4471.779,SL hit,-13.308000000000902
2025.12.23 16:30:00|S|S1,2025-12-23 16:30:00,2025-12-23 16:30:00,S,post_n4,1,4461.555,4470.99,9.43499999999949,2025-12-23 16:30:00,4470.99,SL hit,-9.43499999999949
2025.12.23 16:30:00|S|S2,2025-12-23 16:30:00,2025-12-23 16:30:00,S,post_n4,2,4461.555,4470.99,9.43499999999949,2025-12-23 16:30:00,4470.99,trail/SL hit,-9.43499999999949
2025.12.23 16:30:00|S|S3,2025-12-23 16:30:00,2025-12-23 16:30:00,S,post_n4,3,4461.555,4470.99,9.43499999999949,2025-12-23 16:30:00,4470.99,SL hit,-9.43499999999949
2025.12.24 03:00:00|S|S1,2025-12-24 03:00:00,2025-12-24 03:00:00,S,pre_cross,1,4477.573,4493.073,15.5,2025-12-24 03:00:00,4493.073,SL hit,-15.5
2025.12.24 03:00:00|S|S2,2025-12-24 03:00:00,2025-12-24 03:00:00,S,pre_cross,2,4477.573,4493.073,15.5,2025-12-24 03:00:00,4493.073,trail/SL hit,-15.5
2025.12.24 03:00:00|S|S3,2025-12-24 03:00:00,2025-12-24 03:00:00,S,pre_cross,3,4477.573,4493.073,15.5,2025-12-24 03:00:00,4493.073,SL hit,-15.5
2025.12.29 01:00:00|S|S1,2025-12-29 01:00:00,2025-12-29 01:00:00,S,post_n2,1,4497.46,4520.17,22.710000000000036,2025-12-29 03:30:00,4520.17,SL hit,-22.710000000000036
2025.12.29 01:00:00|S|S2,2025-12-29 01:00:00,2025-12-29 01:00:00,S,post_n2,2,4497.46,4520.17,22.710000000000036,2025-12-29 03:30:00,4520.17,trail/SL hit,-22.710000000000036
2025.12.29 01:00:00|S|S3,2025-12-29 01:00:00,2025-12-29 01:00:00,S,post_n2,3,4497.46,4520.17,22.710000000000036,2025-12-29 03:30:00,4520.17,SL hit,-22.710000000000036
2025.12.29 01:30:00|S|S1,2025-12-29 01:30:00,2025-12-29 01:30:00,S,post_n3,1,4499.65,4518.588,18.938000000000102,2025-12-29 03:00:00,4518.588,SL hit,-18.938000000000102
2025.12.29 01:30:00|S|S2,2025-12-29 01:30:00,2025-12-29 01:30:00,S,post_n3,2,4499.65,4518.588,18.938000000000102,2025-12-29 03:00:00,4518.588,trail/SL hit,-18.938000000000102
2025.12.29 01:30:00|S|S3,2025-12-29 01:30:00,2025-12-29 01:30:00,S,post_n3,3,4499.65,4518.588,18.938000000000102,2025-12-29 03:00:00,4518.588,SL hit,-18.938000000000102
2025.12.29 02:00:00|S|S1,2025-12-29 02:00:00,2025-12-29 02:00:00,S,post_n4,1,4497.099,4516.94,19.84099999999944,2025-12-29 03:00:00,4516.94,SL hit,-19.84099999999944
2025.12.29 02:00:00|S|S2,2025-12-29 02:00:00,2025-12-29 02:00:00,S,post_n4,2,4497.099,4516.94,19.84099999999944,2025-12-29 03:00:00,4516.94,trail/SL hit,-19.84099999999944
2025.12.29 02:00:00|S|S3,2025-12-29 02:00:00,2025-12-29 02:00:00,S,post_n4,3,4497.099,4516.94,19.84099999999944,2025-12-29 03:00:00,4516.94,SL hit,-19.84099999999944
2026.01.07 05:00:00|S|S1,2026-01-07 05:00:00,2026-01-07 05:00:00,S,post_n4,1,4464.825,4477.335,12.510000000000218,2026-01-07 05:30:00,4446.0599999999995,1.5R TP,18.765000000000327
2026.01.07 05:00:00|S|S2,2026-01-07 05:00:00,2026-01-07 05:00:00,S,post_n4,2,4464.825,4477.335,12.510000000000218,2026-01-07 08:30:00,4469.918031037863,trail/SL hit,-5.093031037863511
2026.01.07 05:00:00|S|S3,2026-01-07 05:00:00,2026-01-07 05:00:00,S,post_n4,3,4464.825,4477.335,12.510000000000218,2026-01-07 23:30:00,4463.418,M30 merged cross,1.4070000000001528
2026.01.13 02:00:00|S|S1,2026-01-13 02:00:00,2026-01-13 02:00:00,S,post_n4,1,4577.916,4594.036,16.11999999999989,2026-01-13 02:30:00,4594.036,SL hit,-16.11999999999989
2026.01.13 02:00:00|S|S2,2026-01-13 02:00:00,2026-01-13 02:00:00,S,post_n4,2,4577.916,4594.036,16.11999999999989,2026-01-13 02:30:00,4594.036,trail/SL hit,-16.11999999999989
2026.01.13 02:00:00|S|S3,2026-01-13 02:00:00,2026-01-13 02:00:00,S,post_n4,3,4577.916,4594.036,16.11999999999989,2026-01-13 02:30:00,4594.036,SL hit,-16.11999999999989
2026.01.13 18:00:00|S|S1,2026-01-13 18:00:00,2026-01-13 18:00:00,S,pre_cross,1,4590.452,4600.979,10.527000000000044,2026-01-13 18:30:00,4600.979,SL hit,-10.527000000000044
2026.01.13 18:00:00|S|S2,2026-01-13 18:00:00,2026-01-13 18:00:00,S,pre_cross,2,4590.452,4600.979,10.527000000000044,2026-01-13 18:30:00,4600.979,trail/SL hit,-10.527000000000044
2026.01.13 18:00:00|S|S3,2026-01-13 18:00:00,2026-01-13 18:00:00,S,pre_cross,3,4590.452,4600.979,10.527000000000044,2026-01-13 18:30:00,4600.979,SL hit,-10.527000000000044
2026.01.14 15:00:00|S|S1,2026-01-14 15:00:00,2026-01-14 15:00:00,S,pre_cross,1,4617.552,4628.352,10.800000000000182,2026-01-14 15:00:00,4601.351999999999,1.5R TP,16.200000000000273
2026.01.14 15:00:00|S|S2,2026-01-14 15:00:00,2026-01-14 15:00:00,S,pre_cross,2,4617.552,4628.352,10.800000000000182,2026-01-14 18:00:00,4623.137751340628,trail/SL hit,-5.585751340628121
2026.01.14 15:00:00|S|S3,2026-01-14 15:00:00,2026-01-14 15:00:00,S,pre_cross,3,4617.552,4628.352,10.800000000000182,2026-01-14 18:00:00,4628.352,SL hit,-10.800000000000182
2026.01.14 16:00:00|S|S1,2026-01-14 16:00:00,2026-01-14 16:00:00,S,cross,1,4617.892,4628.352,10.460000000000036,2026-01-14 17:30:00,4602.201999999999,1.5R TP,15.690000000000055
2026.01.14 16:00:00|S|S2,2026-01-14 16:00:00,2026-01-14 16:00:00,S,cross,2,4617.892,4628.352,10.460000000000036,2026-01-14 18:00:00,4623.137751340628,trail/SL hit,-5.245751340627976
2026.01.14 16:00:00|S|S3,2026-01-14 16:00:00,2026-01-14 16:00:00,S,cross,3,4617.892,4628.352,10.460000000000036,2026-01-14 18:00:00,4628.352,SL hit,-10.460000000000036
2026.01.14 17:00:00|S|S1,2026-01-14 17:00:00,2026-01-14 17:00:00,S,post_n3,1,4617.041,4624.93,7.889000000000124,2026-01-14 17:30:00,4605.2075,1.5R TP,11.833500000000186
2026.01.14 17:00:00|S|S2,2026-01-14 17:00:00,2026-01-14 17:00:00,S,post_n3,2,4617.041,4624.93,7.889000000000124,2026-01-14 18:00:00,4623.137751340628,trail/SL hit,-6.096751340627634
2026.01.14 17:00:00|S|S3,2026-01-14 17:00:00,2026-01-14 17:00:00,S,post_n3,3,4617.041,4624.93,7.889000000000124,2026-01-14 18:00:00,4624.93,SL hit,-7.889000000000124
2026.01.14 17:30:00|S|S1,2026-01-14 17:30:00,2026-01-14 17:30:00,S,post_n4,1,4611.308,4623.879,12.570999999999913,2026-01-14 18:00:00,4623.879,SL hit,-12.570999999999913
2026.01.14 17:30:00|S|S2,2026-01-14 17:30:00,2026-01-14 17:30:00,S,post_n4,2,4611.308,4623.879,12.570999999999913,2026-01-14 18:00:00,4623.879,trail/SL hit,-12.570999999999913
2026.01.14 17:30:00|S|S3,2026-01-14 17:30:00,2026-01-14 17:30:00,S,post_n4,3,4611.308,4623.879,12.570999999999913,2026-01-14 18:00:00,4623.879,SL hit,-12.570999999999913
2026.01.26 20:30:00|S|S1,2026-01-26 20:30:00,2026-01-26 20:30:00,S,post_n3,1,5056.165,5070.134,13.969000000000051,2026-01-26 21:00:00,5035.211499999999,1.5R TP,20.953500000000076
2026.01.26 20:30:00|S|S2,2026-01-26 20:30:00,2026-01-26 20:30:00,S,post_n3,2,5056.165,5070.134,13.969000000000051,2026-01-26 21:30:00,5000.289,4.0R forced,55.876000000000204
2026.01.26 20:30:00|S|S3,2026-01-26 20:30:00,2026-01-26 20:30:00,S,post_n3,3,5056.165,5070.134,13.969000000000051,2026-01-27 01:00:00,5070.134,SL hit,-13.969000000000051
2026.01.27 15:00:00|S|S1,2026-01-27 15:00:00,2026-01-27 15:00:00,S,cross,1,5054.226,5078.106,23.88000000000011,2026-01-27 15:30:00,5078.106,SL hit,-23.88000000000011
2026.01.27 15:00:00|S|S2,2026-01-27 15:00:00,2026-01-27 15:00:00,S,cross,2,5054.226,5078.106,23.88000000000011,2026-01-27 15:30:00,5078.106,trail/SL hit,-23.88000000000011
2026.01.27 15:00:00|S|S3,2026-01-27 15:00:00,2026-01-27 15:00:00,S,cross,3,5054.226,5078.106,23.88000000000011,2026-01-27 15:30:00,5078.106,SL hit,-23.88000000000011
2026.01.27 15:30:00|S|S1,2026-01-27 15:30:00,2026-01-27 15:30:00,S,post_n2,1,5069.276,5074.486,5.210000000000036,2026-01-27 15:30:00,5074.486,SL hit,-5.210000000000036
2026.01.27 15:30:00|S|S2,2026-01-27 15:30:00,2026-01-27 15:30:00,S,post_n2,2,5069.276,5074.486,5.210000000000036,2026-01-27 15:30:00,5074.486,trail/SL hit,-5.210000000000036
2026.01.27 15:30:00|S|S3,2026-01-27 15:30:00,2026-01-27 15:30:00,S,post_n2,3,5069.276,5074.486,5.210000000000036,2026-01-27 15:30:00,5074.486,SL hit,-5.210000000000036
2026.02.05 02:00:00|S|S1,2026-02-05 02:00:00,2026-02-05 02:00:00,S,cross,1,4959.011,4980.155,21.143999999999323,2026-02-05 02:00:00,4927.295000000002,1.5R TP,31.715999999998985
2026.02.05 02:00:00|S|S2,2026-02-05 02:00:00,2026-02-05 02:00:00,S,cross,2,4959.011,4980.155,21.143999999999323,2026-02-05 02:30:00,4874.435000000003,4.0R forced,84.5759999999973
2026.02.05 02:00:00|S|S3,2026-02-05 02:00:00,2026-02-05 02:00:00,S,cross,3,4959.011,4980.155,21.143999999999323,2026-02-06 05:30:00,4897.571,M30 merged cross,61.44000000000051
2026.02.06 06:30:00|L|S1,2026-02-06 06:30:00,2026-02-06 06:30:00,L,post_n2,1,4853.694,4823.528,30.166000000000167,2026-02-06 12:00:00,4898.943000000001,1.5R TP,45.24900000000025
2026.02.06 06:30:00|L|S2,2026-02-06 06:30:00,2026-02-06 06:30:00,L,post_n2,2,4853.694,4823.528,30.166000000000167,2026-02-08 23:00:00,4974.358000000001,4.0R forced,120.66400000000067
2026.02.06 06:30:00|L|S3,2026-02-06 06:30:00,2026-02-06 06:30:00,L,post_n2,3,4853.694,4823.528,30.166000000000167,2026-02-10 01:00:00,5017.373,M30 merged cross,163.67899999999918
2026.02.10 01:30:00|S|S1,2026-02-10 01:30:00,2026-02-10 01:30:00,S,cross,1,5017.058,5046.605,29.54699999999957,2026-02-10 02:00:00,5046.605,SL hit,-29.54699999999957
2026.02.10 01:30:00|S|S2,2026-02-10 01:30:00,2026-02-10 01:30:00,S,cross,2,5017.058,5046.605,29.54699999999957,2026-02-10 02:00:00,5046.605,trail/SL hit,-29.54699999999957
2026.02.10 01:30:00|S|S3,2026-02-10 01:30:00,2026-02-10 01:30:00,S,cross,3,5017.058,5046.605,29.54699999999957,2026-02-10 02:00:00,5046.605,SL hit,-29.54699999999957
2026.02.10 16:00:00|S|S1,2026-02-10 16:00:00,2026-02-10 16:00:00,S,cross,1,5019.674,5042.991,23.317000000000007,2026-02-10 20:30:00,5042.991,SL hit,-23.317000000000007
2026.02.10 16:00:00|S|S2,2026-02-10 16:00:00,2026-02-10 16:00:00,S,cross,2,5019.674,5042.991,23.317000000000007,2026-02-10 20:30:00,5042.991,trail/SL hit,-23.317000000000007
2026.02.10 16:00:00|S|S3,2026-02-10 16:00:00,2026-02-10 16:00:00,S,cross,3,5019.674,5042.991,23.317000000000007,2026-02-10 20:30:00,5042.991,SL hit,-23.317000000000007
2026.02.10 16:30:00|S|S1,2026-02-10 16:30:00,2026-02-10 16:30:00,S,post_n2,1,5010.151,5037.907,27.756000000000313,2026-02-10 17:00:00,5037.907,SL hit,-27.756000000000313
2026.02.10 16:30:00|S|S2,2026-02-10 16:30:00,2026-02-10 16:30:00,S,post_n2,2,5010.151,5037.907,27.756000000000313,2026-02-10 17:00:00,5037.907,trail/SL hit,-27.756000000000313
2026.02.10 16:30:00|S|S3,2026-02-10 16:30:00,2026-02-10 16:30:00,S,post_n2,3,5010.151,5037.907,27.756000000000313,2026-02-10 17:00:00,5037.907,SL hit,-27.756000000000313
2026.02.10 17:00:00|S|S1,2026-02-10 17:00:00,2026-02-10 17:00:00,S,post_n3,1,5023.628,5036.814,13.186000000000604,2026-02-10 17:00:00,5036.814,SL hit,-13.186000000000604
2026.02.10 17:00:00|S|S2,2026-02-10 17:00:00,2026-02-10 17:00:00,S,post_n3,2,5023.628,5036.814,13.186000000000604,2026-02-10 17:00:00,5036.814,trail/SL hit,-13.186000000000604
2026.02.10 17:00:00|S|S3,2026-02-10 17:00:00,2026-02-10 17:00:00,S,post_n3,3,5023.628,5036.814,13.186000000000604,2026-02-10 17:00:00,5036.814,SL hit,-13.186000000000604
2026.02.12 00:30:00|S|S1,2026-02-12 00:30:00,2026-02-12 00:30:00,S,cross,1,5060.572,5076.064,15.49200000000019,2026-02-12 05:00:00,5076.064,SL hit,-15.49200000000019
2026.02.12 00:30:00|S|S2,2026-02-12 00:30:00,2026-02-12 00:30:00,S,cross,2,5060.572,5076.064,15.49200000000019,2026-02-12 05:00:00,5076.064,trail/SL hit,-15.49200000000019
2026.02.12 00:30:00|S|S3,2026-02-12 00:30:00,2026-02-12 00:30:00,S,cross,3,5060.572,5076.064,15.49200000000019,2026-02-12 05:00:00,5076.064,SL hit,-15.49200000000019
2026.02.12 01:00:00|S|S1,2026-02-12 01:00:00,2026-02-12 01:00:00,S,post_n2,1,5062.944,5072.584,9.639999999999418,2026-02-12 01:00:00,5048.484000000001,1.5R TP,14.459999999999127
2026.02.12 01:00:00|S|S2,2026-02-12 01:00:00,2026-02-12 01:00:00,S,post_n2,2,5062.944,5072.584,9.639999999999418,2026-02-12 02:00:00,5071.509851322927,trail/SL hit,-8.565851322926392
2026.02.12 01:00:00|S|S3,2026-02-12 01:00:00,2026-02-12 01:00:00,S,post_n2,3,5062.944,5072.584,9.639999999999418,2026-02-12 02:00:00,5072.584,SL hit,-9.639999999999418
2026.02.12 01:30:00|S|S1,2026-02-12 01:30:00,2026-02-12 01:30:00,S,post_n3,1,5058.484,5071.51,13.02599999999984,2026-02-12 02:00:00,5071.51,SL hit,-13.02599999999984
2026.02.12 01:30:00|S|S2,2026-02-12 01:30:00,2026-02-12 01:30:00,S,post_n3,2,5058.484,5071.51,13.02599999999984,2026-02-12 02:00:00,5071.51,trail/SL hit,-13.02599999999984
2026.02.12 01:30:00|S|S3,2026-02-12 01:30:00,2026-02-12 01:30:00,S,post_n3,3,5058.484,5071.51,13.02599999999984,2026-02-12 02:00:00,5071.51,SL hit,-13.02599999999984
2026.02.12 02:00:00|S|S1,2026-02-12 02:00:00,2026-02-12 02:00:00,S,post_n4,1,5063.573,5070.905,7.331999999999425,2026-02-12 02:00:00,5070.905,SL hit,-7.331999999999425
2026.02.12 02:00:00|S|S2,2026-02-12 02:00:00,2026-02-12 02:00:00,S,post_n4,2,5063.573,5070.905,7.331999999999425,2026-02-12 02:00:00,5070.905,trail/SL hit,-7.331999999999425
2026.02.12 02:00:00|S|S3,2026-02-12 02:00:00,2026-02-12 02:00:00,S,post_n4,3,5063.573,5070.905,7.331999999999425,2026-02-12 02:00:00,5070.905,SL hit,-7.331999999999425
2026.02.24 04:00:00|S|S1,2026-02-24 04:00:00,2026-02-24 04:00:00,S,post_n2,1,5171.898,5194.035,22.136999999999716,2026-02-24 13:30:00,5138.692500000001,1.5R TP,33.205499999999574
2026.02.24 04:00:00|S|S2,2026-02-24 04:00:00,2026-02-24 04:00:00,S,post_n2,2,5171.898,5194.035,22.136999999999716,2026-02-24 17:00:00,5157.364435671369,trail/SL hit,14.533564328630746
2026.02.24 04:00:00|S|S3,2026-02-24 04:00:00,2026-02-24 04:00:00,S,post_n2,3,5171.898,5194.035,22.136999999999716,2026-02-25 01:30:00,5176.554,M30 merged cross,-4.655999999999949
2026.02.24 04:30:00|S|S1,2026-02-24 04:30:00,2026-02-24 04:30:00,S,post_n3,1,5171.727,5192.313,20.58600000000024,2026-02-24 13:30:00,5140.848,1.5R TP,30.87900000000036
2026.02.24 04:30:00|S|S2,2026-02-24 04:30:00,2026-02-24 04:30:00,S,post_n3,2,5171.727,5192.313,20.58600000000024,2026-02-24 17:00:00,5157.364435671369,trail/SL hit,14.36256432863047
2026.02.24 04:30:00|S|S3,2026-02-24 04:30:00,2026-02-24 04:30:00,S,post_n3,3,5171.727,5192.313,20.58600000000024,2026-02-25 01:30:00,5176.554,M30 merged cross,-4.8270000000002256
2026.02.24 05:00:00|S|S1,2026-02-24 05:00:00,2026-02-24 05:00:00,S,post_n4,1,5168.262,5190.467,22.204999999999927,2026-02-24 13:30:00,5134.9545,1.5R TP,33.30749999999989
2026.02.24 05:00:00|S|S2,2026-02-24 05:00:00,2026-02-24 05:00:00,S,post_n4,2,5168.262,5190.467,22.204999999999927,2026-02-24 17:00:00,5157.364435671369,trail/SL hit,10.897564328630324
2026.02.24 05:00:00|S|S3,2026-02-24 05:00:00,2026-02-24 05:00:00,S,post_n4,3,5168.262,5190.467,22.204999999999927,2026-02-25 01:30:00,5176.554,M30 merged cross,-8.292000000000371
2026.02.25 21:30:00|S|S1,2026-02-25 21:30:00,2026-02-25 21:30:00,S,post_n2,1,5169.196,5188.117,18.921000000000276,2026-02-26 00:30:00,5188.117,SL hit,-18.921000000000276
2026.02.25 21:30:00|S|S2,2026-02-25 21:30:00,2026-02-25 21:30:00,S,post_n2,2,5169.196,5188.117,18.921000000000276,2026-02-26 00:30:00,5188.117,trail/SL hit,-18.921000000000276
2026.02.25 21:30:00|S|S3,2026-02-25 21:30:00,2026-02-25 21:30:00,S,post_n2,3,5169.196,5188.117,18.921000000000276,2026-02-26 00:30:00,5188.117,SL hit,-18.921000000000276
2026.03.03 06:00:00|S|S1,2026-03-03 06:00:00,2026-03-03 06:00:00,S,pre_cross,1,5318.982,5351.402,32.42000000000007,2026-03-03 09:00:00,5270.352,1.5R TP,48.63000000000011
2026.03.03 06:00:00|S|S2,2026-03-03 06:00:00,2026-03-03 06:00:00,S,pre_cross,2,5318.982,5351.402,32.42000000000007,2026-03-03 11:00:00,5189.302,4.0R forced,129.6800000000003
2026.03.03 06:00:00|S|S3,2026-03-03 06:00:00,2026-03-03 06:00:00,S,pre_cross,3,5318.982,5351.402,32.42000000000007,2026-03-04 03:00:00,5162.444,M30 merged cross,156.53799999999956
2026.03.03 06:30:00|S|S1,2026-03-03 06:30:00,2026-03-03 06:30:00,S,cross,1,5316.405,5351.402,34.9970000000003,2026-03-03 09:00:00,5263.9095,1.5R TP,52.49550000000045
2026.03.03 06:30:00|S|S2,2026-03-03 06:30:00,2026-03-03 06:30:00,S,cross,2,5316.405,5351.402,34.9970000000003,2026-03-03 11:00:00,5176.416999999999,4.0R forced,139.9880000000012
2026.03.03 06:30:00|S|S3,2026-03-03 06:30:00,2026-03-03 06:30:00,S,cross,3,5316.405,5351.402,34.9970000000003,2026-03-04 03:00:00,5162.444,M30 merged cross,153.96099999999933
2026.03.03 07:00:00|S|S1,2026-03-03 07:00:00,2026-03-03 07:00:00,S,post_n2,1,5310.31,5343.648,33.33799999999974,2026-03-03 09:00:00,5260.303000000001,1.5R TP,50.00699999999961
2026.03.03 07:00:00|S|S2,2026-03-03 07:00:00,2026-03-03 07:00:00,S,post_n2,2,5310.31,5343.648,33.33799999999974,2026-03-03 11:00:00,5176.958000000001,4.0R forced,133.35199999999895
2026.03.03 07:00:00|S|S3,2026-03-03 07:00:00,2026-03-03 07:00:00,S,post_n2,3,5310.31,5343.648,33.33799999999974,2026-03-04 03:00:00,5162.444,M30 merged cross,147.86599999999999
2026.03.03 07:30:00|S|S1,2026-03-03 07:30:00,2026-03-03 07:30:00,S,post_n3,1,5313.568,5341.327,27.759000000000015,2026-03-03 09:00:00,5271.9295,1.5R TP,41.63850000000002
2026.03.03 07:30:00|S|S2,2026-03-03 07:30:00,2026-03-03 07:30:00,S,post_n3,2,5313.568,5341.327,27.759000000000015,2026-03-03 11:00:00,5202.532,4.0R forced,111.03600000000006
2026.03.03 07:30:00|S|S3,2026-03-03 07:30:00,2026-03-03 07:30:00,S,post_n3,3,5313.568,5341.327,27.759000000000015,2026-03-04 03:00:00,5162.444,M30 merged cross,151.1239999999998
2026.03.03 08:00:00|S|S1,2026-03-03 08:00:00,2026-03-03 08:00:00,S,post_n4,1,5327.358,5340.261,12.903000000000247,2026-03-03 08:30:00,5308.0035,1.5R TP,19.35450000000037
2026.03.03 08:00:00|S|S2,2026-03-03 08:00:00,2026-03-03 08:00:00,S,post_n4,2,5327.358,5340.261,12.903000000000247,2026-03-03 09:00:00,5275.745999999999,4.0R forced,51.61200000000099
2026.03.03 08:00:00|S|S3,2026-03-03 08:00:00,2026-03-03 08:00:00,S,post_n4,3,5327.358,5340.261,12.903000000000247,2026-03-04 03:00:00,5162.444,M30 merged cross,164.91399999999976
2026.03.16 14:00:00|L|S1,2026-03-16 14:00:00,2026-03-16 14:00:00,L,cross,1,5029.494,5008.56,20.933999999999287,2026-03-16 14:30:00,5008.56,SL hit,-20.933999999999287
2026.03.16 14:00:00|L|S2,2026-03-16 14:00:00,2026-03-16 14:00:00,L,cross,2,5029.494,5008.56,20.933999999999287,2026-03-16 14:30:00,5008.56,trail/SL hit,-20.933999999999287
2026.03.16 14:00:00|L|S3,2026-03-16 14:00:00,2026-03-16 14:00:00,L,cross,3,5029.494,5008.56,20.933999999999287,2026-03-16 14:30:00,5008.56,SL hit,-20.933999999999287
2026.03.24 08:30:00|L|S1,2026-03-24 08:30:00,2026-03-24 08:30:00,L,post_n2,1,4396.388,4381.486,14.902000000000044,2026-03-24 09:00:00,4418.741,1.5R TP,22.353000000000065
2026.03.24 08:30:00|L|S2,2026-03-24 08:30:00,2026-03-24 08:30:00,L,post_n2,2,4396.388,4381.486,14.902000000000044,2026-03-24 11:00:00,4394.947598996582,trail/SL hit,-1.440401003417719
2026.03.24 08:30:00|L|S3,2026-03-24 08:30:00,2026-03-24 08:30:00,L,post_n2,3,4396.388,4381.486,14.902000000000044,2026-03-24 11:00:00,4381.486,SL hit,-14.902000000000044
2026.03.24 09:00:00|L|S1,2026-03-24 09:00:00,2026-03-24 09:00:00,L,post_n3,1,4411.761,4383.813,27.94800000000032,2026-03-24 11:00:00,4383.813,SL hit,-27.94800000000032
2026.03.24 09:00:00|L|S2,2026-03-24 09:00:00,2026-03-24 09:00:00,L,post_n3,2,4411.761,4383.813,27.94800000000032,2026-03-24 11:00:00,4383.813,trail/SL hit,-27.94800000000032
2026.03.24 09:00:00|L|S3,2026-03-24 09:00:00,2026-03-24 09:00:00,L,post_n3,3,4411.761,4383.813,27.94800000000032,2026-03-24 11:00:00,4383.813,SL hit,-27.94800000000032
2026.03.24 09:30:00|L|S1,2026-03-24 09:30:00,2026-03-24 09:30:00,L,post_n4,1,4407.18,4385.605,21.575000000000728,2026-03-24 10:30:00,4439.542500000001,1.5R TP,32.36250000000109
2026.03.24 09:30:00|L|S2,2026-03-24 09:30:00,2026-03-24 09:30:00,L,post_n4,2,4407.18,4385.605,21.575000000000728,2026-03-24 11:00:00,4394.947598996582,trail/SL hit,-12.23240100341809
2026.03.24 09:30:00|L|S3,2026-03-24 09:30:00,2026-03-24 09:30:00,L,post_n4,3,4407.18,4385.605,21.575000000000728,2026-03-24 11:00:00,4385.605,SL hit,-21.575000000000728
2026.03.27 04:00:00|L|S1,2026-03-27 04:00:00,2026-03-27 04:00:00,L,post_n2,1,4437.476,4416.581,20.894999999999527,2026-03-27 05:30:00,4468.818499999999,1.5R TP,31.34249999999929
2026.03.27 04:00:00|L|S2,2026-03-27 04:00:00,2026-03-27 04:00:00,L,post_n2,2,4437.476,4416.581,20.894999999999527,2026-03-27 08:30:00,4427.397034982982,trail/SL hit,-10.078965017017254
2026.03.27 04:00:00|L|S3,2026-03-27 04:00:00,2026-03-27 04:00:00,L,post_n2,3,4437.476,4416.581,20.894999999999527,2026-03-27 10:30:00,4416.581,SL hit,-20.894999999999527
2026.03.27 04:30:00|L|S1,2026-03-27 04:30:00,2026-03-27 04:30:00,L,post_n3,1,4434.113,4417.926,16.186999999999898,2026-03-27 05:30:00,4458.3935,1.5R TP,24.280499999999847
2026.03.27 04:30:00|L|S2,2026-03-27 04:30:00,2026-03-27 04:30:00,L,post_n3,2,4434.113,4417.926,16.186999999999898,2026-03-27 08:00:00,4431.5842132399375,trail/SL hit,-2.528786760062758
2026.03.27 04:30:00|L|S3,2026-03-27 04:30:00,2026-03-27 04:30:00,L,post_n3,3,4434.113,4417.926,16.186999999999898,2026-03-27 10:30:00,4417.926,SL hit,-16.186999999999898
2026.03.27 05:00:00|L|S1,2026-03-27 05:00:00,2026-03-27 05:00:00,L,post_n4,1,4446.12,4420.097,26.02300000000014,2026-03-27 10:30:00,4420.097,SL hit,-26.02300000000014
2026.03.27 05:00:00|L|S2,2026-03-27 05:00:00,2026-03-27 05:00:00,L,post_n4,2,4446.12,4420.097,26.02300000000014,2026-03-27 10:30:00,4420.097,trail/SL hit,-26.02300000000014
2026.03.27 05:00:00|L|S3,2026-03-27 05:00:00,2026-03-27 05:00:00,L,post_n4,3,4446.12,4420.097,26.02300000000014,2026-03-27 10:30:00,4420.097,SL hit,-26.02300000000014
2026.03.30 03:00:00|L|S1,2026-03-30 03:00:00,2026-03-30 03:00:00,L,pre_cross,1,4481.206,4472.815,8.391000000000531,2026-03-30 03:00:00,4493.792500000001,1.5R TP,12.586500000000797
2026.03.30 03:00:00|L|S2,2026-03-30 03:00:00,2026-03-30 03:00:00,L,pre_cross,2,4481.206,4472.815,8.391000000000531,2026-03-30 03:00:00,4514.770000000002,4.0R forced,33.564000000002125
2026.03.30 03:00:00|L|S3,2026-03-30 03:00:00,2026-03-30 03:00:00,L,pre_cross,3,4481.206,4472.815,8.391000000000531,2026-03-30 18:30:00,4498.979,M30 merged cross,17.77300000000014
2026.03.30 03:30:00|L|S1,2026-03-30 03:30:00,2026-03-30 03:30:00,L,cross,1,4506.88,4472.815,34.06500000000051,2026-03-30 11:30:00,4557.977500000001,1.5R TP,51.097500000000764
2026.03.30 03:30:00|L|S2,2026-03-30 03:30:00,2026-03-30 03:30:00,L,cross,2,4506.88,4472.815,34.06500000000051,2026-03-30 13:30:00,4527.219217245577,trail/SL hit,20.339217245576947
2026.03.30 03:30:00|L|S3,2026-03-30 03:30:00,2026-03-30 03:30:00,L,cross,3,4506.88,4472.815,34.06500000000051,2026-03-30 18:30:00,4498.979,M30 merged cross,-7.90099999999984
2026.03.31 01:00:00|L|S1,2026-03-31 01:00:00,2026-03-31 01:00:00,L,pre_cross,1,4547.873,4517.74,30.13299999999981,2026-03-31 01:30:00,4593.072499999999,1.5R TP,45.199499999999716
2026.03.31 01:00:00|L|S2,2026-03-31 01:00:00,2026-03-31 01:00:00,L,pre_cross,2,4547.873,4517.74,30.13299999999981,2026-03-31 10:30:00,4534.918997761441,trail/SL hit,-12.954002238559042
2026.03.31 01:00:00|L|S3,2026-03-31 01:00:00,2026-03-31 01:00:00,L,pre_cross,3,4547.873,4517.74,30.13299999999981,2026-04-02 01:30:00,4696.7,M30 merged cross,148.82700000000023
2026.03.31 03:00:00|L|S1,2026-03-31 03:00:00,2026-03-31 03:00:00,L,post_n4,1,4568.242,4537.487,30.75500000000011,2026-03-31 10:30:00,4537.487,SL hit,-30.75500000000011
2026.03.31 03:00:00|L|S2,2026-03-31 03:00:00,2026-03-31 03:00:00,L,post_n4,2,4568.242,4537.487,30.75500000000011,2026-03-31 10:30:00,4537.487,trail/SL hit,-30.75500000000011
2026.03.31 03:00:00|L|S3,2026-03-31 03:00:00,2026-03-31 03:00:00,L,post_n4,3,4568.242,4537.487,30.75500000000011,2026-03-31 10:30:00,4537.487,SL hit,-30.75500000000011
2026.04.07 17:30:00|L|S1,2026-04-07 17:30:00,2026-04-07 17:30:00,L,cross,1,4660.092,4654.095,5.996999999999389,2026-04-07 17:30:00,4669.087499999999,1.5R TP,8.995499999999083
2026.04.07 17:30:00|L|S2,2026-04-07 17:30:00,2026-04-07 17:30:00,L,cross,2,4660.092,4654.095,5.996999999999389,2026-04-07 17:30:00,4684.079999999997,4.0R forced,23.987999999997555
2026.04.07 17:30:00|L|S3,2026-04-07 17:30:00,2026-04-07 17:30:00,L,cross,3,4660.092,4654.095,5.996999999999389,2026-04-08 14:00:00,4767.603,M30 merged cross,107.51100000000042
2026.04.08 15:30:00|S|S1,2026-04-08 15:30:00,2026-04-08 15:30:00,S,post_n3,1,4750.808,4779.931,29.122999999999593,2026-04-08 18:30:00,4707.123500000001,1.5R TP,43.68449999999939
2026.04.08 15:30:00|S|S2,2026-04-08 15:30:00,2026-04-08 15:30:00,S,post_n3,2,4750.808,4779.931,29.122999999999593,2026-04-09 02:30:00,4732.664794327935,trail/SL hit,18.14320567206505
2026.04.08 15:30:00|S|S3,2026-04-08 15:30:00,2026-04-08 15:30:00,S,post_n3,3,4750.808,4779.931,29.122999999999593,2026-04-09 10:00:00,4737.985,M30 merged cross,12.82300000000032
2026.04.08 16:00:00|S|S1,2026-04-08 16:00:00,2026-04-08 16:00:00,S,post_n4,1,4756.609,4778.124,21.514999999999418,2026-04-08 18:00:00,4724.336500000001,1.5R TP,32.27249999999913
2026.04.08 16:00:00|S|S2,2026-04-08 16:00:00,2026-04-08 16:00:00,S,post_n4,2,4756.609,4778.124,21.514999999999418,2026-04-09 02:30:00,4732.116194764248,trail/SL hit,24.492805235752712
2026.04.08 16:00:00|S|S3,2026-04-08 16:00:00,2026-04-08 16:00:00,S,post_n4,3,4756.609,4778.124,21.514999999999418,2026-04-09 10:00:00,4737.985,M30 merged cross,18.624000000000706
2026.04.30 01:00:00|L|S1,2026-04-30 01:00:00,2026-04-30 01:00:00,L,cross,1,4569.606,4551.613,17.992999999999483,2026-04-30 04:00:00,4551.613,SL hit,-17.992999999999483
2026.04.30 01:00:00|L|S2,2026-04-30 01:00:00,2026-04-30 01:00:00,L,cross,2,4569.606,4551.613,17.992999999999483,2026-04-30 04:00:00,4551.613,trail/SL hit,-17.992999999999483
2026.04.30 01:00:00|L|S3,2026-04-30 01:00:00,2026-04-30 01:00:00,L,cross,3,4569.606,4551.613,17.992999999999483,2026-04-30 04:00:00,4551.613,SL hit,-17.992999999999483
2026.04.30 01:30:00|L|S1,2026-04-30 01:30:00,2026-04-30 01:30:00,L,post_n2,1,4579.634,4556.445,23.189000000000306,2026-04-30 03:30:00,4556.445,SL hit,-23.189000000000306
2026.04.30 01:30:00|L|S2,2026-04-30 01:30:00,2026-04-30 01:30:00,L,post_n2,2,4579.634,4556.445,23.189000000000306,2026-04-30 03:30:00,4556.445,trail/SL hit,-23.189000000000306
2026.04.30 01:30:00|L|S3,2026-04-30 01:30:00,2026-04-30 01:30:00,L,post_n2,3,4579.634,4556.445,23.189000000000306,2026-04-30 03:30:00,4556.445,SL hit,-23.189000000000306
2026.04.30 02:00:00|L|S1,2026-04-30 02:00:00,2026-04-30 02:00:00,L,post_n3,1,4579.169,4558.193,20.975999999999658,2026-04-30 03:30:00,4558.193,SL hit,-20.975999999999658
2026.04.30 02:00:00|L|S2,2026-04-30 02:00:00,2026-04-30 02:00:00,L,post_n3,2,4579.169,4558.193,20.975999999999658,2026-04-30 03:30:00,4558.193,trail/SL hit,-20.975999999999658
2026.04.30 02:00:00|L|S3,2026-04-30 02:00:00,2026-04-30 02:00:00,L,post_n3,3,4579.169,4558.193,20.975999999999658,2026-04-30 03:30:00,4558.193,SL hit,-20.975999999999658
2026.04.30 02:30:00|L|S1,2026-04-30 02:30:00,2026-04-30 02:30:00,L,post_n4,1,4573.161,4559.352,13.809000000000196,2026-04-30 03:30:00,4559.352,SL hit,-13.809000000000196
2026.04.30 02:30:00|L|S2,2026-04-30 02:30:00,2026-04-30 02:30:00,L,post_n4,2,4573.161,4559.352,13.809000000000196,2026-04-30 03:30:00,4559.352,trail/SL hit,-13.809000000000196
2026.04.30 02:30:00|L|S3,2026-04-30 02:30:00,2026-04-30 02:30:00,L,post_n4,3,4573.161,4559.352,13.809000000000196,2026-04-30 03:30:00,4559.352,SL hit,-13.809000000000196
2026.04.30 07:00:00|L|S1,2026-04-30 07:00:00,2026-04-30 07:00:00,L,post_n2,1,4589.339,4560.98,28.35900000000038,2026-04-30 10:00:00,4631.8775000000005,1.5R TP,42.53850000000057
2026.04.30 07:00:00|L|S2,2026-04-30 07:00:00,2026-04-30 07:00:00,L,post_n2,2,4589.339,4560.98,28.35900000000038,2026-05-01 01:00:00,4617.925806059414,trail/SL hit,28.586806059413902
2026.04.30 07:00:00|L|S3,2026-04-30 07:00:00,2026-04-30 07:00:00,L,post_n2,3,4589.339,4560.98,28.35900000000038,2026-05-01 05:00:00,4614.51,M30 merged cross,25.171000000000276
2026.04.30 07:30:00|L|S1,2026-04-30 07:30:00,2026-04-30 07:30:00,L,post_n3,1,4591.243,4563.313,27.93000000000029,2026-04-30 10:00:00,4633.138000000001,1.5R TP,41.89500000000044
2026.04.30 07:30:00|L|S2,2026-04-30 07:30:00,2026-04-30 07:30:00,L,post_n3,2,4591.243,4563.313,27.93000000000029,2026-05-01 01:00:00,4617.925806059414,trail/SL hit,26.68280605941345
2026.04.30 07:30:00|L|S3,2026-04-30 07:30:00,2026-04-30 07:30:00,L,post_n3,3,4591.243,4563.313,27.93000000000029,2026-05-01 05:00:00,4614.51,M30 merged cross,23.266999999999825
2026.04.30 08:00:00|L|S1,2026-04-30 08:00:00,2026-04-30 08:00:00,L,post_n4,1,4598.271,4565.998,32.27300000000014,2026-04-30 10:30:00,4646.6805,1.5R TP,48.40950000000021
2026.04.30 08:00:00|L|S2,2026-04-30 08:00:00,2026-04-30 08:00:00,L,post_n4,2,4598.271,4565.998,32.27300000000014,2026-05-01 05:00:00,4614.51,M30 merged cross,16.239000000000487
2026.04.30 08:00:00|L|S3,2026-04-30 08:00:00,2026-04-30 08:00:00,L,post_n4,3,4598.271,4565.998,32.27300000000014,2026-05-01 05:00:00,4614.51,M30 merged cross,16.239000000000487
2026.05.01 14:00:00|L|S1,2026-05-01 14:00:00,2026-05-01 14:00:00,L,pre_cross,1,4625.054,4591.175,33.878999999999905,2026-05-04 02:30:00,4591.175,SL hit,-33.878999999999905
2026.05.01 14:00:00|L|S2,2026-05-01 14:00:00,2026-05-01 14:00:00,L,pre_cross,2,4625.054,4591.175,33.878999999999905,2026-05-04 01:00:00,4594.703,M30 merged cross,-30.350999999999658
2026.05.01 14:00:00|L|S3,2026-05-01 14:00:00,2026-05-01 14:00:00,L,pre_cross,3,4625.054,4591.175,33.878999999999905,2026-05-04 01:00:00,4594.703,M30 merged cross,-30.350999999999658
2026.05.01 15:00:00|L|S1,2026-05-01 15:00:00,2026-05-01 15:00:00,L,post_n2,1,4631.934,4600.829,31.105000000000473,2026-05-04 01:00:00,4600.829,SL hit,-31.105000000000473
2026.05.01 15:00:00|L|S2,2026-05-01 15:00:00,2026-05-01 15:00:00,L,post_n2,2,4631.934,4600.829,31.105000000000473,2026-05-04 01:00:00,4600.829,trail/SL hit,-31.105000000000473
2026.05.01 15:00:00|L|S3,2026-05-01 15:00:00,2026-05-01 15:00:00,L,post_n2,3,4631.934,4600.829,31.105000000000473,2026-05-04 01:00:00,4600.829,SL hit,-31.105000000000473
2026.05.01 15:30:00|L|S1,2026-05-01 15:30:00,2026-05-01 15:30:00,L,post_n3,1,4636.347,4603.557,32.789999999999964,2026-05-04 00:00:00,4603.557,SL hit,-32.789999999999964
2026.05.01 15:30:00|L|S2,2026-05-01 15:30:00,2026-05-01 15:30:00,L,post_n3,2,4636.347,4603.557,32.789999999999964,2026-05-04 00:00:00,4603.557,trail/SL hit,-32.789999999999964
2026.05.01 15:30:00|L|S3,2026-05-01 15:30:00,2026-05-01 15:30:00,L,post_n3,3,4636.347,4603.557,32.789999999999964,2026-05-04 00:00:00,4603.557,SL hit,-32.789999999999964
2026.05.07 18:00:00|S|S1,2026-05-07 18:00:00,2026-05-07 18:00:00,S,post_n2,1,4711.307,4726.244,14.936999999999898,2026-05-07 20:30:00,4688.9015,1.5R TP,22.405499999999847
2026.05.07 18:00:00|S|S2,2026-05-07 18:00:00,2026-05-07 18:00:00,S,post_n2,2,4711.307,4726.244,14.936999999999898,2026-05-08 01:00:00,4712.466305950992,trail/SL hit,-1.1593059509923478
2026.05.07 18:00:00|S|S3,2026-05-07 18:00:00,2026-05-07 18:00:00,S,post_n2,3,4711.307,4726.244,14.936999999999898,2026-05-08 02:00:00,4726.244,SL hit,-14.936999999999898
2026.05.07 18:30:00|S|S1,2026-05-07 18:30:00,2026-05-07 18:30:00,S,post_n3,1,4712.66,4725.204,12.543999999999869,2026-05-07 20:30:00,4693.844,1.5R TP,18.815999999999804
2026.05.07 18:30:00|S|S2,2026-05-07 18:30:00,2026-05-07 18:30:00,S,post_n3,2,4712.66,4725.204,12.543999999999869,2026-05-08 01:00:00,4712.466305950992,trail/SL hit,0.1936940490077177
2026.05.07 18:30:00|S|S3,2026-05-07 18:30:00,2026-05-07 18:30:00,S,post_n3,3,4712.66,4725.204,12.543999999999869,2026-05-08 01:30:00,4725.204,SL hit,-12.543999999999869
2026.05.07 19:00:00|S|S1,2026-05-07 19:00:00,2026-05-07 19:00:00,S,post_n4,1,4709.612,4724.0,14.38799999999992,2026-05-07 20:30:00,4688.030000000001,1.5R TP,21.58199999999988
2026.05.07 19:00:00|S|S2,2026-05-07 19:00:00,2026-05-07 19:00:00,S,post_n4,2,4709.612,4724.0,14.38799999999992,2026-05-08 01:00:00,4712.466305950992,trail/SL hit,-2.8543059509920568
2026.05.07 19:00:00|S|S3,2026-05-07 19:00:00,2026-05-07 19:00:00,S,post_n4,3,4709.612,4724.0,14.38799999999992,2026-05-08 01:30:00,4724.0,SL hit,-14.38799999999992
2026.05.18 13:00:00|L|S1,2026-05-18 13:00:00,2026-05-18 13:00:00,L,post_n3,1,4571.172,4545.42,25.751999999999498,2026-05-18 14:30:00,4545.42,SL hit,-25.751999999999498
2026.05.18 13:00:00|L|S2,2026-05-18 13:00:00,2026-05-18 13:00:00,L,post_n3,2,4571.172,4545.42,25.751999999999498,2026-05-18 14:30:00,4545.42,trail/SL hit,-25.751999999999498
2026.05.18 13:00:00|L|S3,2026-05-18 13:00:00,2026-05-18 13:00:00,L,post_n3,3,4571.172,4545.42,25.751999999999498,2026-05-18 14:30:00,4545.42,SL hit,-25.751999999999498
2026.05.18 13:30:00|L|S1,2026-05-18 13:30:00,2026-05-18 13:30:00,L,post_n4,1,4571.888,4547.463,24.425000000000182,2026-05-18 14:30:00,4547.463,SL hit,-24.425000000000182
2026.05.18 13:30:00|L|S2,2026-05-18 13:30:00,2026-05-18 13:30:00,L,post_n4,2,4571.888,4547.463,24.425000000000182,2026-05-18 14:30:00,4547.463,trail/SL hit,-24.425000000000182
2026.05.18 13:30:00|L|S3,2026-05-18 13:30:00,2026-05-18 13:30:00,L,post_n4,3,4571.888,4547.463,24.425000000000182,2026-05-18 14:30:00,4547.463,SL hit,-24.425000000000182
2026.05.19 08:00:00|L|S1,2026-05-19 08:00:00,2026-05-19 08:00:00,L,pre_cross,1,4557.021,4551.622,5.3989999999994325,2026-05-19 08:00:00,4551.622,SL hit,-5.3989999999994325
2026.05.19 08:00:00|L|S2,2026-05-19 08:00:00,2026-05-19 08:00:00,L,pre_cross,2,4557.021,4551.622,5.3989999999994325,2026-05-19 08:00:00,4551.622,trail/SL hit,-5.3989999999994325
2026.05.19 08:00:00|L|S3,2026-05-19 08:00:00,2026-05-19 08:00:00,L,pre_cross,3,4557.021,4551.622,5.3989999999994325,2026-05-19 08:00:00,4551.622,SL hit,-5.3989999999994325
2026.05.20 12:00:00|L|S1,2026-05-20 12:00:00,2026-05-20 12:00:00,L,post_n3,1,4498.896,4485.781,13.114999999999782,2026-05-20 13:30:00,4485.781,SL hit,-13.114999999999782
2026.05.20 12:00:00|L|S2,2026-05-20 12:00:00,2026-05-20 12:00:00,L,post_n3,2,4498.896,4485.781,13.114999999999782,2026-05-20 13:30:00,4485.781,trail/SL hit,-13.114999999999782
2026.05.20 12:00:00|L|S3,2026-05-20 12:00:00,2026-05-20 12:00:00,L,post_n3,3,4498.896,4485.781,13.114999999999782,2026-05-20 13:30:00,4485.781,SL hit,-13.114999999999782
2026.05.20 12:30:00|L|S1,2026-05-20 12:30:00,2026-05-20 12:30:00,L,post_n4,1,4499.466,4486.829,12.637000000000626,2026-05-20 13:30:00,4486.829,SL hit,-12.637000000000626
2026.05.20 12:30:00|L|S2,2026-05-20 12:30:00,2026-05-20 12:30:00,L,post_n4,2,4499.466,4486.829,12.637000000000626,2026-05-20 13:30:00,4486.829,trail/SL hit,-12.637000000000626
2026.05.20 12:30:00|L|S3,2026-05-20 12:30:00,2026-05-20 12:30:00,L,post_n4,3,4499.466,4486.829,12.637000000000626,2026-05-20 13:30:00,4486.829,SL hit,-12.637000000000626
2026.05.28 13:00:00|L|S1,2026-05-28 13:00:00,2026-05-28 13:00:00,L,pre_cross,1,4432.019,4398.922,33.09700000000066,2026-05-28 15:00:00,4481.664500000001,1.5R TP,49.64550000000099
2026.05.28 13:00:00|L|S2,2026-05-28 13:00:00,2026-05-28 13:00:00,L,pre_cross,2,4432.019,4398.922,33.09700000000066,2026-05-29 12:30:00,4515.047775934224,trail/SL hit,83.02877593422363
2026.05.28 13:00:00|L|S3,2026-05-28 13:00:00,2026-05-28 13:00:00,L,pre_cross,3,4432.019,4398.922,33.09700000000066,2026-06-01 01:00:00,4528.879,M30 merged cross,96.85999999999967
2026.05.28 14:00:00|L|S1,2026-05-28 14:00:00,2026-05-28 14:00:00,L,cross,1,4430.241,4398.922,31.319000000000415,2026-05-28 14:30:00,4477.219500000001,1.5R TP,46.97850000000062
2026.05.28 14:00:00|L|S2,2026-05-28 14:00:00,2026-05-28 14:00:00,L,cross,2,4430.241,4398.922,31.319000000000415,2026-05-29 12:30:00,4515.047775934224,trail/SL hit,84.80677593422388
2026.05.28 14:00:00|L|S3,2026-05-28 14:00:00,2026-05-28 14:00:00,L,cross,3,4430.241,4398.922,31.319000000000415,2026-06-01 01:00:00,4528.879,M30 merged cross,98.63799999999992
2026.06.04 02:00:00|L|S1,2026-06-04 02:00:00,2026-06-04 02:00:00,L,post_n2,1,4465.508,4451.102,14.405999999999949,2026-06-04 11:00:00,4487.117,1.5R TP,21.608999999999924
2026.06.04 02:00:00|L|S2,2026-06-04 02:00:00,2026-06-04 02:00:00,L,post_n2,2,4465.508,4451.102,14.405999999999949,2026-06-04 14:30:00,4478.7845157539805,trail/SL hit,13.276515753980675
2026.06.04 02:00:00|L|S3,2026-06-04 02:00:00,2026-06-04 02:00:00,L,post_n2,3,4465.508,4451.102,14.405999999999949,2026-06-04 22:30:00,4469.677,M30 merged cross,4.168999999999869
2026.06.04 02:30:00|L|S1,2026-06-04 02:30:00,2026-06-04 02:30:00,L,post_n3,1,4460.829,4451.846,8.983000000000175,2026-06-04 02:30:00,4474.3035,1.5R TP,13.474500000000262
2026.06.04 02:30:00|L|S2,2026-06-04 02:30:00,2026-06-04 02:30:00,L,post_n3,2,4460.829,4451.846,8.983000000000175,2026-06-04 07:00:00,4462.004322949609,trail/SL hit,1.1753229496089261
2026.06.04 02:30:00|L|S3,2026-06-04 02:30:00,2026-06-04 02:30:00,L,post_n3,3,4460.829,4451.846,8.983000000000175,2026-06-04 22:30:00,4469.677,M30 merged cross,8.847999999999956
2026.06.05 10:00:00|L|S1,2026-06-05 10:00:00,2026-06-05 10:00:00,L,cross,1,4464.757,4455.615,9.141999999999825,2026-06-05 12:30:00,4455.615,SL hit,-9.141999999999825
2026.06.05 10:00:00|L|S2,2026-06-05 10:00:00,2026-06-05 10:00:00,L,cross,2,4464.757,4455.615,9.141999999999825,2026-06-05 12:30:00,4455.615,trail/SL hit,-9.141999999999825
2026.06.05 10:00:00|L|S3,2026-06-05 10:00:00,2026-06-05 10:00:00,L,cross,3,4464.757,4455.615,9.141999999999825,2026-06-05 12:30:00,4455.615,SL hit,-9.141999999999825
2026.06.05 10:30:00|L|S1,2026-06-05 10:30:00,2026-06-05 10:30:00,L,post_n2,1,4465.936,4459.424,6.511999999999716,2026-06-05 11:00:00,4459.424,SL hit,-6.511999999999716
2026.06.05 10:30:00|L|S2,2026-06-05 10:30:00,2026-06-05 10:30:00,L,post_n2,2,4465.936,4459.424,6.511999999999716,2026-06-05 11:00:00,4459.424,trail/SL hit,-6.511999999999716
2026.06.05 10:30:00|L|S3,2026-06-05 10:30:00,2026-06-05 10:30:00,L,post_n2,3,4465.936,4459.424,6.511999999999716,2026-06-05 11:00:00,4459.424,SL hit,-6.511999999999716
2026.06.09 02:00:00|L|S1,2026-06-09 02:00:00,2026-06-09 02:00:00,L,cross,1,4336.66,4325.516,11.144000000000233,2026-06-09 04:30:00,4325.516,SL hit,-11.144000000000233
2026.06.09 02:00:00|L|S2,2026-06-09 02:00:00,2026-06-09 02:00:00,L,cross,2,4336.66,4325.516,11.144000000000233,2026-06-09 04:30:00,4325.516,trail/SL hit,-11.144000000000233
2026.06.09 02:00:00|L|S3,2026-06-09 02:00:00,2026-06-09 02:00:00,L,cross,3,4336.66,4325.516,11.144000000000233,2026-06-09 04:30:00,4325.516,SL hit,-11.144000000000233
2026.06.18 04:00:00|L|S1,2026-06-18 04:00:00,2026-06-18 04:00:00,L,post_n2,1,4319.839,4308.011,11.82799999999952,2026-06-18 05:30:00,4308.011,SL hit,-11.82799999999952
2026.06.18 04:00:00|L|S2,2026-06-18 04:00:00,2026-06-18 04:00:00,L,post_n2,2,4319.839,4308.011,11.82799999999952,2026-06-18 05:30:00,4308.011,trail/SL hit,-11.82799999999952
2026.06.18 04:00:00|L|S3,2026-06-18 04:00:00,2026-06-18 04:00:00,L,post_n2,3,4319.839,4308.011,11.82799999999952,2026-06-18 05:30:00,4308.011,SL hit,-11.82799999999952
2026.06.18 04:30:00|L|S1,2026-06-18 04:30:00,2026-06-18 04:30:00,L,post_n3,1,4313.655,4308.451,5.2039999999997235,2026-06-18 05:00:00,4321.460999999999,1.5R TP,7.805999999999585
2026.06.18 04:30:00|L|S2,2026-06-18 04:30:00,2026-06-18 04:30:00,L,post_n3,2,4313.655,4308.451,5.2039999999997235,2026-06-18 05:30:00,4310.089969841658,trail/SL hit,-3.5650301583418695
2026.06.18 04:30:00|L|S3,2026-06-18 04:30:00,2026-06-18 04:30:00,L,post_n3,3,4313.655,4308.451,5.2039999999997235,2026-06-18 05:30:00,4308.451,SL hit,-5.2039999999997235
2026.06.22 02:00:00|L|S1,2026-06-22 02:00:00,2026-06-22 02:00:00,L,post_n3,1,4191.107,4166.926,24.180999999999585,2026-06-23 01:30:00,4166.926,SL hit,-24.180999999999585
2026.06.22 02:00:00|L|S2,2026-06-22 02:00:00,2026-06-22 02:00:00,L,post_n3,2,4191.107,4166.926,24.180999999999585,2026-06-22 16:00:00,4182.481,M30 merged cross,-8.626000000000204
2026.06.22 02:00:00|L|S3,2026-06-22 02:00:00,2026-06-22 02:00:00,L,post_n3,3,4191.107,4166.926,24.180999999999585,2026-06-22 16:00:00,4182.481,M30 merged cross,-8.626000000000204
2026.06.22 02:30:00|L|S1,2026-06-22 02:30:00,2026-06-22 02:30:00,L,post_n4,1,4188.909,4168.623,20.286000000000058,2026-06-23 01:30:00,4168.623,SL hit,-20.286000000000058
2026.06.22 02:30:00|L|S2,2026-06-22 02:30:00,2026-06-22 02:30:00,L,post_n4,2,4188.909,4168.623,20.286000000000058,2026-06-22 16:00:00,4182.481,M30 merged cross,-6.427999999999884
2026.06.22 02:30:00|L|S3,2026-06-22 02:30:00,2026-06-22 02:30:00,L,post_n4,3,4188.909,4168.623,20.286000000000058,2026-06-22 16:00:00,4182.481,M30 merged cross,-6.427999999999884
2026.06.25 13:00:00|L|S1,2026-06-25 13:00:00,2026-06-25 13:00:00,L,pre_cross,1,4012.301,3989.848,22.452999999999975,2026-06-26 02:30:00,3989.848,SL hit,-22.452999999999975
2026.06.25 13:00:00|L|S2,2026-06-25 13:00:00,2026-06-25 13:00:00,L,pre_cross,2,4012.301,3989.848,22.452999999999975,2026-06-26 02:00:00,4007.326,M30 merged cross,-4.974999999999909
2026.06.25 13:00:00|L|S3,2026-06-25 13:00:00,2026-06-25 13:00:00,L,pre_cross,3,4012.301,3989.848,22.452999999999975,2026-06-26 02:00:00,4007.326,M30 merged cross,-4.974999999999909
2026.06.25 13:30:00|L|S1,2026-06-25 13:30:00,2026-06-25 13:30:00,L,cross,1,4021.912,3989.848,32.06399999999985,2026-06-26 02:30:00,3989.848,SL hit,-32.06399999999985
2026.06.25 13:30:00|L|S2,2026-06-25 13:30:00,2026-06-25 13:30:00,L,cross,2,4021.912,3989.848,32.06399999999985,2026-06-26 02:00:00,4007.326,M30 merged cross,-14.585999999999785
2026.06.25 13:30:00|L|S3,2026-06-25 13:30:00,2026-06-25 13:30:00,L,cross,3,4021.912,3989.848,32.06399999999985,2026-06-26 02:00:00,4007.326,M30 merged cross,-14.585999999999785
2026.06.25 15:00:00|L|S1,2026-06-25 15:00:00,2026-06-25 15:00:00,L,post_n4,1,4012.016,3998.169,13.847000000000207,2026-06-25 15:00:00,4032.7865,1.5R TP,20.77050000000031
2026.06.25 15:00:00|L|S2,2026-06-25 15:00:00,2026-06-25 15:00:00,L,post_n4,2,4012.016,3998.169,13.847000000000207,2026-06-25 23:30:00,4020.5877087343765,trail/SL hit,8.571708734376443
2026.06.25 15:00:00|L|S3,2026-06-25 15:00:00,2026-06-25 15:00:00,L,post_n4,3,4012.016,3998.169,13.847000000000207,2026-06-26 02:00:00,4007.326,M30 merged cross,-4.690000000000055
2026.06.26 07:00:00|L|S1,2026-06-26 07:00:00,2026-06-26 07:00:00,L,cross,1,4031.873,4013.685,18.188000000000102,2026-06-26 12:30:00,4059.155,1.5R TP,27.282000000000153
2026.06.26 07:00:00|L|S2,2026-06-26 07:00:00,2026-06-26 07:00:00,L,cross,2,4031.873,4013.685,18.188000000000102,2026-06-28 22:00:00,4065.279034279326,trail/SL hit,33.40603427932592
2026.06.26 07:00:00|L|S3,2026-06-26 07:00:00,2026-06-26 07:00:00,L,cross,3,4031.873,4013.685,18.188000000000102,2026-06-29 04:30:00,4052.168,M30 merged cross,20.295000000000073
2026.06.26 07:30:00|L|S1,2026-06-26 07:30:00,2026-06-26 07:30:00,L,post_n2,1,4037.81,4017.515,20.295000000000073,2026-06-26 13:30:00,4068.2525,1.5R TP,30.44250000000011
2026.06.26 07:30:00|L|S2,2026-06-26 07:30:00,2026-06-26 07:30:00,L,post_n2,2,4037.81,4017.515,20.295000000000073,2026-06-28 22:00:00,4065.279034279326,trail/SL hit,27.469034279326024
2026.06.26 07:30:00|L|S3,2026-06-26 07:30:00,2026-06-26 07:30:00,L,post_n2,3,4037.81,4017.515,20.295000000000073,2026-06-29 04:30:00,4052.168,M30 merged cross,14.358000000000175
2026.06.30 07:30:00|L|S1,2026-06-30 07:30:00,2026-06-30 07:30:00,L,cross,1,4028.73,3995.605,33.125,2026-07-01 00:30:00,3995.605,SL hit,-33.125
2026.06.30 07:30:00|L|S2,2026-06-30 07:30:00,2026-06-30 07:30:00,L,cross,2,4028.73,3995.605,33.125,2026-06-30 20:30:00,4007.347,M30 merged cross,-21.38299999999981
2026.06.30 07:30:00|L|S3,2026-06-30 07:30:00,2026-06-30 07:30:00,L,cross,3,4028.73,3995.605,33.125,2026-06-30 20:30:00,4007.347,M30 merged cross,-21.38299999999981
2026.06.30 08:00:00|L|S1,2026-06-30 08:00:00,2026-06-30 08:00:00,L,post_n2,1,4031.991,4003.985,28.005999999999858,2026-07-01 00:00:00,4003.985,SL hit,-28.005999999999858
2026.06.30 08:00:00|L|S2,2026-06-30 08:00:00,2026-06-30 08:00:00,L,post_n2,2,4031.991,4003.985,28.005999999999858,2026-06-30 20:30:00,4007.347,M30 merged cross,-24.643999999999778
2026.06.30 08:00:00|L|S3,2026-06-30 08:00:00,2026-06-30 08:00:00,L,post_n2,3,4031.991,4003.985,28.005999999999858,2026-06-30 20:30:00,4007.347,M30 merged cross,-24.643999999999778
2026.06.30 08:30:00|L|S1,2026-06-30 08:30:00,2026-06-30 08:30:00,L,post_n3,1,4025.79,4005.668,20.121999999999844,2026-06-30 14:00:00,4055.973,1.5R TP,30.182999999999765
2026.06.30 08:30:00|L|S2,2026-06-30 08:30:00,2026-06-30 08:30:00,L,post_n3,2,4025.79,4005.668,20.121999999999844,2026-06-30 17:00:00,4020.64252959883,trail/SL hit,-5.147470401169812
2026.06.30 08:30:00|L|S3,2026-06-30 08:30:00,2026-06-30 08:30:00,L,post_n3,3,4025.79,4005.668,20.121999999999844,2026-06-30 20:30:00,4007.347,M30 merged cross,-18.442999999999756
2026.06.30 09:00:00|L|S1,2026-06-30 09:00:00,2026-06-30 09:00:00,L,post_n4,1,4015.408,4006.414,8.993999999999687,2026-06-30 10:30:00,4028.8989999999994,1.5R TP,13.49099999999953
2026.06.30 09:00:00|L|S2,2026-06-30 09:00:00,2026-06-30 09:00:00,L,post_n4,2,4015.408,4006.414,8.993999999999687,2026-06-30 12:30:00,4014.8702907557654,trail/SL hit,-0.5377092442345202
2026.06.30 09:00:00|L|S3,2026-06-30 09:00:00,2026-06-30 09:00:00,L,post_n4,3,4015.408,4006.414,8.993999999999687,2026-06-30 20:30:00,4006.414,SL hit,-8.993999999999687
2026.07.01 12:30:00|L|S1,2026-07-01 12:30:00,2026-07-01 12:30:00,L,post_n3,1,4025.888,3995.478,30.409999999999854,2026-07-01 13:30:00,4071.5029999999997,1.5R TP,45.61499999999978
2026.07.01 12:30:00|L|S2,2026-07-01 12:30:00,2026-07-01 12:30:00,L,post_n3,2,4025.888,3995.478,30.409999999999854,2026-07-01 19:30:00,4041.6664960675885,trail/SL hit,15.778496067588549
2026.07.01 12:30:00|L|S3,2026-07-01 12:30:00,2026-07-01 12:30:00,L,post_n3,3,4025.888,3995.478,30.409999999999854,2026-07-06 04:00:00,4161.285,M30 merged cross,135.39699999999993
2026.07.01 13:00:00|L|S1,2026-07-01 13:00:00,2026-07-01 13:00:00,L,post_n4,1,4022.877,3997.581,25.29599999999982,2026-07-01 13:30:00,4060.821,1.5R TP,37.94399999999973
2026.07.01 13:00:00|L|S2,2026-07-01 13:00:00,2026-07-01 13:00:00,L,post_n4,2,4022.877,3997.581,25.29599999999982,2026-07-01 19:30:00,4045.7585376444217,trail/SL hit,22.88153764442177
2026.07.01 13:00:00|L|S3,2026-07-01 13:00:00,2026-07-01 13:00:00,L,post_n4,3,4022.877,3997.581,25.29599999999982,2026-07-06 04:00:00,4161.285,M30 merged cross,138.4079999999999
2026.07.09 06:30:00|L|S1,2026-07-09 06:30:00,2026-07-09 06:30:00,L,cross,1,4102.221,4070.367,31.85399999999936,2026-07-12 22:30:00,4070.367,SL hit,-31.85399999999936
2026.07.09 06:30:00|L|S2,2026-07-09 06:30:00,2026-07-09 06:30:00,L,cross,2,4102.221,4070.367,31.85399999999936,2026-07-10 05:00:00,4114.269,M30 merged cross,12.048000000000684
2026.07.09 06:30:00|L|S3,2026-07-09 06:30:00,2026-07-09 06:30:00,L,cross,3,4102.221,4070.367,31.85399999999936,2026-07-10 05:00:00,4114.269,M30 merged cross,12.048000000000684
2026.07.09 07:00:00|L|S1,2026-07-09 07:00:00,2026-07-09 07:00:00,L,post_n2,1,4107.869,4076.382,31.486999999999625,2026-07-10 14:30:00,4076.382,SL hit,-31.486999999999625
2026.07.09 07:00:00|L|S2,2026-07-09 07:00:00,2026-07-09 07:00:00,L,post_n2,2,4107.869,4076.382,31.486999999999625,2026-07-10 05:00:00,4114.269,M30 merged cross,6.400000000000546
2026.07.09 07:00:00|L|S3,2026-07-09 07:00:00,2026-07-09 07:00:00,L,post_n2,3,4107.869,4076.382,31.486999999999625,2026-07-10 05:00:00,4114.269,M30 merged cross,6.400000000000546
2026.07.09 07:30:00|L|S1,2026-07-09 07:30:00,2026-07-09 07:30:00,L,post_n3,1,4108.804,4078.872,29.932000000000244,2026-07-10 14:30:00,4078.872,SL hit,-29.932000000000244
2026.07.09 07:30:00|L|S2,2026-07-09 07:30:00,2026-07-09 07:30:00,L,post_n3,2,4108.804,4078.872,29.932000000000244,2026-07-10 05:00:00,4114.269,M30 merged cross,5.4650000000001455
2026.07.09 07:30:00|L|S3,2026-07-09 07:30:00,2026-07-09 07:30:00,L,post_n3,3,4108.804,4078.872,29.932000000000244,2026-07-10 05:00:00,4114.269,M30 merged cross,5.4650000000001455
2026.07.09 08:00:00|L|S1,2026-07-09 08:00:00,2026-07-09 08:00:00,L,post_n4,1,4107.765,4081.09,26.675000000000182,2026-07-10 14:30:00,4081.09,SL hit,-26.675000000000182
2026.07.09 08:00:00|L|S2,2026-07-09 08:00:00,2026-07-09 08:00:00,L,post_n4,2,4107.765,4081.09,26.675000000000182,2026-07-10 05:00:00,4114.269,M30 merged cross,6.503999999999905
2026.07.09 08:00:00|L|S3,2026-07-09 08:00:00,2026-07-09 08:00:00,L,post_n4,3,4107.765,4081.09,26.675000000000182,2026-07-10 05:00:00,4114.269,M30 merged cross,6.503999999999905
2026.07.14 06:00:00|L|S1,2026-07-14 06:00:00,2026-07-14 06:00:00,L,post_n2,1,4031.281,4016.345,14.93600000000015,2026-07-14 08:00:00,4016.345,SL hit,-14.93600000000015
2026.07.14 06:00:00|L|S2,2026-07-14 06:00:00,2026-07-14 06:00:00,L,post_n2,2,4031.281,4016.345,14.93600000000015,2026-07-14 08:00:00,4016.345,trail/SL hit,-14.93600000000015
2026.07.14 06:00:00|L|S3,2026-07-14 06:00:00,2026-07-14 06:00:00,L,post_n2,3,4031.281,4016.345,14.93600000000015,2026-07-14 08:00:00,4016.345,SL hit,-14.93600000000015
2026.07.14 06:30:00|L|S1,2026-07-14 06:30:00,2026-07-14 06:30:00,L,post_n3,1,4023.142,4016.86,6.281999999999698,2026-07-14 08:00:00,4016.86,SL hit,-6.281999999999698
2026.07.14 06:30:00|L|S2,2026-07-14 06:30:00,2026-07-14 06:30:00,L,post_n3,2,4023.142,4016.86,6.281999999999698,2026-07-14 08:00:00,4016.86,trail/SL hit,-6.281999999999698
2026.07.14 06:30:00|L|S3,2026-07-14 06:30:00,2026-07-14 06:30:00,L,post_n3,3,4023.142,4016.86,6.281999999999698,2026-07-14 08:00:00,4016.86,SL hit,-6.281999999999698
2026.07.17 14:00:00|L|S1,2026-07-17 14:00:00,2026-07-17 14:00:00,L,pre_cross,1,3997.419,3988.93,8.489000000000033,2026-07-17 15:00:00,4010.1525,1.5R TP,12.73350000000005
2026.07.17 14:00:00|L|S2,2026-07-17 14:00:00,2026-07-17 14:00:00,L,pre_cross,2,3997.419,3988.93,8.489000000000033,2026-07-19 22:00:00,4004.9399813977734,trail/SL hit,7.520981397773539
2026.07.17 14:00:00|L|S3,2026-07-17 14:00:00,2026-07-17 14:00:00,L,pre_cross,3,3997.419,3988.93,8.489000000000033,2026-07-19 23:30:00,3995.625,M30 merged cross,-1.793999999999869
2026.07.17 15:00:00|L|S1,2026-07-17 15:00:00,2026-07-17 15:00:00,L,cross,1,4000.934,3988.93,12.00400000000036,2026-07-17 15:30:00,4018.9400000000005,1.5R TP,18.00600000000054
2026.07.17 15:00:00|L|S2,2026-07-17 15:00:00,2026-07-17 15:00:00,L,cross,2,4000.934,3988.93,12.00400000000036,2026-07-19 22:00:00,3999.2844507755185,trail/SL hit,-1.6495492244816887
2026.07.17 15:00:00|L|S3,2026-07-17 15:00:00,2026-07-17 15:00:00,L,cross,3,4000.934,3988.93,12.00400000000036,2026-07-19 23:30:00,3995.625,M30 merged cross,-5.3090000000001965
2026.07.20 01:00:00|L|S1,2026-07-20 01:00:00,2026-07-20 01:00:00,L,cross,1,4008.525,4002.131,6.394000000000233,2026-07-20 01:00:00,4002.131,SL hit,-6.394000000000233
2026.07.20 01:00:00|L|S2,2026-07-20 01:00:00,2026-07-20 01:00:00,L,cross,2,4008.525,4002.131,6.394000000000233,2026-07-20 01:00:00,4002.131,trail/SL hit,-6.394000000000233
2026.07.20 01:00:00|L|S3,2026-07-20 01:00:00,2026-07-20 01:00:00,L,cross,3,4008.525,4002.131,6.394000000000233,2026-07-20 01:00:00,4002.131,SL hit,-6.394000000000233
2026.08.06 16:00:00|S|S1,2026-08-06 16:00:00,2026-08-06 16:00:00,S,cross,1,4233.886,4262.455,28.568999999999505,2026-08-07 03:30:00,4262.455,SL hit,-28.568999999999505
2026.08.06 16:00:00|S|S2,2026-08-06 16:00:00,2026-08-06 16:00:00,S,cross,2,4233.886,4262.455,28.568999999999505,2026-08-07 02:30:00,4250.393,M30 merged cross,-16.506999999999607
2026.08.06 16:00:00|S|S3,2026-08-06 16:00:00,2026-08-06 16:00:00,S,cross,3,4233.886,4262.455,28.568999999999505,2026-08-07 02:30:00,4250.393,M30 merged cross,-16.506999999999607
2026.08.06 16:30:00|S|S1,2026-08-06 16:30:00,2026-08-06 16:30:00,S,post_n2,1,4229.929,4257.453,27.524000000000342,2026-08-07 01:30:00,4257.453,SL hit,-27.524000000000342
2026.08.06 16:30:00|S|S2,2026-08-06 16:30:00,2026-08-06 16:30:00,S,post_n2,2,4229.929,4257.453,27.524000000000342,2026-08-07 01:30:00,4257.453,trail/SL hit,-27.524000000000342
2026.08.06 16:30:00|S|S3,2026-08-06 16:30:00,2026-08-06 16:30:00,S,post_n2,3,4229.929,4257.453,27.524000000000342,2026-08-07 01:30:00,4257.453,SL hit,-27.524000000000342
2026.08.06 17:00:00|S|S1,2026-08-06 17:00:00,2026-08-06 17:00:00,S,post_n3,1,4241.592,4256.207,14.615000000000691,2026-08-07 01:30:00,4256.207,SL hit,-14.615000000000691
2026.08.06 17:00:00|S|S2,2026-08-06 17:00:00,2026-08-06 17:00:00,S,post_n3,2,4241.592,4256.207,14.615000000000691,2026-08-07 01:30:00,4256.207,trail/SL hit,-14.615000000000691
2026.08.06 17:00:00|S|S3,2026-08-06 17:00:00,2026-08-06 17:00:00,S,post_n3,3,4241.592,4256.207,14.615000000000691,2026-08-07 01:30:00,4256.207,SL hit,-14.615000000000691
2026.08.06 17:30:00|S|S1,2026-08-06 17:30:00,2026-08-06 17:30:00,S,post_n4,1,4241.509,4255.098,13.588999999999942,2026-08-07 01:30:00,4255.098,SL hit,-13.588999999999942
2026.08.06 17:30:00|S|S2,2026-08-06 17:30:00,2026-08-06 17:30:00,S,post_n4,2,4241.509,4255.098,13.588999999999942,2026-08-07 01:30:00,4255.098,trail/SL hit,-13.588999999999942
2026.08.06 17:30:00|S|S3,2026-08-06 17:30:00,2026-08-06 17:30:00,S,post_n4,3,4241.509,4255.098,13.588999999999942,2026-08-07 01:30:00,4255.098,SL hit,-13.588999999999942
2026.08.11 07:00:00|S|S1,2026-08-11 07:00:00,2026-08-11 07:00:00,S,cross,1,4366.112,4396.202,30.090000000000146,2026-08-11 12:00:00,4396.202,SL hit,-30.090000000000146
2026.08.11 07:00:00|S|S2,2026-08-11 07:00:00,2026-08-11 07:00:00,S,cross,2,4366.112,4396.202,30.090000000000146,2026-08-11 12:00:00,4396.202,trail/SL hit,-30.090000000000146
2026.08.11 07:00:00|S|S3,2026-08-11 07:00:00,2026-08-11 07:00:00,S,cross,3,4366.112,4396.202,30.090000000000146,2026-08-11 12:00:00,4396.202,SL hit,-30.090000000000146
2026.08.11 07:30:00|S|S1,2026-08-11 07:30:00,2026-08-11 07:30:00,S,post_n2,1,4363.292,4387.948,24.65599999999995,2026-08-11 11:00:00,4387.948,SL hit,-24.65599999999995
2026.08.11 07:30:00|S|S2,2026-08-11 07:30:00,2026-08-11 07:30:00,S,post_n2,2,4363.292,4387.948,24.65599999999995,2026-08-11 11:00:00,4387.948,trail/SL hit,-24.65599999999995
2026.08.11 07:30:00|S|S3,2026-08-11 07:30:00,2026-08-11 07:30:00,S,post_n2,3,4363.292,4387.948,24.65599999999995,2026-08-11 11:00:00,4387.948,SL hit,-24.65599999999995
2026.08.11 08:00:00|S|S1,2026-08-11 08:00:00,2026-08-11 08:00:00,S,post_n3,1,4357.781,4385.632,27.850999999999658,2026-08-11 11:00:00,4385.632,SL hit,-27.850999999999658
2026.08.11 08:00:00|S|S2,2026-08-11 08:00:00,2026-08-11 08:00:00,S,post_n3,2,4357.781,4385.632,27.850999999999658,2026-08-11 11:00:00,4385.632,trail/SL hit,-27.850999999999658
2026.08.11 08:00:00|S|S3,2026-08-11 08:00:00,2026-08-11 08:00:00,S,post_n3,3,4357.781,4385.632,27.850999999999658,2026-08-11 11:00:00,4385.632,SL hit,-27.850999999999658
2026.08.11 08:30:00|S|S1,2026-08-11 08:30:00,2026-08-11 08:30:00,S,post_n4,1,4368.952,4384.357,15.404999999999745,2026-08-11 11:00:00,4384.357,SL hit,-15.404999999999745
2026.08.11 08:30:00|S|S2,2026-08-11 08:30:00,2026-08-11 08:30:00,S,post_n4,2,4368.952,4384.357,15.404999999999745,2026-08-11 11:00:00,4384.357,trail/SL hit,-15.404999999999745
2026.08.11 08:30:00|S|S3,2026-08-11 08:30:00,2026-08-11 08:30:00,S,post_n4,3,4368.952,4384.357,15.404999999999745,2026-08-11 11:00:00,4384.357,SL hit,-15.404999999999745
2026.08.11 18:00:00|S|S1,2026-08-11 18:00:00,2026-08-11 18:00:00,S,post_n2,1,4369.286,4383.79,14.503999999999905,2026-08-12 01:00:00,4383.79,SL hit,-14.503999999999905
2026.08.11 18:00:00|S|S2,2026-08-11 18:00:00,2026-08-11 18:00:00,S,post_n2,2,4369.286,4383.79,14.503999999999905,2026-08-12 01:00:00,4383.79,trail/SL hit,-14.503999999999905
2026.08.11 18:00:00|S|S3,2026-08-11 18:00:00,2026-08-11 18:00:00,S,post_n2,3,4369.286,4383.79,14.503999999999905,2026-08-12 01:00:00,4383.79,SL hit,-14.503999999999905
2026.08.11 18:30:00|S|S1,2026-08-11 18:30:00,2026-08-11 18:30:00,S,post_n3,1,4361.529,4382.074,20.544999999999163,2026-08-12 00:30:00,4382.074,SL hit,-20.544999999999163
2026.08.11 18:30:00|S|S2,2026-08-11 18:30:00,2026-08-11 18:30:00,S,post_n3,2,4361.529,4382.074,20.544999999999163,2026-08-12 00:30:00,4382.074,trail/SL hit,-20.544999999999163
2026.08.11 18:30:00|S|S3,2026-08-11 18:30:00,2026-08-11 18:30:00,S,post_n3,3,4361.529,4382.074,20.544999999999163,2026-08-12 00:30:00,4382.074,SL hit,-20.544999999999163
2026.08.11 19:00:00|S|S1,2026-08-11 19:00:00,2026-08-11 19:00:00,S,post_n4,1,4371.649,4381.262,9.612999999999374,2026-08-12 00:30:00,4381.262,SL hit,-9.612999999999374
2026.08.11 19:00:00|S|S2,2026-08-11 19:00:00,2026-08-11 19:00:00,S,post_n4,2,4371.649,4381.262,9.612999999999374,2026-08-12 00:30:00,4381.262,trail/SL hit,-9.612999999999374
2026.08.11 19:00:00|S|S3,2026-08-11 19:00:00,2026-08-11 19:00:00,S,post_n4,3,4371.649,4381.262,9.612999999999374,2026-08-12 00:30:00,4381.262,SL hit,-9.612999999999374
2026.08.12 17:00:00|S|S1,2026-08-12 17:00:00,2026-08-12 17:00:00,S,pre_cross,1,4401.457,4413.72,12.26299999999992,2026-08-12 18:30:00,4413.72,SL hit,-12.26299999999992
2026.08.12 17:00:00|S|S2,2026-08-12 17:00:00,2026-08-12 17:00:00,S,pre_cross,2,4401.457,4413.72,12.26299999999992,2026-08-12 18:30:00,4413.72,trail/SL hit,-12.26299999999992
2026.08.12 17:00:00|S|S3,2026-08-12 17:00:00,2026-08-12 17:00:00,S,pre_cross,3,4401.457,4413.72,12.26299999999992,2026-08-12 18:30:00,4413.72,SL hit,-12.26299999999992
2026.08.13 04:00:00|S|S1,2026-08-13 04:00:00,2026-08-13 04:00:00,S,post_n2,1,4400.277,4410.829,10.55199999999968,2026-08-13 05:30:00,4384.4490000000005,1.5R TP,15.82799999999952
2026.08.13 04:00:00|S|S2,2026-08-13 04:00:00,2026-08-13 04:00:00,S,post_n2,2,4400.277,4410.829,10.55199999999968,2026-08-13 10:30:00,4392.379946609291,trail/SL hit,7.8970533907086065
2026.08.13 04:00:00|S|S3,2026-08-13 04:00:00,2026-08-13 04:00:00,S,post_n2,3,4400.277,4410.829,10.55199999999968,2026-08-14 09:30:00,4356.95,M30 merged cross,43.327000000000226
2026.08.13 04:30:00|S|S1,2026-08-13 04:30:00,2026-08-13 04:30:00,S,post_n3,1,4397.961,4409.839,11.877999999999702,2026-08-13 06:00:00,4380.144,1.5R TP,17.816999999999553
2026.08.13 04:30:00|S|S2,2026-08-13 04:30:00,2026-08-13 04:30:00,S,post_n3,2,4397.961,4409.839,11.877999999999702,2026-08-13 10:30:00,4392.825525493398,trail/SL hit,5.135474506601895
2026.08.13 04:30:00|S|S3,2026-08-13 04:30:00,2026-08-13 04:30:00,S,post_n3,3,4397.961,4409.839,11.877999999999702,2026-08-14 09:30:00,4356.95,M30 merged cross,41.01100000000042
2026.08.13 05:00:00|S|S1,2026-08-13 05:00:00,2026-08-13 05:00:00,S,post_n4,1,4397.807,4408.897,11.090000000000146,2026-08-13 05:30:00,4381.172,1.5R TP,16.63500000000022
2026.08.13 05:00:00|S|S2,2026-08-13 05:00:00,2026-08-13 05:00:00,S,post_n4,2,4397.807,4408.897,11.090000000000146,2026-08-13 10:30:00,4392.825525493398,trail/SL hit,4.981474506601444
2026.08.13 05:00:00|S|S3,2026-08-13 05:00:00,2026-08-13 05:00:00,S,post_n4,3,4397.807,4408.897,11.090000000000146,2026-08-14 09:30:00,4356.95,M30 merged cross,40.85699999999997
2026.08.18 03:30:00|S|S1,2026-08-18 03:30:00,2026-08-18 03:30:00,S,cross,1,4396.879,4415.685,18.806000000000495,2026-08-18 14:30:00,4368.669999999999,1.5R TP,28.209000000000742
2026.08.18 03:30:00|S|S2,2026-08-18 03:30:00,2026-08-18 03:30:00,S,cross,2,4396.879,4415.685,18.806000000000495,2026-08-19 01:30:00,4355.081069707556,trail/SL hit,41.79793029244411
2026.08.18 03:30:00|S|S3,2026-08-18 03:30:00,2026-08-18 03:30:00,S,cross,3,4396.879,4415.685,18.806000000000495,2026-08-19 09:00:00,4356.468,M30 merged cross,40.41100000000006
2026.08.18 04:00:00|S|S1,2026-08-18 04:00:00,2026-08-18 04:00:00,S,post_n2,1,4391.907,4410.277,18.36999999999989,2026-08-18 14:30:00,4364.352000000001,1.5R TP,27.554999999999836
2026.08.18 04:00:00|S|S2,2026-08-18 04:00:00,2026-08-18 04:00:00,S,post_n2,2,4391.907,4410.277,18.36999999999989,2026-08-19 01:30:00,4355.081069707556,trail/SL hit,36.825930292444355
2026.08.18 04:00:00|S|S3,2026-08-18 04:00:00,2026-08-18 04:00:00,S,post_n2,3,4391.907,4410.277,18.36999999999989,2026-08-19 09:00:00,4356.468,M30 merged cross,35.439000000000306
2026.08.18 04:30:00|S|S1,2026-08-18 04:30:00,2026-08-18 04:30:00,S,post_n3,1,4392.465,4408.908,16.44300000000021,2026-08-18 14:30:00,4367.800499999999,1.5R TP,24.664500000000317
2026.08.18 04:30:00|S|S2,2026-08-18 04:30:00,2026-08-18 04:30:00,S,post_n3,2,4392.465,4408.908,16.44300000000021,2026-08-19 01:00:00,4326.692999999999,4.0R forced,65.77200000000084
2026.08.18 04:30:00|S|S3,2026-08-18 04:30:00,2026-08-18 04:30:00,S,post_n3,3,4392.465,4408.908,16.44300000000021,2026-08-19 09:00:00,4356.468,M30 merged cross,35.9970000000003
2026.08.18 05:00:00|S|S1,2026-08-18 05:00:00,2026-08-18 05:00:00,S,post_n4,1,4393.393,4407.718,14.324999999999818,2026-08-18 14:30:00,4371.905500000001,1.5R TP,21.487499999999727
2026.08.18 05:00:00|S|S2,2026-08-18 05:00:00,2026-08-18 05:00:00,S,post_n4,2,4393.393,4407.718,14.324999999999818,2026-08-18 20:00:00,4336.093000000001,4.0R forced,57.29999999999927
2026.08.18 05:00:00|S|S3,2026-08-18 05:00:00,2026-08-18 05:00:00,S,post_n4,3,4393.393,4407.718,14.324999999999818,2026-08-19 09:00:00,4356.468,M30 merged cross,36.92500000000018
2026.08.20 12:00:00|S|S1,2026-08-20 12:00:00,2026-08-20 12:00:00,S,cross,1,4467.154,4487.866,20.711999999999534,2026-08-20 13:30:00,4487.866,SL hit,-20.711999999999534
2026.08.20 12:00:00|S|S2,2026-08-20 12:00:00,2026-08-20 12:00:00,S,cross,2,4467.154,4487.866,20.711999999999534,2026-08-20 13:30:00,4487.866,trail/SL hit,-20.711999999999534
2026.08.20 12:00:00|S|S3,2026-08-20 12:00:00,2026-08-20 12:00:00,S,cross,3,4467.154,4487.866,20.711999999999534,2026-08-20 13:30:00,4487.866,SL hit,-20.711999999999534
2026.08.20 12:30:00|S|S1,2026-08-20 12:30:00,2026-08-20 12:30:00,S,post_n2,1,4459.655,4483.977,24.322000000000116,2026-08-20 13:00:00,4483.977,SL hit,-24.322000000000116
2026.08.20 12:30:00|S|S2,2026-08-20 12:30:00,2026-08-20 12:30:00,S,post_n2,2,4459.655,4483.977,24.322000000000116,2026-08-20 13:00:00,4483.977,trail/SL hit,-24.322000000000116
2026.08.20 12:30:00|S|S3,2026-08-20 12:30:00,2026-08-20 12:30:00,S,post_n2,3,4459.655,4483.977,24.322000000000116,2026-08-20 13:00:00,4483.977,SL hit,-24.322000000000116
2026.08.25 03:30:00|S|S1,2026-08-25 03:30:00,2026-08-25 03:30:00,S,cross,1,4637.917,4658.864,20.946999999999207,2026-08-25 13:30:00,4606.496500000001,1.5R TP,31.42049999999881
2026.08.25 03:30:00|S|S2,2026-08-25 03:30:00,2026-08-25 03:30:00,S,cross,2,4637.917,4658.864,20.946999999999207,2026-08-25 14:30:00,4636.858167062479,trail/SL hit,1.0588329375214016
2026.08.25 03:30:00|S|S3,2026-08-25 03:30:00,2026-08-25 03:30:00,S,cross,3,4637.917,4658.864,20.946999999999207,2026-08-25 15:30:00,4658.864,SL hit,-20.946999999999207
2026.08.25 04:00:00|S|S1,2026-08-25 04:00:00,2026-08-25 04:00:00,S,post_n2,1,4633.465,4653.293,19.82799999999952,2026-08-25 06:00:00,4653.293,SL hit,-19.82799999999952
2026.08.25 04:00:00|S|S2,2026-08-25 04:00:00,2026-08-25 04:00:00,S,post_n2,2,4633.465,4653.293,19.82799999999952,2026-08-25 06:00:00,4653.293,trail/SL hit,-19.82799999999952
2026.08.25 04:00:00|S|S3,2026-08-25 04:00:00,2026-08-25 04:00:00,S,post_n2,3,4633.465,4653.293,19.82799999999952,2026-08-25 06:00:00,4653.293,SL hit,-19.82799999999952
2026.08.25 04:30:00|S|S1,2026-08-25 04:30:00,2026-08-25 04:30:00,S,post_n3,1,4631.019,4651.558,20.53899999999976,2026-08-25 06:00:00,4651.558,SL hit,-20.53899999999976
2026.08.25 04:30:00|S|S2,2026-08-25 04:30:00,2026-08-25 04:30:00,S,post_n3,2,4631.019,4651.558,20.53899999999976,2026-08-25 06:00:00,4651.558,trail/SL hit,-20.53899999999976
2026.08.25 04:30:00|S|S3,2026-08-25 04:30:00,2026-08-25 04:30:00,S,post_n3,3,4631.019,4651.558,20.53899999999976,2026-08-25 06:00:00,4651.558,SL hit,-20.53899999999976
2026.08.25 05:00:00|S|S1,2026-08-25 05:00:00,2026-08-25 05:00:00,S,post_n4,1,4625.665,4649.594,23.929000000000087,2026-08-25 06:00:00,4649.594,SL hit,-23.929000000000087
2026.08.25 05:00:00|S|S2,2026-08-25 05:00:00,2026-08-25 05:00:00,S,post_n4,2,4625.665,4649.594,23.929000000000087,2026-08-25 06:00:00,4649.594,trail/SL hit,-23.929000000000087
2026.08.25 05:00:00|S|S3,2026-08-25 05:00:00,2026-08-25 05:00:00,S,post_n4,3,4625.665,4649.594,23.929000000000087,2026-08-25 06:00:00,4649.594,SL hit,-23.929000000000087
2026.08.28 15:00:00|S|S1,2026-08-28 15:00:00,2026-08-28 15:00:00,S,post_n2,1,4576.593,4594.098,17.50500000000011,2026-08-28 15:30:00,4550.335499999999,1.5R TP,26.257500000000164
2026.08.28 15:00:00|S|S2,2026-08-28 15:00:00,2026-08-28 15:00:00,S,post_n2,2,4576.593,4594.098,17.50500000000011,2026-08-28 16:00:00,4506.572999999999,4.0R forced,70.02000000000044
2026.08.28 15:00:00|S|S3,2026-08-28 15:00:00,2026-08-28 15:00:00,S,post_n2,3,4576.593,4594.098,17.50500000000011,2026-08-31 20:30:00,4448.558,M30 merged cross,128.03499999999985
2026.08.28 15:30:00|S|S1,2026-08-28 15:30:00,2026-08-28 15:30:00,S,post_n3,1,4566.867,4591.976,25.10899999999947,2026-08-28 15:30:00,4529.203500000001,1.5R TP,37.6634999999992
2026.08.28 15:30:00|S|S2,2026-08-28 15:30:00,2026-08-28 15:30:00,S,post_n3,2,4566.867,4591.976,25.10899999999947,2026-08-28 16:00:00,4466.431000000002,4.0R forced,100.43599999999788
2026.08.28 15:30:00|S|S3,2026-08-28 15:30:00,2026-08-28 15:30:00,S,post_n3,3,4566.867,4591.976,25.10899999999947,2026-08-31 20:30:00,4448.558,M30 merged cross,118.3090000000002
