交易日期,开盘价,最高价,最低价,收盘价,成交量,点差,real_volume,股票代码,时间差
2021-07-02 16:00:00,74.567,74.97,74.312,74.728,6188,86,0,USOILm,0.0
2021-07-02 20:00:00,74.73,74.753,74.567,74.598,563,86,0,USOILm,0.0
2021-07-05 00:00:00,74.629,74.638,74.245,74.563,3291,86,0,USOILm,0.0
2021-07-05 04:00:00,74.564,74.922,74.513,74.712,3135,86,0,USOILm,0.0
2021-07-05 08:00:00,74.714,75.038,74.693,74.958,3776,86,0,USOILm,0.0
2021-07-05 12:00:00,74.964,75.487,74.514,75.425,5888,86,0,USOILm,0.0
2021-07-05 16:00:00,75.425,75.776,75.408,75.658,1374,86,0,USOILm,0.0
2021-07-05 20:00:00,75.713,75.736,75.502,75.643,604,86,0,USOILm,0.0
2021-07-06 00:00:00,75.646,76.153,75.646,76.09,3228,86,0,USOILm,0.0
2021-07-06 04:00:00,76.092,76.359,75.892,76.322,4078,86,0,USOILm,0.0
2021-07-06 08:00:00,76.321,76.332,75.194,75.321,5910,86,0,USOILm,0.0
2021-07-06 12:00:00,75.322,75.499,72.717,72.955,12599,86,0,USOILm,0.0
2021-07-06 16:00:00,72.967,73.282,72.405,73.209,7546,86,0,USOILm,0.0
2021-07-06 20:00:00,73.218,73.247,72.986,73.002,916,86,0,USOILm,0.0
2021-07-07 00:00:00,73.002,73.23,72.569,72.833,4416,86,0,USOILm,0.0
2021-07-07 04:00:00,72.834,73.715,72.821,73.411,4166,86,0,USOILm,0.0
2021-07-07 08:00:00,73.411,74.266,73.283,73.973,5977,86,0,USOILm,0.0
2021-07-07 12:00:00,73.975,74.022,70.601,71.04,13885,86,0,USOILm,0.0
2021-07-07 16:00:00,71.042,71.849,70.969,71.33,6302,86,0,USOILm,0.0
2021-07-07 20:00:00,71.341,71.758,71.249,71.561,971,86,0,USOILm,0.0
2021-07-08 00:00:00,71.572,71.756,71.085,71.546,3750,86,0,USOILm,0.0
2021-07-08 04:00:00,71.544,71.631,70.774,70.836,4730,86,0,USOILm,0.0
2021-07-08 08:00:00,70.822,71.468,70.236,70.996,8879,86,0,USOILm,0.0
2021-07-08 12:00:00,71.006,72.171,70.72,71.924,11428,86,0,USOILm,0.0
2021-07-08 16:00:00,71.924,72.584,71.759,72.532,5864,86,0,USOILm,0.0
2021-07-08 20:00:00,72.532,72.651,72.489,72.598,912,86,0,USOILm,0.0
2021-07-09 00:00:00,72.583,72.816,72.082,72.338,4165,86,0,USOILm,0.0
2021-07-09 04:00:00,72.339,72.873,72.309,72.722,4271,86,0,USOILm,0.0
2021-07-09 08:00:00,72.72,73.263,72.712,73.081,6008,86,0,USOILm,0.0
2021-07-09 12:00:00,73.091,74.093,72.701,73.878,8109,86,0,USOILm,0.0
2021-07-09 16:00:00,73.878,74.051,73.599,73.958,4969,86,0,USOILm,0.0
2021-07-09 20:00:00,73.957,74.036,73.948,74.035,261,86,0,USOILm,0.0
2021-07-12 00:00:00,74.007,74.095,73.715,73.743,3147,86,0,USOILm,0.0
2021-07-12 04:00:00,73.743,73.85,73.207,73.228,3858,86,0,USOILm,0.0
2021-07-12 08:00:00,73.226,73.481,72.517,72.92,6957,86,0,USOILm,0.0
2021-07-12 12:00:00,72.915,73.584,72.583,73.488,9295,86,0,USOILm,0.0
2021-07-12 16:00:00,73.489,73.701,73.043,73.567,5161,86,0,USOILm,0.0
2021-07-12 20:00:00,73.569,73.616,73.49,73.608,797,86,0,USOILm,0.0
2021-07-13 00:00:00,73.61,73.79,73.496,73.665,2432,86,0,USOILm,0.0
2021-07-13 04:00:00,73.667,73.96,73.557,73.904,3093,86,0,USOILm,0.0
2021-07-13 08:00:00,73.903,74.081,73.416,73.694,4595,86,0,USOILm,0.0
2021-07-13 12:00:00,73.696,74.323,73.097,74.287,8638,86,0,USOILm,0.0
2021-07-13 16:00:00,74.295,74.907,74.295,74.731,5598,86,0,USOILm,0.0
2021-07-13 20:00:00,74.73,74.79,74.415,74.437,926,86,0,USOILm,0.0
2021-07-14 00:00:00,74.436,74.622,74.303,74.368,3024,86,0,USOILm,0.0
2021-07-14 04:00:00,74.369,74.758,74.318,74.47,3622,86,0,USOILm,0.0
2021-07-14 08:00:00,74.455,74.629,73.521,74.416,6616,86,0,USOILm,0.0
2021-07-14 12:00:00,74.414,74.871,72.913,73.044,9177,86,0,USOILm,0.0
2021-07-14 16:00:00,73.04,73.331,71.705,72.269,8906,86,0,USOILm,0.0
2021-07-14 20:00:00,72.27,72.485,72.172,72.258,1052,86,0,USOILm,0.0
2021-07-15 00:00:00,72.255,72.32,71.496,71.967,4162,86,0,USOILm,0.0
2021-07-15 04:00:00,71.968,72.029,71.176,71.437,4819,86,0,USOILm,0.0
2021-07-15 08:00:00,71.44,72.143,71.099,71.366,7692,86,0,USOILm,0.0
2021-07-15 12:00:00,71.361,72.413,70.985,72.224,9097,86,0,USOILm,0.0
2021-07-15 16:00:00,72.238,72.29,71.081,71.164,6206,86,0,USOILm,0.0
2021-07-15 20:00:00,71.173,71.215,70.97,71.021,1097,86,0,USOILm,0.0
2021-07-16 00:00:00,71.021,71.427,70.975,71.233,3649,86,0,USOILm,0.0
2021-07-16 04:00:00,71.233,71.362,70.829,71.297,4388,86,0,USOILm,0.0
2021-07-16 08:00:00,71.293,71.932,71.171,71.458,6028,86,0,USOILm,0.0
2021-07-16 12:00:00,71.471,71.948,70.094,71.655,9916,86,0,USOILm,0.0
2021-07-16 16:00:00,71.657,71.918,71.105,71.279,5836,86,0,USOILm,0.0
2021-07-16 20:00:00,71.279,71.293,71.079,71.108,407,86,0,USOILm,0.0
2021-07-19 00:00:00,71.026,71.026,70.228,70.651,4786,86,0,USOILm,0.0
2021-07-19 04:00:00,70.651,71.027,70.121,70.453,5194,86,0,USOILm,0.0
2021-07-19 08:00:00,70.45,70.551,68.589,68.771,8382,86,0,USOILm,0.0
2021-07-19 12:00:00,68.773,69.162,66.563,67.085,13646,86,0,USOILm,0.0
2021-07-19 16:00:00,67.082,67.082,65.477,66.225,9975,86,0,USOILm,0.0
2021-07-19 20:00:00,66.234,66.791,66.18,66.774,1679,86,0,USOILm,0.0
2021-07-20 00:00:00,66.776,66.875,66.252,66.405,5126,86,0,USOILm,0.0
2021-07-20 04:00:00,66.404,67.172,66.274,67.001,5819,86,0,USOILm,0.0
2021-07-20 08:00:00,67.0,67.127,65.979,66.35,10513,86,0,USOILm,0.0
2021-07-20 12:00:00,66.347,67.1,64.949,67.077,12134,86,0,USOILm,0.0
2021-07-20 16:00:00,67.081,67.466,66.593,67.283,6226,86,0,USOILm,0.0
2021-07-20 20:00:00,67.283,67.405,66.467,66.619,1647,86,0,USOILm,0.0
2021-07-21 00:00:00,66.611,66.879,66.356,66.575,4417,86,0,USOILm,0.0
2021-07-21 04:00:00,66.574,67.479,66.513,67.394,5165,86,0,USOILm,0.0
2021-07-21 08:00:00,67.396,68.169,67.234,67.875,7659,86,0,USOILm,0.0
2021-07-21 12:00:00,67.874,70.18,67.783,70.145,9679,86,0,USOILm,0.0
2021-07-21 16:00:00,70.145,70.33,69.902,70.026,5650,86,0,USOILm,0.0
2021-07-21 20:00:00,70.026,70.143,69.982,70.052,813,86,0,USOILm,0.0
2021-07-22 00:00:00,70.048,70.159,69.697,69.819,3570,86,0,USOILm,0.0
2021-07-22 04:00:00,69.823,70.238,69.657,69.967,4269,86,0,USOILm,0.0
2021-07-22 08:00:00,69.968,70.944,69.879,70.714,6761,86,0,USOILm,0.0
2021-07-22 12:00:00,70.712,70.917,69.947,70.896,10122,86,0,USOILm,0.0
2021-07-22 16:00:00,70.897,71.814,70.883,71.475,5856,86,0,USOILm,0.0
2021-07-22 20:00:00,71.473,71.619,71.415,71.477,938,86,0,USOILm,0.0
2021-07-23 00:00:00,71.477,71.699,71.234,71.431,3559,86,0,USOILm,0.0
2021-07-23 04:00:00,71.437,71.714,71.282,71.489,4168,86,0,USOILm,0.0
2021-07-23 08:00:00,71.504,71.862,71.252,71.636,5729,86,0,USOILm,0.0
2021-07-23 12:00:00,71.638,71.75,71.172,71.544,7515,86,0,USOILm,0.0
2021-07-23 16:00:00,71.545,71.891,71.522,71.8,4382,86,0,USOILm,0.0
2021-07-23 20:00:00,71.805,71.885,71.779,71.848,346,86,0,USOILm,0.0
2021-07-26 00:00:00,72.067,72.067,71.332,71.37,2989,86,0,USOILm,0.0
2021-07-26 04:00:00,71.372,71.449,70.768,70.915,4498,86,0,USOILm,0.0
2021-07-26 08:00:00,70.904,71.559,70.329,71.455,5730,86,0,USOILm,0.0
2021-07-26 12:00:00,71.453,72.056,70.943,71.396,8203,86,0,USOILm,0.0
2021-07-26 16:00:00,71.41,72.021,71.173,71.937,4166,86,0,USOILm,0.0
2021-07-26 20:00:00,71.94,72.002,71.843,71.854,488,86,0,USOILm,0.0
2021-07-27 00:00:00,71.85,72.089,71.665,71.929,2816,86,0,USOILm,0.0
2021-07-27 04:00:00,71.939,71.964,71.235,71.592,3534,86,0,USOILm,0.0
2021-07-27 08:00:00,71.583,72.048,71.529,71.676,5573,86,0,USOILm,0.0
2021-07-27 12:00:00,71.661,71.948,71.144,71.302,7668,86,0,USOILm,0.0
2021-07-27 16:00:00,71.292,71.675,70.884,71.583,4961,86,0,USOILm,0.0
2021-07-27 20:00:00,71.586,71.752,71.503,71.721,826,86,0,USOILm,0.0
2021-07-28 00:00:00,71.724,71.962,71.671,71.846,2994,86,0,USOILm,0.0
2021-07-28 04:00:00,71.852,71.966,71.584,71.686,3271,86,0,USOILm,0.0
2021-07-28 08:00:00,71.679,72.314,71.451,71.73,4916,86,0,USOILm,0.0
2021-07-28 12:00:00,71.732,72.036,71.473,71.954,7345,86,0,USOILm,0.0
2021-07-28 16:00:00,71.956,72.288,71.811,71.954,4057,86,0,USOILm,0.0
2021-07-28 20:00:00,71.952,72.124,71.933,72.102,490,86,0,USOILm,0.0
2021-07-29 00:00:00,72.105,72.438,71.961,72.316,2526,86,0,USOILm,0.0
2021-07-29 04:00:00,72.317,72.789,72.305,72.673,2534,86,0,USOILm,0.0
2021-07-29 08:00:00,72.684,72.953,72.2,72.511,4295,86,0,USOILm,0.0
2021-07-29 12:00:00,72.52,73.052,72.24,72.993,5667,86,0,USOILm,0.0
2021-07-29 16:00:00,72.995,73.346,72.811,73.284,3037,86,0,USOILm,0.0
2021-07-29 20:00:00,73.283,73.3,72.939,72.949,586,86,0,USOILm,0.0
2021-07-30 00:00:00,72.947,73.063,72.664,72.814,2674,86,0,USOILm,0.0
2021-07-30 04:00:00,72.822,72.997,72.589,72.985,3002,86,0,USOILm,0.0
2021-07-30 08:00:00,72.977,73.267,72.738,73.065,4083,86,0,USOILm,0.0
2021-07-30 12:00:00,73.067,73.571,72.903,73.422,6133,86,0,USOILm,0.0
2021-07-30 16:00:00,73.436,73.842,73.219,73.349,3870,86,0,USOILm,0.0
2021-07-30 20:00:00,73.353,73.418,73.279,73.283,222,86,0,USOILm,0.0
2021-08-02 00:00:00,73.292,73.316,72.344,72.701,3942,86,0,USOILm,0.0
2021-08-02 04:00:00,72.703,72.992,72.57,72.578,3010,86,0,USOILm,0.0
2021-08-02 08:00:00,72.573,72.918,72.256,72.566,4510,86,0,USOILm,0.0
2021-08-02 12:00:00,72.567,72.961,70.33,70.381,9097,86,0,USOILm,0.0
2021-08-02 16:00:00,70.38,71.053,70.201,70.978,5770,86,0,USOILm,0.0
2021-08-02 20:00:00,70.983,71.159,70.965,70.97,522,86,0,USOILm,0.0
2021-08-03 00:00:00,70.985,71.303,70.729,70.859,2724,86,0,USOILm,0.0
2021-08-03 04:00:00,70.85,71.107,70.569,70.948,3054,86,0,USOILm,0.0
2021-08-03 08:00:00,70.961,71.533,70.921,70.929,4278,86,0,USOILm,0.0
2021-08-03 12:00:00,70.93,71.035,68.849,70.363,11760,86,0,USOILm,0.0
2021-08-03 16:00:00,70.375,70.487,70.0,70.274,4334,86,0,USOILm,0.0
2021-08-03 20:00:00,70.276,70.331,69.917,70.053,787,86,0,USOILm,0.0
2021-08-04 00:00:00,70.064,70.176,69.707,70.126,2264,86,0,USOILm,0.0
2021-08-04 04:00:00,70.127,70.409,69.872,70.299,2773,86,0,USOILm,0.0
2021-08-04 08:00:00,70.306,70.461,68.838,68.872,5411,86,0,USOILm,0.0
2021-08-04 12:00:00,68.859,69.228,67.749,67.861,11090,86,0,USOILm,0.0
2021-08-04 16:00:00,67.852,68.312,67.623,67.665,5736,86,0,USOILm,0.0
2021-08-04 20:00:00,67.659,67.833,67.645,67.81,582,86,0,USOILm,0.0
2021-08-05 00:00:00,67.812,68.212,67.812,68.153,2358,86,0,USOILm,0.0
2021-08-05 04:00:00,68.152,68.213,67.323,67.848,3883,86,0,USOILm,0.0
2021-08-05 08:00:00,67.845,68.58,67.464,67.722,6379,86,0,USOILm,0.0
2021-08-05 12:00:00,67.731,69.058,67.612,68.638,8492,86,0,USOILm,0.0
2021-08-05 16:00:00,68.64,68.94,68.496,68.934,3816,86,0,USOILm,0.0
2021-08-05 20:00:00,68.928,68.953,68.745,68.752,419,86,0,USOILm,0.0
2021-08-06 00:00:00,68.751,68.965,68.582,68.905,1965,86,0,USOILm,0.0
2021-08-06 04:00:00,68.904,69.435,68.825,69.102,2787,86,0,USOILm,0.0
2021-08-06 08:00:00,69.117,69.88,68.978,69.555,4272,86,0,USOILm,0.0
2021-08-06 12:00:00,69.569,69.916,67.638,68.083,10087,86,0,USOILm,0.0
2021-08-06 16:00:00,68.091,68.615,67.78,67.952,5174,86,0,USOILm,0.0
2021-08-06 20:00:00,67.947,67.959,67.798,67.817,245,86,0,USOILm,0.0
2021-08-09 00:00:00,67.01,67.078,66.524,66.774,3880,86,0,USOILm,0.0
2021-08-09 04:00:00,66.786,66.86,65.815,65.815,4232,86,0,USOILm,0.0
2021-08-09 08:00:00,65.83,65.86,64.994,65.681,7977,86,0,USOILm,0.0
2021-08-09 12:00:00,65.673,66.463,65.044,66.233,10584,86,0,USOILm,0.0
2021-08-09 16:00:00,66.22,66.682,65.776,66.562,5165,86,0,USOILm,0.0
2021-08-09 20:00:00,66.56,66.753,66.557,66.705,521,86,0,USOILm,0.0
2021-08-10 00:00:00,66.707,66.806,66.317,66.68,3029,86,0,USOILm,0.0
2021-08-10 04:00:00,66.679,67.757,66.617,67.532,3507,86,0,USOILm,0.0
2021-08-10 08:00:00,67.545,67.755,66.943,67.358,5536,86,0,USOILm,0.0
2021-08-10 12:00:00,67.365,68.591,66.811,68.25,8901,86,0,USOILm,0.0
2021-08-10 16:00:00,68.248,68.666,68.007,68.183,3990,86,0,USOILm,0.0
2021-08-10 20:00:00,68.189,68.31,68.155,68.241,586,86,0,USOILm,0.0
2021-08-11 00:00:00,68.244,68.324,67.696,67.906,2954,86,0,USOILm,0.0
2021-08-11 04:00:00,67.915,68.56,67.79,68.19,3643,86,0,USOILm,0.0
2021-08-11 08:00:00,68.203,68.352,66.83,67.131,6779,86,0,USOILm,0.0
2021-08-11 12:00:00,67.127,67.91,66.464,67.442,10650,86,0,USOILm,0.0
2021-08-11 16:00:00,67.45,69.167,67.336,69.078,5472,86,0,USOILm,0.0
2021-08-11 20:00:00,69.076,69.179,69.066,69.08,471,86,0,USOILm,0.0
2021-08-12 00:00:00,69.093,69.259,68.894,69.045,2562,86,0,USOILm,0.0
2021-08-12 04:00:00,69.046,69.216,68.726,69.145,3202,86,0,USOILm,0.0
2021-08-12 08:00:00,69.159,69.381,68.537,68.626,4936,86,0,USOILm,0.0
2021-08-12 12:00:00,68.618,69.073,68.228,68.981,8216,86,0,USOILm,0.0
2021-08-12 16:00:00,68.983,69.171,68.694,68.694,3571,86,0,USOILm,0.0
2021-08-12 20:00:00,68.696,68.765,68.517,68.604,566,86,0,USOILm,0.0
2021-08-13 00:00:00,68.618,68.69,68.27,68.414,2542,86,0,USOILm,0.0
2021-08-13 04:00:00,68.412,68.538,67.919,68.406,3198,86,0,USOILm,0.0
2021-08-13 08:00:00,68.42,68.865,68.139,68.664,4802,86,0,USOILm,0.0
2021-08-13 12:00:00,68.66,68.959,68.339,68.412,6934,86,0,USOILm,0.0
2021-08-13 16:00:00,68.415,68.441,67.54,67.734,4681,86,0,USOILm,0.0
2021-08-13 20:00:00,67.74,67.756,67.583,67.707,357,86,0,USOILm,0.0
2021-08-16 00:00:00,67.806,67.806,67.156,67.384,3461,86,0,USOILm,0.0
2021-08-16 04:00:00,67.397,67.495,66.605,66.909,4152,86,0,USOILm,0.0
2021-08-16 08:00:00,66.913,67.859,66.836,67.225,6490,86,0,USOILm,0.0
2021-08-16 12:00:00,67.221,67.468,65.487,67.431,10574,86,0,USOILm,0.0
2021-08-16 16:00:00,67.444,67.539,66.674,67.159,4387,86,0,USOILm,0.0
2021-08-16 20:00:00,67.162,67.37,67.112,67.314,679,0,0,USOILm,0.0
2021-08-17 00:00:00,67.311,67.312,66.996,67.001,2559,86,0,USOILm,0.0
2021-08-17 04:00:00,67.002,67.099,66.343,66.598,3904,86,0,USOILm,0.0
2021-08-17 08:00:00,66.612,66.913,66.275,66.626,5948,86,0,USOILm,0.0
2021-08-17 12:00:00,66.623,67.407,66.314,66.634,8634,86,0,USOILm,0.0
2021-08-17 16:00:00,66.621,66.88,66.052,66.473,5647,86,0,USOILm,0.0
2021-08-17 20:00:00,66.469,66.504,66.2,66.265,1149,0,0,USOILm,0.0
2021-08-18 00:00:00,66.264,66.483,66.124,66.453,3312,86,0,USOILm,0.0
2021-08-18 04:00:00,66.455,66.872,66.428,66.525,2930,86,0,USOILm,0.0
2021-08-18 08:00:00,66.522,67.166,66.468,67.047,5299,86,0,USOILm,0.0
2021-08-18 12:00:00,67.048,67.146,65.624,65.913,9368,86,0,USOILm,0.0
2021-08-18 16:00:00,65.914,66.007,64.486,64.619,7449,86,0,USOILm,0.0
2021-08-18 20:00:00,64.625,64.652,64.191,64.435,1703,0,0,USOILm,0.0
2021-08-19 00:00:00,64.433,64.492,63.986,64.288,4109,86,0,USOILm,0.0
2021-08-19 04:00:00,64.289,64.361,63.193,63.222,5448,86,0,USOILm,0.0
2021-08-19 08:00:00,63.225,63.352,62.594,63.044,9104,86,0,USOILm,0.0
2021-08-19 12:00:00,63.054,63.625,62.346,63.107,11780,86,0,USOILm,0.0
2021-08-19 16:00:00,63.103,63.975,62.695,63.821,6852,86,0,USOILm,0.0
2021-08-19 20:00:00,63.82,63.861,63.446,63.559,1230,0,0,USOILm,0.0
2021-08-20 00:00:00,63.557,63.932,63.41,63.801,3704,86,0,USOILm,0.0
2021-08-20 04:00:00,63.803,63.878,63.28,63.355,4559,86,0,USOILm,0.0
2021-08-20 08:00:00,63.368,63.525,62.511,62.533,6300,86,0,USOILm,0.0
2021-08-20 12:00:00,62.549,63.167,61.996,62.499,9529,86,0,USOILm,0.0
2021-08-20 16:00:00,62.505,62.753,61.831,61.834,5449,86,0,USOILm,0.0
2021-08-20 20:00:00,61.83,61.884,61.768,61.847,333,86,0,USOILm,0.0
2021-08-23 00:00:00,62.211,63.347,62.211,63.101,4057,86,0,USOILm,0.0
2021-08-23 04:00:00,63.102,63.455,63.033,63.412,4405,86,0,USOILm,0.0
2021-08-23 08:00:00,63.427,64.206,63.373,64.044,5954,86,0,USOILm,0.0
2021-08-23 12:00:00,64.031,65.89,63.765,65.454,8818,86,0,USOILm,0.0
2021-08-23 16:00:00,65.461,65.744,65.243,65.336,4384,86,0,USOILm,0.0
2021-08-23 20:00:00,65.331,65.615,65.29,65.442,782,0,0,USOILm,0.0
2021-08-24 00:00:00,65.447,66.156,65.303,65.648,3483,86,0,USOILm,0.0
2021-08-24 04:00:00,65.647,66.002,65.607,65.91,3584,86,0,USOILm,0.0
2021-08-24 08:00:00,65.904,66.77,65.904,66.49,5214,86,0,USOILm,0.0
2021-08-24 12:00:00,66.485,67.525,66.191,67.141,7821,86,0,USOILm,0.0
2021-08-24 16:00:00,67.135,67.679,67.066,67.555,4334,86,0,USOILm,0.0
2021-08-24 20:00:00,67.558,67.606,67.222,67.287,1015,0,0,USOILm,0.0
2021-08-25 00:00:00,67.274,67.482,66.882,67.039,2979,86,0,USOILm,0.0
2021-08-25 04:00:00,67.037,67.457,66.966,67.207,3015,86,0,USOILm,0.0
2021-08-25 08:00:00,67.214,67.798,66.801,67.798,4464,86,0,USOILm,0.0
2021-08-25 12:00:00,67.785,68.057,67.041,67.743,8810,86,0,USOILm,0.0
2021-08-25 16:00:00,67.744,68.404,67.744,68.174,4316,86,0,USOILm,0.0
2021-08-25 20:00:00,68.172,68.174,67.803,67.856,882,0,0,USOILm,0.0
2021-08-26 00:00:00,67.858,67.91,67.638,67.758,2514,86,0,USOILm,0.0
2021-08-26 04:00:00,67.757,67.945,67.21,67.217,3816,86,0,USOILm,0.0
2021-08-26 08:00:00,67.226,67.745,67.212,67.473,5020,86,0,USOILm,0.0
2021-08-26 12:00:00,67.488,67.858,66.962,67.527,8401,86,0,USOILm,0.0
2021-08-26 16:00:00,67.54,68.145,66.876,67.673,5636,86,0,USOILm,0.0
2021-08-26 20:00:00,67.679,67.77,67.529,67.656,890,0,0,USOILm,0.0
2021-08-27 00:00:00,67.653,67.937,67.35,67.831,2819,86,0,USOILm,0.0
2021-08-27 04:00:00,67.834,68.574,67.821,68.357,3498,86,0,USOILm,0.0
2021-08-27 08:00:00,68.359,68.542,67.941,68.498,4646,86,0,USOILm,0.0
2021-08-27 12:00:00,68.5,68.861,68.261,68.607,7870,86,0,USOILm,0.0
2021-08-27 16:00:00,68.619,68.724,68.437,68.597,3567,86,0,USOILm,0.0
2021-08-27 20:00:00,68.599,68.599,68.513,68.522,252,86,0,USOILm,0.0
2021-08-30 00:00:00,69.221,69.221,68.313,68.529,3810,86,0,USOILm,0.0
2021-08-30 04:00:00,68.522,68.546,67.715,67.884,3435,86,0,USOILm,0.0
2021-08-30 08:00:00,67.892,68.534,67.57,68.517,4871,86,0,USOILm,0.0
2021-08-30 12:00:00,68.513,68.909,68.069,68.795,7631,86,0,USOILm,0.0
2021-08-30 16:00:00,68.794,69.183,68.768,68.912,3718,86,0,USOILm,0.0
2021-08-30 20:00:00,68.909,69.04,68.878,68.955,702,0,0,USOILm,0.0
2021-08-31 00:00:00,68.951,69.025,68.544,68.671,2115,86,0,USOILm,0.0
2021-08-31 04:00:00,68.673,69.164,68.544,68.589,3123,86,0,USOILm,0.0
2021-08-31 08:00:00,68.596,68.694,68.139,68.396,5690,86,0,USOILm,0.0
2021-08-31 12:00:00,68.398,68.972,68.035,68.631,8734,86,0,USOILm,0.0
2021-08-31 16:00:00,68.628,68.863,68.141,68.315,4297,86,0,USOILm,0.0
2021-08-31 20:00:00,68.309,68.475,68.24,68.32,824,0,0,USOILm,0.0
2021-09-01 00:00:00,68.317,69.015,68.268,68.798,3091,86,0,USOILm,0.0
2021-09-01 04:00:00,68.8,69.062,68.701,68.952,3048,86,0,USOILm,0.0
2021-09-01 08:00:00,68.965,69.001,68.182,68.524,4553,86,0,USOILm,0.0
2021-09-01 12:00:00,68.529,68.676,66.974,67.742,10770,86,0,USOILm,0.0
2021-09-01 16:00:00,67.749,68.495,67.732,68.083,4686,86,0,USOILm,0.0
2021-09-01 20:00:00,68.079,68.115,67.942,68.018,649,0,0,USOILm,0.0
2021-09-02 00:00:00,68.019,68.109,67.653,68.084,2752,86,0,USOILm,0.0
2021-09-02 04:00:00,68.086,68.429,68.017,68.362,3063,86,0,USOILm,0.0
2021-09-02 08:00:00,68.363,68.853,67.991,68.606,4017,86,0,USOILm,0.0
2021-09-02 12:00:00,68.615,70.395,68.615,70.243,7675,86,0,USOILm,0.0
2021-09-02 16:00:00,70.256,70.263,69.507,69.519,4595,86,0,USOILm,0.0
2021-09-02 20:00:00,69.525,69.634,69.494,69.549,554,0,0,USOILm,0.0
2021-09-03 00:00:00,69.544,69.838,69.397,69.633,2623,86,0,USOILm,0.0
2021-09-03 04:00:00,69.634,69.867,69.536,69.697,2717,86,0,USOILm,0.0
2021-09-03 08:00:00,69.711,70.112,69.464,70.062,4213,86,0,USOILm,0.0
2021-09-03 12:00:00,70.06,70.324,69.257,69.276,8662,86,0,USOILm,0.0
2021-09-03 16:00:00,69.278,69.428,68.929,69.073,4357,86,0,USOILm,0.0
2021-09-03 20:00:00,69.086,69.099,69.026,69.049,199,86,0,USOILm,0.0
2021-09-06 00:00:00,68.568,68.642,68.166,68.369,3524,86,0,USOILm,0.0
2021-09-06 04:00:00,68.368,68.452,68.086,68.444,2732,86,0,USOILm,0.0
2021-09-06 08:00:00,68.458,68.922,68.376,68.847,3366,86,0,USOILm,0.0
2021-09-06 12:00:00,68.842,69.28,68.564,68.686,4974,86,0,USOILm,0.0
2021-09-06 16:00:00,68.689,68.739,68.549,68.577,652,86,0,USOILm,0.0
2021-09-06 20:00:00,68.614,68.657,68.518,68.608,469,0,0,USOILm,0.0
2021-09-07 00:00:00,68.613,69.023,68.556,69.003,2093,86,0,USOILm,0.0
2021-09-07 04:00:00,69.007,69.221,68.633,68.889,3264,86,0,USOILm,0.0
2021-09-07 08:00:00,68.894,69.014,68.002,68.217,6002,86,0,USOILm,0.0
2021-09-07 12:00:00,68.222,68.606,67.464,67.883,9333,86,0,USOILm,0.0
2021-09-07 16:00:00,67.888,68.241,67.622,68.13,4705,86,0,USOILm,0.0
2021-09-07 20:00:00,68.131,68.266,68.113,68.225,456,0,0,USOILm,0.0
2021-09-08 00:00:00,68.226,68.459,68.129,68.187,2279,86,0,USOILm,0.0
2021-09-08 04:00:00,68.19,68.661,68.187,68.463,3514,86,0,USOILm,0.0
2021-09-08 08:00:00,68.472,69.224,68.217,68.975,4940,86,0,USOILm,0.0
2021-09-08 12:00:00,68.98,69.513,68.724,69.059,8081,86,0,USOILm,0.0
2021-09-08 16:00:00,69.06,69.188,68.618,69.105,4018,86,0,USOILm,0.0
2021-09-08 20:00:00,69.102,69.194,68.987,68.992,516,0,0,USOILm,0.0
2021-09-09 00:00:00,68.998,69.299,68.829,69.137,2400,86,0,USOILm,0.0
2021-09-09 04:00:00,69.133,69.277,68.771,68.863,3713,86,0,USOILm,0.0
2021-09-09 08:00:00,68.876,69.639,68.777,69.482,4859,86,0,USOILm,0.0
2021-09-09 12:00:00,69.486,69.591,67.634,69.034,10279,86,0,USOILm,0.0
2021-09-09 16:00:00,69.045,69.116,67.362,67.737,6992,86,0,USOILm,0.0
2021-09-09 20:00:00,67.739,67.774,67.533,67.739,868,0,0,USOILm,0.0
2021-09-10 00:00:00,67.727,68.396,67.472,68.286,2926,86,0,USOILm,0.0
2021-09-10 04:00:00,68.285,68.815,68.193,68.773,3509,86,0,USOILm,0.0
2021-09-10 08:00:00,68.784,69.25,68.777,69.136,4643,86,0,USOILm,0.0
2021-09-10 12:00:00,69.121,69.716,69.035,69.458,7651,86,0,USOILm,0.0
2021-09-10 16:00:00,69.473,69.615,69.232,69.362,3351,86,0,USOILm,0.0
2021-09-10 20:00:00,69.363,69.366,69.306,69.351,269,86,0,USOILm,0.0
2021-09-13 00:00:00,69.829,70.066,69.701,69.702,2830,86,0,USOILm,0.0
2021-09-13 04:00:00,69.695,70.178,69.56,69.825,3898,86,0,USOILm,0.0
2021-09-13 08:00:00,69.83,70.483,69.675,69.908,4831,86,0,USOILm,0.0
2021-09-13 12:00:00,69.906,70.679,69.836,70.079,8183,86,0,USOILm,0.0
2021-09-13 16:00:00,70.078,70.365,69.943,70.365,3277,86,0,USOILm,0.0
2021-09-13 20:00:00,70.367,70.467,70.306,70.361,546,0,0,USOILm,0.0
2021-09-14 00:00:00,70.367,70.683,70.24,70.616,2467,86,0,USOILm,0.0
2021-09-14 04:00:00,70.613,70.874,70.563,70.761,3260,86,0,USOILm,0.0
2021-09-14 08:00:00,70.766,70.854,70.376,70.564,4246,86,0,USOILm,0.0
2021-09-14 12:00:00,70.574,70.934,70.14,70.345,8522,86,0,USOILm,0.0
2021-09-14 16:00:00,70.344,70.505,69.729,70.125,4305,86,0,USOILm,0.0
2021-09-14 20:00:00,70.118,70.523,70.114,70.523,1093,0,0,USOILm,0.0
2021-09-15 00:00:00,70.531,70.707,70.406,70.617,2618,86,0,USOILm,0.0
2021-09-15 04:00:00,70.618,71.027,70.581,70.874,2824,86,0,USOILm,0.0
2021-09-15 08:00:00,70.887,71.336,70.74,71.136,3781,86,0,USOILm,0.0
2021-09-15 12:00:00,71.141,72.843,71.125,72.343,8297,86,0,USOILm,0.0
2021-09-15 16:00:00,72.34,72.548,71.985,72.34,5238,86,0,USOILm,0.0
2021-09-15 20:00:00,72.341,72.44,72.24,72.265,691,0,0,USOILm,0.0
2021-09-16 00:00:00,72.263,72.672,72.079,72.413,3270,86,0,USOILm,0.0
2021-09-16 04:00:00,72.418,72.566,72.061,72.24,3811,86,0,USOILm,0.0
2021-09-16 08:00:00,72.253,72.467,72.038,72.134,4833,86,0,USOILm,0.0
2021-09-16 12:00:00,72.12,72.299,71.258,71.885,9741,86,0,USOILm,0.0
2021-09-16 16:00:00,71.88,72.555,71.859,72.338,4336,86,0,USOILm,0.0
2021-09-16 20:00:00,72.353,72.426,72.274,72.278,727,0,0,USOILm,0.0
2021-09-17 00:00:00,72.275,72.4,72.084,72.151,2594,86,0,USOILm,0.0
2021-09-17 04:00:00,72.153,72.212,71.817,71.883,3070,86,0,USOILm,0.0
2021-09-17 08:00:00,71.897,72.044,71.592,72.016,5559,86,0,USOILm,0.0
2021-09-17 12:00:00,72.014,72.14,70.968,71.34,8875,86,0,USOILm,0.0
2021-09-17 16:00:00,71.335,71.92,71.237,71.788,5025,86,0,USOILm,0.0
2021-09-17 20:00:00,71.785,71.806,71.68,71.709,271,86,0,USOILm,0.0
2021-09-20 00:00:00,71.429,71.557,71.033,71.178,2241,86,0,USOILm,0.0
2021-09-20 04:00:00,71.175,71.291,70.544,70.807,4455,86,0,USOILm,0.0
2021-09-20 08:00:00,70.821,70.877,69.844,69.909,7175,86,0,USOILm,0.0
2021-09-20 12:00:00,69.896,71.011,69.752,70.377,10287,86,0,USOILm,0.0
2021-09-20 16:00:00,70.381,70.687,69.639,70.671,5964,86,0,USOILm,0.0
2021-09-20 20:00:00,70.665,70.675,70.275,70.562,1235,0,0,USOILm,0.0
2021-09-21 00:00:00,70.561,70.791,70.376,70.751,2503,86,0,USOILm,0.0
2021-09-21 04:00:00,70.752,71.161,70.644,71.161,4027,86,0,USOILm,0.0
2021-09-21 08:00:00,71.177,71.37,70.712,70.839,5839,86,0,USOILm,0.0
2021-09-21 12:00:00,70.824,70.915,69.312,70.218,9937,86,0,USOILm,0.0
2021-09-21 16:00:00,70.222,70.689,70.026,70.55,5596,86,0,USOILm,0.0
2021-09-21 20:00:00,70.552,70.758,70.522,70.628,1119,0,0,USOILm,0.0
2021-09-22 00:00:00,70.627,71.246,70.534,71.141,3969,86,0,USOILm,0.0
2021-09-22 04:00:00,71.155,71.662,71.087,71.226,3899,86,0,USOILm,0.0
2021-09-22 08:00:00,71.229,71.679,71.22,71.449,4646,86,0,USOILm,0.0
2021-09-22 12:00:00,71.442,71.89,71.154,71.675,8343,86,0,USOILm,0.0
2021-09-22 16:00:00,71.678,72.187,71.571,71.876,5367,86,0,USOILm,0.0
2021-09-22 20:00:00,71.869,71.883,71.798,71.836,711,0,0,USOILm,0.0
2021-09-23 00:00:00,71.828,72.341,71.802,72.267,3028,86,0,USOILm,0.0
2021-09-23 04:00:00,72.266,72.409,72.052,72.145,3121,86,0,USOILm,0.0
2021-09-23 08:00:00,72.158,72.381,71.508,71.81,5379,86,0,USOILm,0.0
2021-09-23 12:00:00,71.82,73.355,71.538,73.224,7557,86,0,USOILm,0.0
2021-09-23 16:00:00,73.221,73.346,72.891,73.097,4056,86,0,USOILm,0.0
2021-09-23 20:00:00,73.111,73.168,73.069,73.148,823,0,0,USOILm,0.0
2021-09-24 00:00:00,73.157,73.513,72.833,73.169,3925,86,0,USOILm,0.0
2021-09-24 04:00:00,73.167,73.4,73.081,73.146,3616,86,0,USOILm,0.0
2021-09-24 08:00:00,73.159,73.39,72.891,73.047,4086,86,0,USOILm,0.0
2021-09-24 12:00:00,73.058,73.765,72.666,73.717,7412,86,0,USOILm,0.0
2021-09-24 16:00:00,73.715,74.101,73.592,73.812,3745,86,0,USOILm,0.0
2021-09-24 20:00:00,73.814,73.853,73.777,73.829,198,86,0,USOILm,0.0
2021-09-27 00:00:00,74.649,75.147,74.579,74.731,3991,86,0,USOILm,0.0
2021-09-27 04:00:00,74.726,74.949,74.499,74.499,3650,86,0,USOILm,0.0
2021-09-27 08:00:00,74.502,75.026,74.398,74.917,4909,86,0,USOILm,0.0
2021-09-27 12:00:00,74.918,75.555,74.893,75.008,8738,86,0,USOILm,0.0
2021-09-27 16:00:00,75.015,75.568,74.859,75.339,5053,86,0,USOILm,0.0
2021-09-27 20:00:00,75.336,75.345,75.128,75.196,935,0,0,USOILm,0.0
2021-09-28 00:00:00,75.198,76.07,75.019,75.921,3161,86,0,USOILm,0.0
2021-09-28 04:00:00,75.919,76.466,75.782,76.085,4203,86,0,USOILm,0.0
2021-09-28 08:00:00,76.098,76.302,75.806,76.099,6010,86,0,USOILm,0.0
2021-09-28 12:00:00,76.103,76.197,74.195,74.528,11033,86,0,USOILm,0.0
2021-09-28 16:00:00,74.515,75.151,74.472,74.586,6709,86,0,USOILm,0.0
2021-09-28 20:00:00,74.593,74.721,74.082,74.258,1665,0,0,USOILm,0.0
2021-09-29 00:00:00,74.244,74.661,73.909,73.941,4132,86,0,USOILm,0.0
2021-09-29 04:00:00,73.931,74.285,73.534,74.236,5065,86,0,USOILm,0.0
2021-09-29 08:00:00,74.249,74.783,74.237,74.557,5732,86,0,USOILm,0.0
2021-09-29 12:00:00,74.543,75.571,74.326,75.198,9630,86,0,USOILm,0.0
2021-09-29 16:00:00,75.193,75.418,74.362,74.365,6036,86,0,USOILm,0.0
2021-09-29 20:00:00,74.363,74.6,74.363,74.481,948,0,0,USOILm,0.0
2021-09-30 00:00:00,74.467,74.997,74.343,74.519,3378,86,0,USOILm,0.0
2021-09-30 04:00:00,74.525,74.907,74.41,74.761,4091,86,0,USOILm,0.0
2021-09-30 08:00:00,74.774,75.181,73.702,73.966,6329,86,0,USOILm,0.0
2021-09-30 12:00:00,73.98,75.503,72.954,75.49,12698,86,0,USOILm,0.0
2021-09-30 16:00:00,75.5,75.855,74.604,74.74,8876,86,0,USOILm,0.0
2021-09-30 20:00:00,74.743,75.051,74.731,75.036,1095,0,0,USOILm,0.0
2021-10-01 00:00:00,75.028,75.339,74.527,74.692,3432,86,0,USOILm,0.0
2021-10-01 04:00:00,74.697,74.942,74.189,74.355,4976,86,0,USOILm,0.0
2021-10-01 08:00:00,74.368,74.643,74.024,74.24,7011,86,0,USOILm,0.0
2021-10-01 12:00:00,74.242,75.16,74.055,74.995,10298,86,0,USOILm,0.0
2021-10-01 16:00:00,75.002,75.771,74.907,75.556,5274,86,0,USOILm,0.0
2021-10-01 20:00:00,75.565,75.568,75.449,75.54,318,86,0,USOILm,0.0
2021-10-04 00:00:00,75.641,75.665,75.241,75.38,3218,86,0,USOILm,0.0
2021-10-04 04:00:00,75.394,75.626,75.114,75.561,4799,86,0,USOILm,0.0
2021-10-04 08:00:00,75.574,75.933,75.46,75.684,5481,86,0,USOILm,0.0
2021-10-04 12:00:00,75.694,78.161,75.556,77.697,10763,86,0,USOILm,0.0
2021-10-04 16:00:00,77.682,77.981,77.278,77.345,6130,86,0,USOILm,0.0
2021-10-04 20:00:00,77.335,77.447,77.308,77.328,986,0,0,USOILm,0.0
2021-10-05 00:00:00,77.336,77.768,77.244,77.615,3585,86,0,USOILm,0.0
2021-10-05 04:00:00,77.616,77.789,77.32,77.68,4434,86,0,USOILm,0.0
2021-10-05 08:00:00,77.682,78.378,77.352,78.298,6225,86,0,USOILm,0.0
2021-10-05 12:00:00,78.285,79.183,78.175,78.798,8991,86,0,USOILm,0.0
2021-10-05 16:00:00,78.793,78.975,78.473,78.964,5701,86,0,USOILm,0.0
2021-10-05 20:00:00,78.979,78.986,78.652,78.702,960,0,0,USOILm,0.0
2021-10-06 00:00:00,78.704,78.865,78.467,78.565,3387,86,0,USOILm,0.0
2021-10-06 04:00:00,78.567,79.483,78.522,78.672,5098,86,0,USOILm,0.0
2021-10-06 08:00:00,78.677,78.875,77.489,77.505,8030,86,0,USOILm,0.0
2021-10-06 12:00:00,77.521,78.105,76.88,77.508,11589,86,0,USOILm,0.0
2021-10-06 16:00:00,77.507,77.583,76.561,76.762,7234,86,0,USOILm,0.0
2021-10-06 20:00:00,76.765,76.955,76.718,76.928,1179,0,0,USOILm,0.0
2021-10-07 00:00:00,76.926,76.939,76.291,76.341,2958,86,0,USOILm,0.0
2021-10-07 04:00:00,76.349,76.825,75.648,75.742,4989,86,0,USOILm,0.0
2021-10-07 08:00:00,75.732,76.232,74.706,75.918,8124,86,0,USOILm,0.0
2021-10-07 12:00:00,75.914,78.04,75.74,77.804,10579,86,0,USOILm,0.0
2021-10-07 16:00:00,77.813,78.58,77.794,78.545,5400,86,0,USOILm,0.0
2021-10-07 20:00:00,78.543,78.588,78.411,78.491,896,0,0,USOILm,0.0
2021-10-08 00:00:00,78.484,79.172,78.307,78.92,4978,86,0,USOILm,0.0
2021-10-08 04:00:00,78.918,79.277,78.86,79.159,4141,86,0,USOILm,0.0
2021-10-08 08:00:00,79.153,79.325,78.366,78.447,5536,86,0,USOILm,0.0
2021-10-08 12:00:00,78.441,79.694,78.359,79.261,9486,86,0,USOILm,0.0
2021-10-08 16:00:00,79.263,79.336,78.276,78.981,6536,86,0,USOILm,0.0
2021-10-08 20:00:00,78.982,79.035,78.95,79.014,335,86,0,USOILm,0.0
2021-10-11 00:00:00,79.106,80.391,79.066,80.264,4956,86,0,USOILm,0.0
2021-10-11 04:00:00,80.261,80.49,80.039,80.472,4546,86,0,USOILm,0.0
2021-10-11 08:00:00,80.458,81.238,80.387,81.088,6167,86,0,USOILm,0.0
2021-10-11 12:00:00,81.08,81.085,80.093,80.641,9586,86,0,USOILm,0.0
2021-10-11 16:00:00,80.647,80.752,79.838,79.913,5707,86,0,USOILm,0.0
2021-10-11 20:00:00,79.924,79.968,79.672,79.837,935,0,0,USOILm,0.0
2021-10-12 00:00:00,79.83,79.962,79.439,79.82,4124,86,0,USOILm,0.0
2021-10-12 04:00:00,79.818,80.347,79.49,80.056,4478,86,0,USOILm,0.0
2021-10-12 08:00:00,80.059,80.513,79.82,80.225,6022,86,0,USOILm,0.0
2021-10-12 12:00:00,80.234,80.854,78.932,80.099,11074,86,0,USOILm,0.0
2021-10-12 16:00:00,80.101,80.306,79.763,79.866,5944,86,0,USOILm,0.0
2021-10-12 20:00:00,79.857,79.882,79.579,79.58,1008,0,0,USOILm,0.0
2021-10-13 00:00:00,79.593,80.058,79.164,79.635,4701,86,0,USOILm,0.0
2021-10-13 04:00:00,79.634,79.943,79.618,79.73,3990,86,0,USOILm,0.0
2021-10-13 08:00:00,79.738,79.904,79.12,79.246,6112,86,0,USOILm,0.0
2021-10-13 12:00:00,79.247,80.087,78.805,79.948,9963,86,0,USOILm,0.0
2021-10-13 16:00:00,79.946,80.378,79.757,79.905,5419,86,0,USOILm,0.0
2021-10-13 20:00:00,79.907,80.125,79.765,80.118,954,0,0,USOILm,0.0
2021-10-14 00:00:00,80.1,80.456,79.783,80.282,3235,86,0,USOILm,0.0
2021-10-14 04:00:00,80.278,80.602,80.232,80.558,3672,86,0,USOILm,0.0
2021-10-14 08:00:00,80.573,81.01,80.482,80.774,4851,86,0,USOILm,0.0
2021-10-14 12:00:00,80.772,81.115,79.853,80.33,8921,86,0,USOILm,0.0
2021-10-14 16:00:00,80.344,80.937,80.24,80.844,5273,86,0,USOILm,0.0
2021-10-14 20:00:00,80.838,81.175,80.835,81.05,776,0,0,USOILm,0.0
2021-10-15 00:00:00,81.048,81.305,80.909,81.253,3500,86,0,USOILm,0.0
2021-10-15 04:00:00,81.249,81.701,81.249,81.562,3559,86,0,USOILm,0.0
2021-10-15 08:00:00,81.563,81.563,81.25,81.512,4615,86,0,USOILm,0.0
2021-10-15 12:00:00,81.507,81.927,81.091,81.63,7651,86,0,USOILm,0.0
2021-10-15 16:00:00,81.621,81.756,81.079,81.634,4651,86,0,USOILm,0.0
2021-10-15 20:00:00,81.639,81.913,81.621,81.809,380,86,0,USOILm,0.0
2021-10-18 00:00:00,82.299,83.008,82.168,82.797,4559,86,0,USOILm,0.0
2021-10-18 04:00:00,82.795,82.906,82.297,82.527,4018,86,0,USOILm,0.0
2021-10-18 08:00:00,82.529,83.093,82.26,82.741,5185,86,0,USOILm,0.0
2021-10-18 12:00:00,82.737,82.917,81.445,81.611,8887,86,0,USOILm,0.0
2021-10-18 16:00:00,81.613,81.708,81.13,81.482,5756,86,0,USOILm,0.0
2021-10-18 20:00:00,81.483,81.572,81.366,81.496,1058,0,0,USOILm,0.0
2021-10-19 00:00:00,81.494,81.697,81.135,81.581,4141,86,0,USOILm,0.0
2021-10-19 04:00:00,81.583,82.304,81.575,82.279,3248,86,0,USOILm,0.0
2021-10-19 08:00:00,82.273,82.652,82.059,82.369,4843,86,0,USOILm,0.0
2021-10-19 12:00:00,82.375,82.551,80.962,82.359,9425,86,0,USOILm,0.0
2021-10-19 16:00:00,82.36,82.844,82.074,82.106,4753,86,0,USOILm,0.0
2021-10-19 20:00:00,82.101,82.387,82.068,82.349,832,86,0,USOILm,0.0
2021-10-20 00:00:00,82.364,82.421,81.608,81.844,3833,86,0,USOILm,0.0
2021-10-20 04:00:00,81.841,82.011,81.416,81.468,3754,86,0,USOILm,0.0
2021-10-20 08:00:00,81.467,81.743,81.206,81.432,4807,86,0,USOILm,0.0
2021-10-20 12:00:00,81.442,82.763,80.634,82.504,8731,86,0,USOILm,0.0
2021-10-20 16:00:00,82.507,83.289,82.478,83.111,4776,86,0,USOILm,0.0
2021-10-20 20:00:00,83.098,83.509,83.098,83.402,945,86,0,USOILm,0.0
2021-10-21 00:00:00,83.405,83.677,83.128,83.208,3303,86,0,USOILm,0.0
2021-10-21 04:00:00,83.204,83.282,82.681,82.687,3752,86,0,USOILm,0.0
2021-10-21 08:00:00,82.694,82.908,82.362,82.657,5395,86,0,USOILm,0.0
2021-10-21 12:00:00,82.66,82.946,80.567,81.113,10083,86,0,USOILm,0.0
2021-10-21 16:00:00,81.105,82.455,80.986,82.411,5755,86,0,USOILm,0.0
2021-10-21 20:00:00,82.414,82.435,81.978,82.009,800,86,0,USOILm,0.0
2021-10-22 00:00:00,82.013,82.783,81.67,81.909,4296,86,0,USOILm,0.0
2021-10-22 04:00:00,81.918,82.312,81.463,82.161,4323,86,0,USOILm,0.0
2021-10-22 08:00:00,82.151,83.015,82.136,82.918,5183,86,0,USOILm,0.0
2021-10-22 12:00:00,82.917,83.263,82.244,82.633,8612,86,0,USOILm,0.0
2021-10-22 16:00:00,82.636,83.746,82.589,83.744,5038,86,0,USOILm,0.0
2021-10-22 20:00:00,83.746,83.879,83.721,83.813,322,86,0,USOILm,0.0
2021-10-25 00:00:00,83.642,84.335,83.618,84.146,4042,86,0,USOILm,0.0
2021-10-25 04:00:00,84.161,84.223,83.838,83.975,3378,86,0,USOILm,0.0
2021-10-25 08:00:00,83.974,84.408,83.781,84.384,4226,86,0,USOILm,0.0
2021-10-25 12:00:00,84.383,84.931,83.696,83.815,8501,86,0,USOILm,0.0
2021-10-25 16:00:00,83.821,83.855,83.035,83.079,5737,86,0,USOILm,0.0
2021-10-25 20:00:00,83.084,83.434,83.077,83.416,729,86,0,USOILm,0.0
2021-10-26 00:00:00,83.418,83.71,83.079,83.391,3329,86,0,USOILm,0.0
2021-10-26 04:00:00,83.388,83.528,82.798,82.949,3562,86,0,USOILm,0.0
2021-10-26 08:00:00,82.945,83.695,82.614,83.57,5214,86,0,USOILm,0.0
2021-10-26 12:00:00,83.574,84.249,82.952,84.181,8257,86,0,USOILm,0.0
2021-10-26 16:00:00,84.173,84.381,84.038,84.145,4261,86,0,USOILm,0.0
2021-10-26 20:00:00,84.132,84.223,83.65,83.736,924,86,0,USOILm,0.0
2021-10-27 00:00:00,83.749,83.987,83.41,83.541,3485,86,0,USOILm,0.0
2021-10-27 04:00:00,83.54,83.63,82.821,82.85,3415,86,0,USOILm,0.0
2021-10-27 08:00:00,82.856,83.22,82.66,83.153,5302,86,0,USOILm,0.0
2021-10-27 12:00:00,83.159,83.719,82.297,82.4,10455,86,0,USOILm,0.0
2021-10-27 16:00:00,82.413,82.514,81.592,81.594,6808,86,0,USOILm,0.0
2021-10-27 20:00:00,81.604,81.775,81.572,81.714,844,86,0,USOILm,0.0
2021-10-28 00:00:00,81.7,81.7,80.094,80.453,5311,86,0,USOILm,0.0
2021-10-28 04:00:00,80.452,81.553,80.452,81.447,4850,86,0,USOILm,0.0
2021-10-28 08:00:00,81.449,81.882,80.263,80.643,6624,86,0,USOILm,0.0
2021-10-28 12:00:00,80.63,82.076,80.617,81.284,10035,86,0,USOILm,0.0
2021-10-28 16:00:00,81.28,82.574,80.992,82.563,6124,86,0,USOILm,0.0
2021-10-28 20:00:00,82.565,82.608,82.036,82.086,1191,86,0,USOILm,0.0
2021-10-29 00:00:00,82.072,82.352,81.942,82.195,4051,86,0,USOILm,0.0
2021-10-29 04:00:00,82.202,82.643,82.061,82.455,3695,86,0,USOILm,0.0
2021-10-29 08:00:00,82.444,82.538,81.931,82.221,5579,86,0,USOILm,0.0
2021-10-29 12:00:00,82.234,82.337,80.797,82.223,10421,86,0,USOILm,0.0
2021-10-29 16:00:00,82.224,82.867,82.163,82.535,6532,86,0,USOILm,0.0
2021-10-29 20:00:00,82.532,82.617,82.475,82.511,328,86,0,USOILm,0.0
2021-11-01 00:00:00,82.098,82.551,81.979,82.219,3656,86,0,USOILm,0.0
2021-11-01 04:00:00,82.226,82.453,81.914,81.981,2866,86,0,USOILm,0.0
2021-11-01 08:00:00,81.989,83.303,81.956,82.977,5439,86,0,USOILm,0.0
2021-11-01 12:00:00,82.981,83.928,82.976,83.425,8564,86,0,USOILm,0.0
2021-11-01 16:00:00,83.431,83.549,82.883,83.085,5370,86,0,USOILm,0.0
2021-11-01 20:00:00,83.093,83.17,82.923,82.985,644,86,0,USOILm,0.0
2021-11-02 00:00:00,82.979,83.455,82.96,83.17,3058,86,0,USOILm,0.0
2021-11-02 04:00:00,83.168,83.521,82.889,83.193,3140,86,0,USOILm,0.0
2021-11-02 08:00:00,83.192,83.446,82.239,82.363,5892,86,0,USOILm,0.0
2021-11-02 12:00:00,82.373,83.259,82.102,82.281,10102,86,0,USOILm,0.0
2021-11-02 16:00:00,82.295,83.111,82.142,82.709,5417,86,0,USOILm,0.0
2021-11-02 20:00:00,82.704,82.728,81.878,82.102,1176,86,0,USOILm,0.0
2021-11-03 00:00:00,82.099,82.13,81.41,81.758,4078,86,0,USOILm,0.0
2021-11-03 04:00:00,81.761,82.126,81.529,81.556,3794,86,0,USOILm,0.0
2021-11-03 08:00:00,81.554,81.729,80.947,81.106,5756,86,0,USOILm,0.0
2021-11-03 12:00:00,81.103,81.252,79.841,80.084,10088,86,0,USOILm,0.0
2021-11-03 16:00:00,80.098,80.647,78.967,79.141,8217,86,0,USOILm,0.0
2021-11-03 20:00:00,79.136,79.569,79.079,79.531,1289,86,0,USOILm,0.0
2021-11-04 00:00:00,79.544,79.598,78.901,79.16,3518,86,0,USOILm,0.0
2021-11-04 04:00:00,79.168,80.173,79.114,80.057,3576,86,0,USOILm,0.0
2021-11-04 08:00:00,80.05,81.796,80.025,81.69,6554,86,0,USOILm,0.0
2021-11-04 12:00:00,81.693,82.497,79.177,79.916,12148,86,0,USOILm,0.0
2021-11-04 16:00:00,79.931,80.666,77.572,78.32,10087,86,0,USOILm,0.0
2021-11-04 20:00:00,78.313,79.012,78.313,78.934,1327,86,0,USOILm,0.0
2021-11-05 00:00:00,78.95,79.328,78.632,78.869,4553,86,0,USOILm,0.0
2021-11-05 04:00:00,78.871,78.957,78.111,78.377,4627,86,0,USOILm,0.0
2021-11-05 08:00:00,78.381,79.274,78.368,78.655,7512,86,0,USOILm,0.0
2021-11-05 12:00:00,78.645,80.615,78.466,80.553,11015,86,0,USOILm,0.0
2021-11-05 16:00:00,80.567,80.867,80.236,80.636,6856,86,0,USOILm,0.0
2021-11-05 20:00:00,80.623,80.665,80.484,80.496,379,86,0,USOILm,0.0
2021-11-08 00:00:00,80.631,81.547,80.586,81.325,4207,86,0,USOILm,0.0
2021-11-08 04:00:00,81.324,81.44,81.124,81.32,2997,86,0,USOILm,0.0
2021-11-08 08:00:00,81.316,81.669,81.056,81.612,5102,86,0,USOILm,0.0
2021-11-08 12:00:00,81.599,81.711,80.446,80.787,9210,86,0,USOILm,0.0
2021-11-08 16:00:00,80.783,81.282,80.593,81.246,6543,86,0,USOILm,0.0
2021-11-08 20:00:00,81.244,81.343,80.997,81.082,1023,86,0,USOILm,0.0
2021-11-09 00:00:00,81.084,81.132,80.795,80.911,2544,86,0,USOILm,0.0
2021-11-09 04:00:00,80.912,81.108,80.848,81.047,2580,86,0,USOILm,0.0
2021-11-09 08:00:00,81.041,81.799,80.905,81.369,4947,86,0,USOILm,0.0
2021-11-09 12:00:00,81.361,81.93,80.841,81.583,8262,86,0,USOILm,0.0
2021-11-09 16:00:00,81.596,82.94,81.334,82.858,7285,86,0,USOILm,0.0
2021-11-09 20:00:00,82.864,83.541,82.856,83.24,1856,86,0,USOILm,0.0
2021-11-10 00:00:00,83.238,83.341,82.856,82.947,3658,86,0,USOILm,0.0
2021-11-10 04:00:00,82.948,83.218,82.835,82.949,3002,86,0,USOILm,0.0
2021-11-10 08:00:00,82.944,83.171,82.332,82.504,5787,86,0,USOILm,0.0
2021-11-10 12:00:00,82.503,83.116,81.294,81.421,8721,86,0,USOILm,0.0
2021-11-10 16:00:00,81.435,81.797,79.727,80.07,10323,86,0,USOILm,0.0
2021-11-10 20:00:00,80.074,80.459,79.961,80.365,1996,86,0,USOILm,0.0
2021-11-11 00:00:00,80.367,80.688,80.129,80.274,3933,86,0,USOILm,0.0
2021-11-11 04:00:00,80.275,80.509,80.064,80.334,3309,86,0,USOILm,0.0
2021-11-11 08:00:00,80.321,80.975,79.11,79.445,8009,86,0,USOILm,0.0
2021-11-11 12:00:00,79.441,81.084,79.24,80.708,10387,86,0,USOILm,0.0
2021-11-11 16:00:00,80.721,80.858,79.475,80.166,8961,86,0,USOILm,0.0
2021-11-11 20:00:00,80.164,80.301,80.037,80.247,1402,86,0,USOILm,0.0
2021-11-12 00:00:00,80.25,80.411,79.698,79.92,3115,86,0,USOILm,0.0
2021-11-12 04:00:00,79.922,79.988,79.736,79.901,3071,86,0,USOILm,0.0
2021-11-12 08:00:00,79.9,80.08,78.804,78.92,6459,86,0,USOILm,0.0
2021-11-12 12:00:00,78.923,80.117,78.733,79.77,9349,86,0,USOILm,0.0
2021-11-12 16:00:00,79.783,80.424,79.169,79.822,8226,86,0,USOILm,0.0
2021-11-12 20:00:00,79.821,79.879,79.671,79.743,967,86,0,USOILm,0.0
2021-11-15 00:00:00,79.864,79.944,78.858,78.958,3920,86,0,USOILm,0.0
2021-11-15 04:00:00,78.966,79.362,78.868,79.169,3472,86,0,USOILm,0.0
2021-11-15 08:00:00,79.173,79.373,78.477,78.561,6337,86,0,USOILm,0.0
2021-11-15 12:00:00,78.551,79.237,78.291,78.926,8683,86,0,USOILm,0.0
2021-11-15 16:00:00,78.928,79.873,78.702,79.843,7154,86,0,USOILm,0.0
2021-11-15 20:00:00,79.842,79.866,79.627,79.635,1121,86,0,USOILm,0.0
2021-11-16 00:00:00,79.636,80.435,79.513,80.247,3374,86,0,USOILm,0.0
2021-11-16 04:00:00,80.246,80.625,80.085,80.208,3560,86,0,USOILm,0.0
2021-11-16 08:00:00,80.217,80.467,79.882,80.08,5655,86,0,USOILm,0.0
2021-11-16 12:00:00,80.082,80.457,78.931,79.363,8088,86,0,USOILm,0.0
2021-11-16 16:00:00,79.366,80.263,79.267,79.703,6447,86,0,USOILm,0.0
2021-11-16 20:00:00,79.698,79.91,79.324,79.437,1641,86,0,USOILm,0.0
2021-11-17 00:00:00,79.435,79.436,78.827,79.025,3531,86,0,USOILm,0.0
2021-11-17 04:00:00,79.024,79.359,78.751,79.217,3294,86,0,USOILm,0.0
2021-11-17 08:00:00,79.221,79.416,78.437,78.952,5043,86,0,USOILm,0.0
2021-11-17 12:00:00,78.956,79.294,78.448,78.475,8444,86,0,USOILm,0.0
2021-11-17 16:00:00,78.468,78.574,76.847,77.439,8928,86,0,USOILm,0.0
2021-11-17 20:00:00,77.437,77.763,77.071,77.392,2295,86,0,USOILm,0.0
2021-11-18 00:00:00,77.394,77.504,76.643,76.759,4914,86,0,USOILm,0.0
2021-11-18 04:00:00,76.757,77.074,76.323,76.401,3418,86,0,USOILm,0.0
2021-11-18 08:00:00,76.399,77.401,76.327,77.135,5732,86,0,USOILm,0.0
2021-11-18 12:00:00,77.149,78.267,76.8,77.31,8414,86,0,USOILm,0.0
2021-11-18 16:00:00,77.32,78.648,77.283,78.181,6824,86,0,USOILm,0.0
2021-11-18 20:00:00,78.176,78.341,78.014,78.132,1336,86,0,USOILm,0.0
2021-11-19 00:00:00,78.13,79.152,77.921,78.76,4313,86,0,USOILm,0.0
2021-11-19 04:00:00,78.765,79.132,78.706,78.875,3179,86,0,USOILm,0.0
2021-11-19 08:00:00,78.885,79.108,75.775,75.871,8949,86,0,USOILm,0.0
2021-11-19 12:00:00,75.858,77.3,75.412,76.138,12965,86,0,USOILm,0.0
2021-11-19 16:00:00,76.137,76.175,74.954,75.565,9143,86,0,USOILm,0.0
2021-11-19 20:00:00,75.561,75.695,75.404,75.504,1093,86,0,USOILm,0.0
2021-11-22 00:00:00,75.363,75.768,75.14,75.739,4596,86,0,USOILm,0.0
2021-11-22 04:00:00,75.737,75.91,75.46,75.748,3577,86,0,USOILm,0.0
2021-11-22 08:00:00,75.749,76.5,75.093,75.203,7273,86,0,USOILm,0.0
2021-11-22 12:00:00,75.19,76.765,74.968,76.561,11795,86,0,USOILm,0.0
2021-11-22 16:00:00,76.574,76.973,75.929,76.518,8743,86,0,USOILm,0.0
2021-11-22 20:00:00,76.522,76.531,76.119,76.216,1532,86,0,USOILm,0.0
2021-11-23 00:00:00,76.214,76.401,75.989,76.01,3244,86,0,USOILm,0.0
2021-11-23 04:00:00,76.014,76.087,75.511,75.82,3757,86,0,USOILm,0.0
2021-11-23 08:00:00,75.806,75.978,75.239,75.582,6959,86,0,USOILm,0.0
2021-11-23 12:00:00,75.584,78.522,75.128,77.992,12394,86,0,USOILm,0.0
2021-11-23 16:00:00,77.999,78.657,77.628,78.321,8593,86,0,USOILm,0.0
2021-11-23 20:00:00,78.316,78.625,78.024,78.037,2000,86,0,USOILm,0.0
2021-11-24 00:00:00,78.031,78.753,77.821,78.385,4215,86,0,USOILm,0.0
2021-11-24 04:00:00,78.383,78.863,78.283,78.628,3543,86,0,USOILm,0.0
2021-11-24 08:00:00,78.631,78.982,77.851,78.325,7105,86,0,USOILm,0.0
2021-11-24 12:00:00,78.332,78.557,77.779,78.352,9609,86,0,USOILm,0.0
2021-11-24 16:00:00,78.346,78.718,77.913,78.093,6765,86,0,USOILm,0.0
2021-11-24 20:00:00,78.094,78.244,78.005,78.136,1102,86,0,USOILm,0.0
2021-11-25 00:00:00,78.14,78.425,78.021,78.112,2557,86,0,USOILm,0.0
2021-11-25 04:00:00,78.107,78.277,77.874,78.023,2434,86,0,USOILm,0.0
2021-11-25 08:00:00,78.013,78.146,77.559,77.953,4565,86,0,USOILm,0.0
2021-11-25 12:00:00,77.952,78.134,77.589,77.686,4415,86,0,USOILm,0.0
2021-11-25 16:00:00,77.672,78.1,77.643,78.053,1764,86,0,USOILm,0.0
2021-11-25 20:00:00,77.757,77.786,77.009,77.158,863,86,0,USOILm,0.0
2021-11-26 00:00:00,77.151,77.3,76.008,76.136,5119,86,0,USOILm,0.0
2021-11-26 04:00:00,76.137,76.178,74.329,74.528,5994,86,0,USOILm,0.0
2021-11-26 08:00:00,74.524,74.527,72.444,73.187,11656,86,0,USOILm,0.0
2021-11-26 12:00:00,73.173,73.995,68.874,68.874,13536,86,0,USOILm,0.0
2021-11-26 16:00:00,68.887,69.454,67.224,67.943,11181,86,0,USOILm,0.0
2021-11-29 00:00:00,71.197,71.97,70.557,71.524,8489,86,0,USOILm,0.0
2021-11-29 04:00:00,71.529,71.529,70.421,71.316,7128,86,0,USOILm,0.0
2021-11-29 08:00:00,71.302,71.817,70.743,71.311,9921,86,0,USOILm,0.0
2021-11-29 12:00:00,71.296,72.696,69.685,70.798,13004,86,0,USOILm,0.0
2021-11-29 16:00:00,70.784,71.145,68.696,68.972,11784,86,0,USOILm,0.0
2021-11-29 20:00:00,68.968,70.638,68.864,70.624,3376,86,0,USOILm,0.0
2021-11-30 00:00:00,70.627,71.004,70.269,70.443,4482,86,0,USOILm,0.0
2021-11-30 04:00:00,70.445,70.588,66.87,68.016,10317,86,0,USOILm,0.0
2021-11-30 08:00:00,68.03,68.657,67.158,67.739,11737,86,0,USOILm,0.0
2021-11-30 12:00:00,67.732,68.329,66.346,67.002,15496,86,0,USOILm,0.0
2021-11-30 16:00:00,66.987,67.17,64.275,66.084,15698,86,0,USOILm,0.0
2021-11-30 20:00:00,66.083,66.996,65.972,66.734,3577,86,0,USOILm,0.0
2021-12-01 00:00:00,66.737,67.686,66.002,67.487,6127,86,0,USOILm,0.0
2021-12-01 04:00:00,67.492,68.421,67.37,68.276,5998,86,0,USOILm,0.0
2021-12-01 08:00:00,68.263,69.292,68.206,68.979,9434,86,0,USOILm,0.0
2021-12-01 12:00:00,68.982,69.277,67.368,68.505,13299,86,0,USOILm,0.0
2021-12-01 16:00:00,68.519,68.583,65.301,65.513,14419,86,0,USOILm,0.0
2021-12-01 20:00:00,65.514,66.389,64.69,66.048,3812,86,0,USOILm,0.0
2021-12-02 00:00:00,66.072,66.457,65.239,66.174,5840,86,0,USOILm,0.0
2021-12-02 04:00:00,66.176,66.792,65.736,66.547,5542,86,0,USOILm,0.0
2021-12-02 08:00:00,66.534,67.124,65.91,66.294,9930,86,0,USOILm,0.0
2021-12-02 12:00:00,66.291,66.505,62.288,66.505,19941,86,0,USOILm,0.0
2021-12-02 16:00:00,66.518,67.047,65.396,66.964,14514,86,0,USOILm,0.0
2021-12-02 20:00:00,66.965,67.317,66.605,67.192,3003,86,0,USOILm,0.0
2021-12-03 00:00:00,67.195,67.628,66.246,67.547,5193,86,0,USOILm,0.0
2021-12-03 04:00:00,67.554,67.832,67.191,67.69,4943,86,0,USOILm,0.0
2021-12-03 08:00:00,67.703,68.517,67.635,68.089,8575,86,0,USOILm,0.0
2021-12-03 12:00:00,68.095,69.012,67.394,67.959,11130,86,0,USOILm,0.0
2021-12-03 16:00:00,67.974,68.157,65.603,65.712,12951,86,0,USOILm,0.0
2021-12-03 20:00:00,65.697,66.454,65.473,66.264,2622,86,0,USOILm,0.0
2021-12-06 00:00:00,67.386,68.065,67.374,67.506,5120,86,0,USOILm,0.0
2021-12-06 04:00:00,67.513,67.926,67.447,67.707,4038,86,0,USOILm,0.0
2021-12-06 08:00:00,67.709,68.418,67.135,68.39,9218,86,0,USOILm,0.0
2021-12-06 12:00:00,68.405,68.458,67.199,68.059,11837,86,0,USOILm,0.0
2021-12-06 16:00:00,68.072,69.973,67.612,69.611,10060,86,0,USOILm,0.0
2021-12-06 20:00:00,69.622,69.832,69.42,69.568,2154,86,0,USOILm,0.0
2021-12-07 00:00:00,69.567,70.144,69.479,69.923,4525,86,0,USOILm,0.0
2021-12-07 04:00:00,69.915,70.641,69.882,70.468,4651,86,0,USOILm,0.0
2021-12-07 08:00:00,70.459,71.697,70.382,71.598,8063,86,0,USOILm,0.0
2021-12-07 12:00:00,71.602,72.632,70.683,72.429,10939,86,0,USOILm,0.0
2021-12-07 16:00:00,72.442,72.771,71.638,71.71,10070,86,0,USOILm,0.0
2021-12-07 20:00:00,71.711,71.845,71.172,71.654,2598,86,0,USOILm,0.0
2021-12-08 00:00:00,71.656,71.993,71.422,71.548,4859,86,0,USOILm,0.0
2021-12-08 04:00:00,71.562,71.766,71.075,71.298,3952,86,0,USOILm,0.0
2021-12-08 08:00:00,71.283,72.609,70.74,72.499,10975,86,0,USOILm,0.0
2021-12-08 12:00:00,72.502,72.589,71.286,71.915,12081,86,0,USOILm,0.0
2021-12-08 16:00:00,71.916,72.764,71.487,72.248,9073,86,0,USOILm,0.0
2021-12-08 20:00:00,72.249,72.54,72.173,72.401,1446,86,0,USOILm,0.0
2021-12-09 00:00:00,72.4,73.127,72.159,72.731,3341,86,0,USOILm,0.0
2021-12-09 04:00:00,72.744,72.946,72.406,72.444,3567,86,0,USOILm,0.0
2021-12-09 08:00:00,72.434,72.459,71.563,71.732,7757,86,0,USOILm,0.0
2021-12-09 12:00:00,71.73,71.862,71.124,71.544,9947,86,0,USOILm,0.0
2021-12-09 16:00:00,71.557,71.774,70.322,70.477,8482,86,0,USOILm,0.0
2021-12-09 20:00:00,70.478,70.57,70.231,70.372,1930,86,0,USOILm,0.0
2021-12-10 00:00:00,70.374,70.98,70.168,70.829,3848,86,0,USOILm,0.0
2021-12-10 04:00:00,70.828,70.83,70.382,70.566,4077,86,0,USOILm,0.0
2021-12-10 08:00:00,70.579,71.594,70.521,71.463,6204,86,0,USOILm,0.0
2021-12-10 12:00:00,71.471,72.139,70.88,71.288,9922,86,0,USOILm,0.0
2021-12-10 16:00:00,71.286,71.654,70.748,71.559,8774,86,0,USOILm,0.0
2021-12-10 20:00:00,71.564,71.9,71.538,71.748,1416,86,0,USOILm,0.0
2021-12-13 00:00:00,72.32,72.659,72.067,72.405,3815,86,0,USOILm,0.0
2021-12-13 04:00:00,72.407,72.785,72.197,72.276,3820,86,0,USOILm,0.0
2021-12-13 08:00:00,72.27,72.301,71.1,71.2,6917,86,0,USOILm,0.0
2021-12-13 12:00:00,71.207,71.828,70.517,71.372,9894,86,0,USOILm,0.0
2021-12-13 16:00:00,71.385,71.699,70.88,71.149,8114,86,0,USOILm,0.0
2021-12-13 20:00:00,71.144,71.191,70.875,70.996,1587,86,0,USOILm,0.0
2021-12-14 00:00:00,70.999,71.226,70.349,70.64,3584,86,0,USOILm,0.0
2021-12-14 04:00:00,70.643,71.297,70.615,71.213,3414,86,0,USOILm,0.0
2021-12-14 08:00:00,71.209,71.751,70.641,71.074,7325,86,0,USOILm,0.0
2021-12-14 12:00:00,71.077,71.414,69.531,70.095,10679,86,0,USOILm,0.0
2021-12-14 16:00:00,70.097,70.637,69.293,70.172,8531,86,0,USOILm,0.0
2021-12-14 20:00:00,70.176,70.36,69.899,70.044,1742,86,0,USOILm,0.0
2021-12-15 00:00:00,70.046,70.176,69.399,69.637,3657,86,0,USOILm,0.0
2021-12-15 04:00:00,69.651,69.754,69.353,69.723,3725,86,0,USOILm,0.0
2021-12-15 08:00:00,69.709,70.091,69.166,69.517,6234,86,0,USOILm,0.0
2021-12-15 12:00:00,69.513,70.033,69.254,69.768,8677,86,0,USOILm,0.0
2021-12-15 16:00:00,69.782,70.874,69.437,70.767,8416,86,0,USOILm,0.0
2021-12-15 20:00:00,70.771,71.449,70.771,71.357,2513,86,0,USOILm,0.0
2021-12-16 00:00:00,71.355,71.66,71.17,71.395,3461,86,0,USOILm,0.0
2021-12-16 04:00:00,71.394,71.659,71.261,71.364,2493,86,0,USOILm,0.0
2021-12-16 08:00:00,71.363,71.859,71.156,71.694,5062,86,0,USOILm,0.0
2021-12-16 12:00:00,71.68,72.218,70.816,71.933,9101,86,0,USOILm,0.0
2021-12-16 16:00:00,71.938,72.677,71.634,71.706,8095,86,0,USOILm,0.0
2021-12-16 20:00:00,71.709,71.89,71.524,71.591,2036,86,0,USOILm,0.0
2021-12-17 00:00:00,71.595,71.965,71.383,71.408,2845,86,0,USOILm,0.0
2021-12-17 04:00:00,71.406,71.575,71.247,71.501,3041,86,0,USOILm,0.0
2021-12-17 08:00:00,71.498,71.679,70.555,70.838,6838,86,0,USOILm,0.0
2021-12-17 12:00:00,70.848,71.197,69.659,70.739,9303,86,0,USOILm,0.0
2021-12-17 16:00:00,70.753,71.066,70.182,70.617,8652,86,0,USOILm,0.0
2021-12-17 20:00:00,70.616,70.747,70.132,70.137,1846,86,0,USOILm,0.0
2021-12-20 00:00:00,69.172,69.448,68.711,68.711,4823,86,0,USOILm,0.0
2021-12-20 04:00:00,68.706,68.722,67.739,68.286,5294,86,0,USOILm,0.0
2021-12-20 08:00:00,68.271,68.617,66.604,68.551,10050,86,0,USOILm,0.0
2021-12-20 12:00:00,68.544,68.552,66.311,66.445,11860,86,0,USOILm,0.0
2021-12-20 16:00:00,66.43,68.997,66.061,68.884,10481,86,0,USOILm,0.0
2021-12-20 20:00:00,68.886,69.161,68.788,69.115,2140,86,0,USOILm,0.0
2021-12-21 00:00:00,69.117,69.397,68.684,69.219,3913,86,0,USOILm,0.0
2021-12-21 04:00:00,69.215,69.668,68.883,68.99,3666,86,0,USOILm,0.0
2021-12-21 08:00:00,68.992,69.801,68.47,69.661,7579,86,0,USOILm,0.0
2021-12-21 12:00:00,69.663,70.564,69.261,70.212,9231,86,0,USOILm,0.0
2021-12-21 16:00:00,70.203,71.387,70.103,71.277,7327,86,0,USOILm,0.0
2021-12-21 20:00:00,71.276,71.434,71.059,71.134,1462,86,0,USOILm,0.0
2021-12-22 00:00:00,71.131,71.647,71.067,71.278,3465,86,0,USOILm,0.0
2021-12-22 04:00:00,71.272,71.308,71.004,71.092,3204,86,0,USOILm,0.0
2021-12-22 08:00:00,71.095,71.534,70.84,71.311,5518,86,0,USOILm,0.0
2021-12-22 12:00:00,71.31,71.808,70.717,71.455,8286,86,0,USOILm,0.0
2021-12-22 16:00:00,71.468,72.875,71.281,72.734,6741,86,0,USOILm,0.0
2021-12-22 20:00:00,72.721,73.007,72.61,72.925,1268,86,0,USOILm,0.0
2021-12-23 00:00:00,72.921,73.077,72.681,72.721,3104,86,0,USOILm,0.0
2021-12-23 04:00:00,72.722,72.905,72.49,72.608,2579,86,0,USOILm,0.0
2021-12-23 08:00:00,72.619,72.924,72.114,72.776,5230,86,0,USOILm,0.0
2021-12-23 12:00:00,72.78,73.146,72.567,72.916,6989,86,0,USOILm,0.0
2021-12-23 16:00:00,72.915,73.713,72.702,73.663,6243,86,0,USOILm,0.0
2021-12-23 20:00:00,73.648,73.799,73.564,73.661,1097,86,0,USOILm,0.0
2021-12-27 00:00:00,73.149,73.333,72.713,73.139,3207,86,0,USOILm,0.0
2021-12-27 04:00:00,73.131,73.149,72.545,72.79,2868,86,0,USOILm,0.0
2021-12-27 08:00:00,72.792,72.914,72.52,72.624,4182,86,0,USOILm,0.0
2021-12-27 12:00:00,72.632,75.684,72.417,75.653,7484,86,0,USOILm,0.0
2021-12-27 16:00:00,75.648,75.791,75.28,75.361,6529,86,0,USOILm,0.0
2021-12-27 20:00:00,75.36,75.794,75.345,75.636,1132,86,0,USOILm,0.0
2021-12-28 00:00:00,75.638,75.763,75.397,75.584,3290,86,0,USOILm,0.0
2021-12-28 04:00:00,75.586,76.046,75.337,75.411,2920,86,0,USOILm,0.0
2021-12-28 08:00:00,75.403,76.713,75.379,76.487,5318,86,0,USOILm,0.0
2021-12-28 12:00:00,76.477,76.661,75.711,75.843,7438,86,0,USOILm,0.0
2021-12-28 16:00:00,75.84,76.042,75.598,75.736,6193,86,0,USOILm,0.0
2021-12-28 20:00:00,75.73,75.954,75.725,75.918,1173,86,0,USOILm,0.0
2021-12-29 00:00:00,75.919,76.155,75.564,75.784,3448,86,0,USOILm,0.0
2021-12-29 04:00:00,75.783,76.009,75.649,75.957,2860,86,0,USOILm,0.0
2021-12-29 08:00:00,75.968,76.139,75.174,75.363,4476,86,0,USOILm,0.0
2021-12-29 12:00:00,75.361,77.158,75.203,76.874,7553,86,0,USOILm,0.0
2021-12-29 16:00:00,76.861,76.876,75.318,76.247,7832,86,0,USOILm,0.0
2021-12-29 20:00:00,76.245,76.392,76.23,76.353,1041,86,0,USOILm,0.0
2021-12-30 00:00:00,76.34,76.759,76.224,76.593,2838,86,0,USOILm,0.0
2021-12-30 04:00:00,76.596,76.638,75.966,76.025,2613,86,0,USOILm,0.0
2021-12-30 08:00:00,76.03,76.407,75.561,75.92,4544,86,0,USOILm,0.0
2021-12-30 12:00:00,75.918,77.21,75.794,76.703,6668,86,0,USOILm,0.0
2021-12-30 16:00:00,76.689,76.911,76.28,76.462,5987,86,0,USOILm,0.0
2021-12-30 20:00:00,76.47,76.47,76.088,76.106,1552,86,0,USOILm,0.0
2021-12-31 00:00:00,76.104,76.381,75.814,76.368,3473,86,0,USOILm,0.0
2021-12-31 04:00:00,76.372,76.824,76.264,76.714,3377,86,0,USOILm,0.0
2021-12-31 08:00:00,76.718,76.821,75.512,75.7,4404,86,0,USOILm,0.0
2021-12-31 12:00:00,75.702,76.174,74.994,75.979,7891,86,0,USOILm,0.0
2021-12-31 16:00:00,75.984,76.324,74.758,75.115,6718,86,0,USOILm,0.0
2022-01-03 00:00:00,75.582,75.808,75.217,75.576,2548,86,0,USOILm,0.0
2022-01-03 04:00:00,75.577,75.77,75.438,75.763,1906,86,0,USOILm,0.0
2022-01-03 08:00:00,75.754,76.127,75.515,75.597,4878,86,0,USOILm,0.0
2022-01-03 12:00:00,75.587,75.648,74.082,75.476,9603,86,0,USOILm,0.0
2022-01-03 16:00:00,75.471,76.241,75.294,75.907,7275,86,0,USOILm,0.0
2022-01-03 20:00:00,75.91,75.918,75.685,75.76,1162,86,0,USOILm,0.0
2022-01-04 00:00:00,75.766,76.382,75.69,76.032,3974,86,0,USOILm,0.0
2022-01-04 04:00:00,76.028,76.254,75.514,75.815,3629,86,0,USOILm,0.0
2022-01-04 08:00:00,75.828,76.616,75.748,76.103,5847,86,0,USOILm,0.0
2022-01-04 12:00:00,76.105,77.441,75.889,77.004,8787,86,0,USOILm,0.0
2022-01-04 16:00:00,76.994,77.201,76.382,76.761,7608,86,0,USOILm,0.0
2022-01-04 20:00:00,76.759,77.027,76.723,76.821,1497,86,0,USOILm,0.0
2022-01-05 00:00:00,76.82,77.03,76.409,76.627,3397,86,0,USOILm,0.0
2022-01-05 04:00:00,76.621,76.888,76.518,76.761,2958,86,0,USOILm,0.0
2022-01-05 08:00:00,76.77,76.899,76.301,76.78,5774,86,0,USOILm,0.0
2022-01-05 12:00:00,76.779,78.182,76.774,77.979,8825,86,0,USOILm,0.0
2022-01-05 16:00:00,77.981,78.246,77.263,77.325,6922,86,0,USOILm,0.0
2022-01-05 20:00:00,77.332,77.332,76.736,76.852,2197,86,0,USOILm,0.0
2022-01-06 00:00:00,76.853,77.133,76.409,76.427,4115,86,0,USOILm,0.0
2022-01-06 04:00:00,76.43,77.172,76.372,77.074,4054,86,0,USOILm,0.0
2022-01-06 08:00:00,77.087,78.957,77.08,78.373,8033,86,0,USOILm,0.0
2022-01-06 12:00:00,78.361,79.71,78.288,79.076,11256,86,0,USOILm,0.0
2022-01-06 16:00:00,79.067,79.623,78.633,79.204,8563,86,0,USOILm,0.0
2022-01-06 20:00:00,79.211,79.303,78.92,78.987,1785,86,0,USOILm,0.0
2022-01-07 00:00:00,78.985,79.724,78.955,79.589,3641,86,0,USOILm,0.0
2022-01-07 04:00:00,79.595,79.923,79.271,79.565,3427,86,0,USOILm,0.0
2022-01-07 08:00:00,79.551,79.929,79.121,79.388,6135,86,0,USOILm,0.0
2022-01-07 12:00:00,79.387,79.876,78.295,78.495,9323,86,0,USOILm,0.0
2022-01-07 16:00:00,78.492,78.913,78.139,78.337,7562,86,0,USOILm,0.0
2022-01-07 20:00:00,78.335,78.697,78.307,78.439,1164,86,0,USOILm,0.0
2022-01-10 00:00:00,78.139,78.872,78.005,78.615,4019,86,0,USOILm,0.0
2022-01-10 04:00:00,78.614,78.867,78.387,78.787,3195,86,0,USOILm,0.0
2022-01-10 08:00:00,78.789,78.977,78.181,78.336,6780,86,0,USOILm,0.0
2022-01-10 12:00:00,78.343,78.638,77.444,78.216,9601,86,0,USOILm,0.0
2022-01-10 16:00:00,78.21,78.294,77.39,77.676,8812,86,0,USOILm,0.0
2022-01-10 20:00:00,77.69,78.07,77.615,78.07,1815,86,0,USOILm,0.0
2022-01-11 00:00:00,78.073,78.414,77.871,78.257,3295,86,0,USOILm,0.0
2022-01-11 04:00:00,78.251,78.51,78.107,78.428,2845,86,0,USOILm,0.0
2022-01-11 08:00:00,78.435,79.16,78.36,78.949,5940,86,0,USOILm,0.0
2022-01-11 12:00:00,78.94,79.571,78.387,79.394,8648,86,0,USOILm,0.0
2022-01-11 16:00:00,79.381,80.995,79.332,80.879,8381,86,0,USOILm,0.0
2022-01-11 20:00:00,80.884,80.972,80.593,80.704,1951,86,0,USOILm,0.0
2022-01-12 00:00:00,80.702,81.084,80.639,80.695,3286,86,0,USOILm,0.0
2022-01-12 04:00:00,80.696,80.847,80.571,80.742,2892,86,0,USOILm,0.0
2022-01-12 08:00:00,80.747,81.375,80.688,81.276,6553,86,0,USOILm,0.0
2022-01-12 12:00:00,81.272,81.99,80.843,81.751,9463,86,0,USOILm,0.0
2022-01-12 16:00:00,81.742,82.429,81.622,81.909,7435,86,0,USOILm,0.0
2022-01-12 20:00:00,81.917,82.184,81.856,82.107,1479,86,0,USOILm,0.0
2022-01-13 00:00:00,82.103,82.271,81.769,81.811,2770,86,0,USOILm,0.0
2022-01-13 04:00:00,81.813,81.887,81.506,81.722,2995,86,0,USOILm,0.0
2022-01-13 08:00:00,81.727,82.246,81.689,81.988,5557,86,0,USOILm,0.0
2022-01-13 12:00:00,81.986,82.266,81.315,81.368,8256,86,0,USOILm,0.0
2022-01-13 16:00:00,81.36,82.174,81.209,81.242,7752,86,0,USOILm,0.0
2022-01-13 20:00:00,81.231,81.291,80.889,81.286,2231,86,0,USOILm,0.0
2022-01-14 00:00:00,81.284,81.43,81.053,81.263,3479,86,0,USOILm,0.0
2022-01-14 04:00:00,81.268,81.795,81.226,81.725,2977,86,0,USOILm,0.0
2022-01-14 08:00:00,81.721,82.742,81.617,82.209,6723,86,0,USOILm,0.0
2022-01-14 12:00:00,82.195,82.605,81.286,82.397,9485,86,0,USOILm,0.0
2022-01-14 16:00:00,82.406,83.532,82.223,83.241,8287,86,0,USOILm,0.0
2022-01-14 20:00:00,83.243,83.721,83.243,83.716,1603,86,0,USOILm,0.0
2022-01-17 00:00:00,83.802,83.922,83.373,83.523,3847,86,0,USOILm,0.0
2022-01-17 04:00:00,83.524,83.846,83.386,83.761,2990,86,0,USOILm,0.0
2022-01-17 08:00:00,83.775,83.775,83.056,83.201,4920,86,0,USOILm,0.0
2022-01-17 12:00:00,83.199,83.471,82.893,83.244,5029,86,0,USOILm,0.0
2022-01-17 16:00:00,83.242,83.733,83.242,83.579,2671,86,0,USOILm,0.0
2022-01-17 20:00:00,83.605,83.66,83.53,83.604,366,83,0,USOILm,0.0
2022-01-18 00:00:00,83.612,84.519,83.498,84.199,4113,81,0,USOILm,0.0
2022-01-18 04:00:00,84.204,85.064,84.067,85.023,4682,86,0,USOILm,0.0
2022-01-18 08:00:00,85.034,85.034,84.188,84.199,7247,86,0,USOILm,0.0
2022-01-18 12:00:00,84.212,84.919,83.921,84.406,8963,86,0,USOILm,0.0
2022-01-18 16:00:00,84.407,85.248,83.847,85.138,8157,86,0,USOILm,0.0
2022-01-18 20:00:00,85.141,86.151,85.045,85.972,2869,86,0,USOILm,0.0
2022-01-19 00:00:00,85.965,86.268,85.711,85.834,4617,86,0,USOILm,0.0
2022-01-19 04:00:00,85.848,85.932,85.058,85.323,4868,86,0,USOILm,0.0
2022-01-19 08:00:00,85.316,85.988,84.945,85.581,7132,86,0,USOILm,0.0
2022-01-19 12:00:00,85.579,86.098,85.031,86.014,9071,86,0,USOILm,0.0
2022-01-19 16:00:00,86.0,86.631,85.105,85.442,8923,86,0,USOILm,0.0
2022-01-19 20:00:00,85.439,85.571,84.76,84.784,2298,86,0,USOILm,0.0
2022-01-20 00:00:00,84.794,85.692,84.55,85.587,5050,86,0,USOILm,0.0
2022-01-20 04:00:00,85.586,85.871,85.05,85.185,4510,86,0,USOILm,0.0
2022-01-20 08:00:00,85.194,85.668,84.887,85.517,6877,86,0,USOILm,0.0
2022-01-20 12:00:00,85.524,86.244,85.004,86.082,7921,86,0,USOILm,0.0
2022-01-20 16:00:00,86.08,86.893,85.127,85.251,8942,86,0,USOILm,0.0
2022-01-20 20:00:00,85.249,85.295,83.796,83.875,4023,86,0,USOILm,0.0
2022-01-21 00:00:00,83.868,83.878,82.599,83.642,7447,86,0,USOILm,0.0
2022-01-21 04:00:00,83.638,84.269,83.429,84.107,5698,86,0,USOILm,0.0
2022-01-21 08:00:00,84.095,84.109,83.291,83.992,8193,86,0,USOILm,0.0
2022-01-21 12:00:00,83.994,85.092,83.626,84.908,11312,86,0,USOILm,0.0
2022-01-21 16:00:00,84.923,85.325,84.438,84.725,9746,86,0,USOILm,0.0
2022-01-21 20:00:00,84.723,84.767,84.147,84.571,2752,86,0,USOILm,0.0
2022-01-24 00:00:00,85.571,85.818,85.428,85.535,5219,86,0,USOILm,0.0
2022-01-24 04:00:00,85.531,85.662,85.211,85.424,3890,86,0,USOILm,0.0
2022-01-24 08:00:00,85.42,85.484,84.299,85.086,8205,86,0,USOILm,0.0
2022-01-24 12:00:00,85.088,85.105,81.914,82.846,13009,86,0,USOILm,0.0
2022-01-24 16:00:00,82.837,83.419,81.677,82.837,13228,86,0,USOILm,0.0
2022-01-24 20:00:00,82.824,83.951,82.824,83.908,4128,86,0,USOILm,0.0
2022-01-25 00:00:00,83.913,83.934,83.158,83.425,6478,86,0,USOILm,0.0
2022-01-25 04:00:00,83.43,83.841,83.278,83.607,6054,86,0,USOILm,0.0
2022-01-25 08:00:00,83.614,84.237,83.193,83.548,8949,86,0,USOILm,0.0
2022-01-25 12:00:00,83.559,84.353,82.717,84.284,11578,86,0,USOILm,0.0
2022-01-25 16:00:00,84.287,85.341,84.153,84.949,9362,86,0,USOILm,0.0
2022-01-25 20:00:00,84.957,85.103,84.689,84.928,3748,86,0,USOILm,0.0
2022-01-26 00:00:00,84.925,84.982,84.597,84.796,4954,86,0,USOILm,0.0
2022-01-26 04:00:00,84.789,85.448,84.71,85.333,4156,86,0,USOILm,0.0
2022-01-26 08:00:00,85.338,85.824,85.288,85.681,6262,86,0,USOILm,0.0
2022-01-26 12:00:00,85.683,87.061,85.637,87.029,9454,86,0,USOILm,0.0
2022-01-26 16:00:00,87.025,87.441,86.342,86.536,9901,86,0,USOILm,0.0
2022-01-26 20:00:00,86.522,86.893,85.83,86.83,5107,86,0,USOILm,0.0
2022-01-27 00:00:00,86.838,86.839,85.81,85.957,7061,86,0,USOILm,0.0
2022-01-27 04:00:00,85.966,86.59,85.867,86.408,6352,86,0,USOILm,0.0
2022-01-27 08:00:00,86.413,87.747,86.284,87.693,7827,86,0,USOILm,0.0
2022-01-27 12:00:00,87.707,87.953,86.007,86.79,10862,86,0,USOILm,0.0
2022-01-27 16:00:00,86.788,87.07,85.688,85.742,11434,86,0,USOILm,0.0
2022-01-27 20:00:00,85.736,86.964,85.736,86.768,3866,86,0,USOILm,0.0
2022-01-28 00:00:00,86.761,86.801,86.177,86.54,5856,86,0,USOILm,0.0
2022-01-28 04:00:00,86.534,86.826,86.337,86.792,5631,86,0,USOILm,0.0
2022-01-28 08:00:00,86.789,86.877,86.03,86.679,8643,86,0,USOILm,0.0
2022-01-28 12:00:00,86.667,88.182,86.51,87.088,11461,86,0,USOILm,0.0
2022-01-28 16:00:00,87.098,87.534,85.841,86.362,10856,86,0,USOILm,0.0
2022-01-28 20:00:00,86.365,86.698,86.225,86.655,2387,86,0,USOILm,0.0
2022-01-31 00:00:00,87.071,87.446,86.946,87.204,3550,62,0,USOILm,0.0
2022-01-31 04:00:00,87.193,87.329,87.039,87.064,3215,62,0,USOILm,0.0
2022-01-31 08:00:00,87.058,87.172,86.277,86.459,7761,62,0,USOILm,0.0
2022-01-31 12:00:00,86.45,86.969,85.686,86.594,10829,62,0,USOILm,0.0
2022-01-31 16:00:00,86.585,87.456,86.4,87.367,8642,62,0,USOILm,0.0
2022-01-31 20:00:00,87.362,87.58,87.309,87.499,2085,62,0,USOILm,0.0
2022-02-01 00:00:00,87.503,87.676,87.279,87.515,2317,62,0,USOILm,0.0
2022-02-01 04:00:00,87.516,87.655,87.09,87.145,2410,62,0,USOILm,0.0
2022-02-01 08:00:00,87.152,87.51,86.158,86.953,7975,62,0,USOILm,0.0
2022-02-01 12:00:00,86.96,87.427,85.717,87.348,11048,62,0,USOILm,0.0
2022-02-01 16:00:00,87.35,87.953,86.527,87.043,9559,62,0,USOILm,0.0
2022-02-01 20:00:00,87.039,87.546,87.033,87.36,1897,62,0,USOILm,0.0
2022-02-02 00:00:00,87.362,87.733,87.272,87.408,2001,62,0,USOILm,0.0
2022-02-02 04:00:00,87.412,87.596,87.235,87.326,2479,62,0,USOILm,0.0
2022-02-02 08:00:00,87.315,87.778,86.882,87.259,7034,62,0,USOILm,0.0
2022-02-02 12:00:00,87.254,88.701,86.408,87.12,13649,62,0,USOILm,0.0
2022-02-02 16:00:00,87.11,87.539,86.238,87.405,10313,62,0,USOILm,0.0
2022-02-02 20:00:00,87.404,87.489,86.636,86.694,2192,62,0,USOILm,0.0
2022-02-03 00:00:00,86.699,86.986,86.656,86.905,2363,62,0,USOILm,0.0
2022-02-03 04:00:00,86.899,87.105,86.71,87.064,2346,62,0,USOILm,0.0
2022-02-03 08:00:00,87.066,87.187,85.829,86.147,6993,62,0,USOILm,0.0
2022-02-03 12:00:00,86.148,87.577,85.984,87.573,10453,62,0,USOILm,0.0
2022-02-03 16:00:00,87.571,89.263,87.295,89.105,10306,62,0,USOILm,0.0
2022-02-03 20:00:00,89.101,89.316,88.819,88.924,2498,62,0,USOILm,0.0
2022-02-04 00:00:00,88.919,89.727,88.854,89.577,3105,62,0,USOILm,0.0
2022-02-04 04:00:00,89.581,89.718,89.371,89.527,2974,62,0,USOILm,0.0
2022-02-04 08:00:00,89.537,90.95,89.491,90.859,8626,62,0,USOILm,0.0
2022-02-04 12:00:00,90.87,91.743,90.37,91.274,12405,62,0,USOILm,0.0
2022-02-04 16:00:00,91.271,91.471,90.71,91.103,9700,62,0,USOILm,0.0
2022-02-04 20:00:00,91.107,91.216,90.505,90.665,2229,62,0,USOILm,0.0
2022-02-07 00:00:00,90.582,91.486,90.296,90.833,7035,62,0,USOILm,0.0
2022-02-07 04:00:00,90.831,91.14,90.273,90.648,4574,62,0,USOILm,0.0
2022-02-07 08:00:00,90.659,90.659,89.578,90.319,9071,62,0,USOILm,0.0
2022-02-07 12:00:00,90.317,91.076,89.901,90.47,11174,62,0,USOILm,0.0
2022-02-07 16:00:00,90.471,90.8,89.869,90.279,8634,62,0,USOILm,0.0
2022-02-07 20:00:00,90.276,90.536,90.091,90.213,1877,62,0,USOILm,0.0
2022-02-08 00:00:00,90.21,90.318,89.734,90.083,3699,62,0,USOILm,0.0
2022-02-08 04:00:00,90.085,90.465,89.421,89.658,4244,62,0,USOILm,0.0
2022-02-08 08:00:00,89.669,89.949,87.884,88.712,9828,62,0,USOILm,0.0
2022-02-08 12:00:00,88.702,89.118,87.528,87.733,11483,62,0,USOILm,0.0
2022-02-08 16:00:00,87.736,88.897,87.435,88.177,10179,62,0,USOILm,0.0
2022-02-08 20:00:00,88.181,88.828,88.133,88.692,2221,62,0,USOILm,0.0
2022-02-09 00:00:00,88.393,88.561,88.248,88.537,2288,62,0,USOILm,0.0
2022-02-09 04:00:00,88.535,88.681,87.498,87.593,3640,62,0,USOILm,0.0
2022-02-09 08:00:00,87.603,88.61,87.578,87.846,8082,62,0,USOILm,0.0
2022-02-09 12:00:00,87.851,89.452,87.411,88.944,10441,62,0,USOILm,0.0
2022-02-09 16:00:00,88.95,89.349,87.998,88.608,9158,62,0,USOILm,0.0
2022-02-09 20:00:00,88.607,89.129,88.607,88.98,1759,62,0,USOILm,0.0
2022-02-10 00:00:00,88.978,89.09,88.435,88.654,2743,62,0,USOILm,0.0
2022-02-10 04:00:00,88.652,88.913,88.347,88.868,3068,62,0,USOILm,0.0
2022-02-10 08:00:00,88.875,89.777,88.62,89.389,7990,62,0,USOILm,0.0
2022-02-10 12:00:00,89.379,90.305,88.06,90.036,12216,62,0,USOILm,0.0
2022-02-10 16:00:00,90.046,90.492,88.371,88.79,11483,62,0,USOILm,0.0
2022-02-10 20:00:00,88.799,89.022,88.617,88.71,2795,62,0,USOILm,0.0
2022-02-11 00:00:00,88.715,88.829,88.232,88.52,3828,62,0,USOILm,0.0
2022-02-11 04:00:00,88.518,88.629,87.957,88.561,4355,62,0,USOILm,0.0
2022-02-11 08:00:00,88.551,89.645,88.318,89.514,8836,62,0,USOILm,0.0
2022-02-11 12:00:00,89.524,90.312,89.346,90.288,10159,62,0,USOILm,0.0
2022-02-11 16:00:00,90.278,92.97,89.944,91.955,15211,62,0,USOILm,0.0
2022-02-11 20:00:00,91.954,92.667,91.683,92.275,3605,62,0,USOILm,0.0
2022-02-14 00:00:00,92.646,93.198,92.49,92.735,5823,62,0,USOILm,0.0
2022-02-14 04:00:00,92.733,92.996,92.312,92.774,5014,62,0,USOILm,0.0
2022-02-14 08:00:00,92.769,92.769,90.904,91.103,13357,62,0,USOILm,0.0
2022-02-14 12:00:00,91.097,91.969,90.564,91.821,15177,62,0,USOILm,0.0
2022-02-14 16:00:00,91.83,93.963,91.4,92.943,13417,62,0,USOILm,0.0
2022-02-14 20:00:00,92.946,93.271,92.729,92.859,2553,62,0,USOILm,0.0
2022-02-15 00:00:00,92.864,93.219,92.716,92.814,3671,62,0,USOILm,0.0
2022-02-15 04:00:00,92.819,93.045,92.513,92.612,4420,62,0,USOILm,0.0
2022-02-15 08:00:00,92.603,92.71,89.962,90.185,13600,62,0,USOILm,0.0
2022-02-15 12:00:00,90.169,91.424,88.987,89.102,14320,62,0,USOILm,0.0
2022-02-15 16:00:00,89.113,90.435,89.047,90.073,11071,62,0,USOILm,0.0
2022-02-15 20:00:00,90.065,90.591,89.822,90.525,2531,62,0,USOILm,0.0
2022-02-16 00:00:00,90.526,90.581,89.688,90.102,3317,62,0,USOILm,0.0
2022-02-16 04:00:00,90.112,90.884,90.015,90.865,3883,62,0,USOILm,0.0
2022-02-16 08:00:00,90.861,91.519,90.669,91.4,9244,62,0,USOILm,0.0
2022-02-16 12:00:00,91.397,92.754,91.024,92.687,12272,62,0,USOILm,0.0
2022-02-16 16:00:00,92.698,93.032,91.039,91.166,11278,62,0,USOILm,0.0
2022-02-16 20:00:00,91.176,91.206,88.173,89.4,6761,62,0,USOILm,0.0
2022-02-17 00:00:00,89.394,90.547,89.018,90.529,4716,62,0,USOILm,0.0
2022-02-17 04:00:00,90.537,91.291,89.817,90.864,7472,62,0,USOILm,0.0
2022-02-17 08:00:00,90.871,91.186,89.398,90.129,11967,62,0,USOILm,0.0
2022-02-17 12:00:00,90.135,91.37,88.99,89.122,16439,62,0,USOILm,0.0
2022-02-17 16:00:00,89.112,90.291,88.943,89.653,12165,62,0,USOILm,0.0
2022-02-17 20:00:00,89.662,90.106,89.582,89.721,2501,62,0,USOILm,0.0
2022-02-18 00:00:00,89.716,89.813,88.889,89.093,4956,62,0,USOILm,0.0
2022-02-18 04:00:00,89.085,89.621,88.919,89.082,4677,62,0,USOILm,0.0
2022-02-18 08:00:00,89.072,89.41,87.252,88.267,11437,62,0,USOILm,0.0
2022-02-18 12:00:00,88.269,89.707,87.553,89.402,14521,62,0,USOILm,0.0
2022-02-18 16:00:00,89.391,90.843,88.798,90.168,14494,62,0,USOILm,0.0
2022-02-18 20:00:00,90.166,90.749,89.905,90.658,2612,62,0,USOILm,0.0
2022-02-21 00:00:00,91.409,91.525,88.884,89.648,7862,62,0,USOILm,0.0
2022-02-21 04:00:00,89.646,90.04,89.161,89.26,5301,62,0,USOILm,0.0
2022-02-21 08:00:00,89.248,90.564,89.248,90.28,9108,62,0,USOILm,0.0
2022-02-21 12:00:00,90.283,91.236,89.946,91.196,9571,62,0,USOILm,0.0
2022-02-21 16:00:00,91.191,92.379,90.671,92.37,6131,62,0,USOILm,0.0
2022-02-21 20:00:00,92.863,93.255,92.31,92.362,1319,82,0,USOILm,0.0
2022-02-22 00:00:00,92.36,93.19,91.951,92.417,7023,67,0,USOILm,0.0
2022-02-22 04:00:00,92.409,93.362,92.339,93.285,6114,65,0,USOILm,0.0
2022-02-22 08:00:00,93.295,94.619,92.834,93.161,12970,62,0,USOILm,0.0
2022-02-22 12:00:00,93.156,93.402,90.93,91.714,15460,62,0,USOILm,0.0
2022-02-22 16:00:00,91.725,92.484,90.794,91.437,14830,62,0,USOILm,0.0
2022-02-22 20:00:00,91.443,91.594,91.042,91.362,3376,62,0,USOILm,0.0
2022-02-23 00:00:00,91.363,92.025,91.214,91.87,4065,62,0,USOILm,0.0
2022-02-23 04:00:00,91.868,91.983,91.276,91.633,4562,62,0,USOILm,0.0
2022-02-23 08:00:00,91.64,91.91,90.359,91.247,9721,62,0,USOILm,0.0
2022-02-23 12:00:00,91.256,93.554,90.98,92.602,12785,62,0,USOILm,0.0
2022-02-23 16:00:00,92.592,92.817,90.984,91.246,13817,62,0,USOILm,0.0
2022-02-23 20:00:00,91.237,92.51,91.038,92.39,4193,62,0,USOILm,0.0
2022-02-24 00:00:00,92.392,95.073,92.371,94.477,9909,62,0,USOILm,0.0
2022-02-24 04:00:00,94.468,97.905,94.43,96.762,14730,62,0,USOILm,0.0
2022-02-24 08:00:00,96.766,99.937,96.351,98.942,15135,62,0,USOILm,0.0
2022-02-24 12:00:00,98.94,99.385,96.238,96.708,18135,62,0,USOILm,0.0
2022-02-24 16:00:00,96.739,97.357,90.979,92.397,18730,62,0,USOILm,0.0
2022-02-24 20:00:00,92.395,94.764,91.553,94.131,5590,62,0,USOILm,0.0
2022-02-25 00:00:00,94.117,95.012,93.771,94.847,6794,62,0,USOILm,0.0
2022-02-25 04:00:00,94.846,94.867,93.457,94.128,7634,62,0,USOILm,0.0
2022-02-25 08:00:00,94.135,94.607,91.314,92.268,14527,62,0,USOILm,0.0
2022-02-25 12:00:00,92.269,93.196,90.744,91.047,18987,62,0,USOILm,0.0
2022-02-25 16:00:00,91.033,91.586,89.564,91.284,15106,62,0,USOILm,0.0
2022-02-25 20:00:00,91.277,91.861,91.137,91.322,3059,62,0,USOILm,0.0
2022-02-28 00:00:00,96.014,96.115,94.664,95.963,8824,94,0,USOILm,0.0
2022-02-28 04:00:00,95.961,96.728,94.347,94.603,8509,94,0,USOILm,0.0
2022-02-28 08:00:00,94.589,95.921,94.176,95.295,11676,62,0,USOILm,0.0
2022-02-28 12:00:00,95.288,95.426,93.839,94.765,13647,62,0,USOILm,0.0
2022-02-28 16:00:00,94.78,96.008,93.692,94.848,12566,62,0,USOILm,0.0
2022-02-28 20:00:00,94.829,95.244,94.438,95.038,3621,62,0,USOILm,0.0
2022-03-01 00:00:00,95.024,95.82,95.024,95.599,4744,62,0,USOILm,0.0
2022-03-01 04:00:00,95.601,96.628,95.568,96.154,5848,62,0,USOILm,0.0
2022-03-01 08:00:00,96.144,98.796,96.144,98.603,12280,62,0,USOILm,0.0
2022-03-01 12:00:00,98.618,103.623,98.314,102.812,19834,62,0,USOILm,0.0
2022-03-01 16:00:00,102.81,105.142,101.282,102.622,20193,94,0,USOILm,0.0
2022-03-01 20:00:00,102.607,105.27,102.509,104.768,6086,94,0,USOILm,0.0
2022-03-02 00:00:00,104.756,107.592,103.95,106.697,11083,94,0,USOILm,0.0
2022-03-02 04:00:00,106.695,109.755,106.164,109.306,10265,94,0,USOILm,0.0
2022-03-02 08:00:00,109.292,109.292,105.728,108.104,13765,94,0,USOILm,0.0
2022-03-02 12:00:00,108.094,110.632,103.631,104.327,21034,94,0,USOILm,0.0
2022-03-02 16:00:00,104.345,110.778,104.279,110.239,19739,94,0,USOILm,0.0
2022-03-02 20:00:00,110.236,110.694,108.801,108.991,5503,94,0,USOILm,0.0
2022-03-03 00:00:00,108.988,112.72,108.893,111.434,10601,94,0,USOILm,0.0
2022-03-03 04:00:00,111.442,114.496,111.318,114.002,10444,94,0,USOILm,0.0
2022-03-03 08:00:00,114.019,114.019,110.676,111.038,18539,94,0,USOILm,0.0
2022-03-03 12:00:00,111.018,113.048,104.735,107.893,28616,94,0,USOILm,0.0
2022-03-03 16:00:00,107.908,109.865,105.871,106.168,21224,94,0,USOILm,0.0
2022-03-03 20:00:00,106.163,107.577,106.09,107.432,3925,94,0,USOILm,0.0
2022-03-04 00:00:00,107.437,110.863,107.198,107.825,10440,94,0,USOILm,0.0
2022-03-04 04:00:00,107.821,108.577,106.405,106.789,8239,94,0,USOILm,0.0
2022-03-04 08:00:00,106.774,108.87,105.625,107.874,12888,94,0,USOILm,0.0
2022-03-04 12:00:00,107.884,111.798,107.745,110.894,19473,94,0,USOILm,0.0
2022-03-04 16:00:00,110.876,113.936,108.47,113.552,21203,94,0,USOILm,0.0
2022-03-04 20:00:00,113.555,114.045,112.713,113.064,4481,94,0,USOILm,0.0
2022-03-07 00:00:00,124.405,124.405,119.615,121.87,11433,94,0,USOILm,0.0
2022-03-07 04:00:00,121.873,124.122,121.726,122.851,9353,94,0,USOILm,0.0
2022-03-07 08:00:00,122.829,122.829,119.721,121.174,14590,94,0,USOILm,0.0
2022-03-07 12:00:00,121.169,121.222,113.293,116.772,26249,94,0,USOILm,0.0
2022-03-07 16:00:00,116.788,119.463,114.902,116.788,23088,94,0,USOILm,0.0
2022-03-07 20:00:00,116.779,118.967,116.714,118.601,4702,94,0,USOILm,0.0
2022-03-08 00:00:00,118.597,119.757,114.847,118.989,11014,94,0,USOILm,0.0
2022-03-08 04:00:00,118.982,120.911,117.997,119.569,8666,94,0,USOILm,0.0
2022-03-08 08:00:00,119.547,120.758,117.749,120.43,12478,94,0,USOILm,0.0
2022-03-08 12:00:00,120.432,126.434,118.531,124.605,19921,94,0,USOILm,0.0
2022-03-08 16:00:00,124.584,125.92,117.012,121.511,23818,94,0,USOILm,0.0
2022-03-08 20:00:00,121.508,122.582,120.413,122.512,3513,94,0,USOILm,0.0
2022-03-09 00:00:00,122.492,123.763,121.505,123.394,6240,94,0,USOILm,0.0
2022-03-09 04:00:00,123.398,123.863,121.569,121.875,5885,94,0,USOILm,0.0
2022-03-09 08:00:00,121.871,122.886,116.447,117.427,17346,94,0,USOILm,0.0
2022-03-09 12:00:00,117.45,118.524,112.815,115.112,23899,94,0,USOILm,0.0
2022-03-09 16:00:00,115.12,116.522,100.994,106.983,30828,94,0,USOILm,0.0
2022-03-09 20:00:00,106.979,108.627,106.074,108.005,3930,140,0,USOILm,0.0
2022-03-10 00:00:00,107.995,108.356,104.499,107.915,5937,94,0,USOILm,0.0
2022-03-10 04:00:00,107.92,108.917,105.908,108.22,7252,94,0,USOILm,0.0
2022-03-10 08:00:00,108.202,111.165,107.122,110.448,14051,94,0,USOILm,0.0
2022-03-10 12:00:00,110.453,111.818,104.318,106.972,21066,94,0,USOILm,0.0
2022-03-10 16:00:00,106.987,107.788,103.2,104.001,20191,94,0,USOILm,0.0
2022-03-10 20:00:00,104.002,104.916,103.209,104.896,3455,94,0,USOILm,0.0
2022-03-11 00:00:00,104.872,105.296,101.868,102.9,5492,94,0,USOILm,0.0
2022-03-11 04:00:00,102.889,106.259,102.889,105.933,5421,94,0,USOILm,0.0
2022-03-11 08:00:00,105.955,107.696,104.41,105.1,11970,94,0,USOILm,0.0
2022-03-11 12:00:00,105.107,106.44,102.532,106.373,15033,94,0,USOILm,0.0
2022-03-11 16:00:00,106.388,107.504,105.64,106.743,16876,94,0,USOILm,0.0
2022-03-11 20:00:00,106.74,107.044,106.677,106.742,1979,94,0,USOILm,0.0
2022-03-14 00:00:00,104.789,104.872,102.492,104.058,6943,94,0,USOILm,0.0
2022-03-14 04:00:00,104.038,104.562,102.746,102.98,5692,94,0,USOILm,0.0
2022-03-14 08:00:00,102.987,104.13,100.749,102.245,9291,94,0,USOILm,0.0
2022-03-14 12:00:00,102.23,103.167,98.204,99.726,20561,94,0,USOILm,0.0
2022-03-14 16:00:00,99.741,101.584,99.377,100.543,13403,94,0,USOILm,0.0
2022-03-14 20:00:00,100.526,100.997,99.78,99.794,1165,140,0,USOILm,0.0
2022-03-15 00:00:00,99.789,99.995,95.268,97.296,9104,94,0,USOILm,0.0
2022-03-15 04:00:00,97.302,97.331,95.356,95.79,6976,94,0,USOILm,0.0
2022-03-15 08:00:00,95.787,96.299,92.304,93.951,11824,94,0,USOILm,0.0
2022-03-15 12:00:00,93.933,95.64,92.44,94.694,21071,94,0,USOILm,0.0
2022-03-15 16:00:00,94.71,96.79,93.706,93.942,15326,94,0,USOILm,0.0
2022-03-15 20:00:00,93.935,94.582,93.195,94.282,1481,94,0,USOILm,0.0
2022-03-16 00:00:00,94.267,96.151,93.826,95.626,6259,94,0,USOILm,0.0
2022-03-16 04:00:00,95.623,97.34,95.117,97.161,7063,94,0,USOILm,0.0
2022-03-16 08:00:00,97.158,97.918,93.563,94.843,12148,94,0,USOILm,0.0
2022-03-16 12:00:00,94.835,97.368,93.078,95.387,21812,94,0,USOILm,0.0
2022-03-16 16:00:00,95.379,95.746,92.683,93.469,13684,94,0,USOILm,0.0
2022-03-16 20:00:00,93.477,94.879,93.091,94.61,2128,94,0,USOILm,0.0
2022-03-17 00:00:00,94.615,95.414,93.612,95.258,6002,94,0,USOILm,0.0
2022-03-17 04:00:00,95.257,96.622,95.007,96.436,5037,94,0,USOILm,0.0
2022-03-17 08:00:00,96.42,99.452,96.244,98.959,13723,94,0,USOILm,0.0
2022-03-17 12:00:00,98.954,102.068,98.391,101.978,18379,94,0,USOILm,0.0
2022-03-17 16:00:00,101.961,102.626,100.681,101.637,14061,94,0,USOILm,0.0
2022-03-17 20:00:00,101.656,102.184,101.484,101.669,1410,94,0,USOILm,0.0
2022-03-18 00:00:00,101.666,104.254,101.541,104.2,6072,94,0,USOILm,0.0
2022-03-18 04:00:00,104.208,104.482,102.148,102.902,6478,94,0,USOILm,0.0
2022-03-18 08:00:00,102.895,103.161,101.619,102.378,9992,94,0,USOILm,0.0
2022-03-18 12:00:00,102.371,102.988,100.807,102.146,15039,94,0,USOILm,0.0
2022-03-18 16:00:00,102.129,103.347,101.912,102.755,9398,94,0,USOILm,0.0
2022-03-18 20:00:00,102.745,103.913,102.557,103.608,803,94,0,USOILm,0.0
2022-03-21 00:00:00,104.421,106.308,104.421,105.971,6541,94,0,USOILm,0.0
2022-03-21 04:00:00,105.963,107.085,105.944,106.904,4754,94,0,USOILm,0.0
2022-03-21 08:00:00,106.921,107.859,106.196,106.96,9959,94,0,USOILm,0.0
2022-03-21 12:00:00,106.955,109.21,106.537,108.562,12473,94,0,USOILm,0.0
2022-03-21 16:00:00,108.58,110.694,107.725,110.511,11855,94,0,USOILm,0.0
2022-03-21 20:00:00,110.506,111.909,109.987,111.72,2348,94,0,USOILm,0.0
2022-03-22 00:00:00,111.701,112.537,110.902,111.701,7116,94,0,USOILm,0.0
2022-03-22 04:00:00,111.696,112.832,110.826,111.037,7770,94,0,USOILm,0.0
2022-03-22 08:00:00,111.035,111.143,106.673,109.318,15528,94,0,USOILm,0.0
2022-03-22 12:00:00,109.336,110.644,107.154,107.997,17000,94,0,USOILm,0.0
2022-03-22 16:00:00,108.012,110.353,107.329,108.672,13706,94,0,USOILm,0.0
2022-03-22 20:00:00,108.669,108.802,107.814,108.118,2380,94,0,USOILm,0.0
2022-03-23 00:00:00,108.121,110.716,107.807,110.036,6454,94,0,USOILm,0.0
2022-03-23 04:00:00,110.034,110.356,108.483,109.792,7792,94,0,USOILm,0.0
2022-03-23 08:00:00,109.777,111.73,109.222,111.43,11193,94,0,USOILm,0.0
2022-03-23 12:00:00,111.446,114.72,111.267,113.937,15398,94,0,USOILm,0.0
2022-03-23 16:00:00,113.939,114.636,112.821,113.801,11177,94,0,USOILm,0.0
2022-03-23 20:00:00,113.817,114.156,113.295,113.752,1863,94,0,USOILm,0.0
2022-03-24 00:00:00,113.77,115.804,112.592,113.073,11587,94,0,USOILm,0.0
2022-03-24 04:00:00,113.07,114.318,112.101,113.942,9170,94,0,USOILm,0.0
2022-03-24 08:00:00,113.94,114.902,112.904,114.075,15006,94,0,USOILm,0.0
2022-03-24 12:00:00,114.091,114.279,110.903,111.273,18048,94,0,USOILm,0.0
2022-03-24 16:00:00,111.289,112.957,109.864,110.527,13786,94,0,USOILm,0.0
2022-03-24 20:00:00,110.548,111.505,110.123,111.086,2062,94,0,USOILm,0.0
2022-03-25 00:00:00,111.098,111.872,109.717,111.534,8665,94,0,USOILm,0.0
2022-03-25 04:00:00,111.531,111.76,109.531,109.741,7419,94,0,USOILm,0.0
2022-03-25 08:00:00,109.728,110.979,108.263,109.101,15605,94,0,USOILm,0.0
2022-03-25 12:00:00,109.096,113.112,107.775,112.27,20526,94,0,USOILm,0.0
2022-03-25 16:00:00,112.255,113.201,111.457,111.937,13234,94,0,USOILm,0.0
2022-03-25 20:00:00,111.926,111.949,111.487,111.824,1058,94,0,USOILm,0.0
2022-03-28 00:00:00,109.761,110.064,108.388,109.396,9296,94,0,USOILm,0.0
2022-03-28 04:00:00,109.39,109.732,107.362,108.469,7809,94,0,USOILm,0.0
2022-03-28 08:00:00,108.463,108.929,106.005,106.751,11588,94,0,USOILm,0.0
2022-03-28 12:00:00,106.769,107.942,103.649,106.512,18513,94,0,USOILm,0.0
2022-03-28 16:00:00,106.513,107.509,101.985,102.467,14732,94,0,USOILm,0.0
2022-03-28 20:00:00,102.484,103.34,102.221,103.033,1810,94,0,USOILm,0.0
2022-03-29 00:00:00,103.04,104.564,103.007,103.674,8239,94,0,USOILm,0.0
2022-03-29 04:00:00,103.67,105.564,103.329,105.339,8243,94,0,USOILm,0.0
2022-03-29 08:00:00,105.354,106.827,99.76,102.371,17785,94,0,USOILm,0.0
2022-03-29 12:00:00,102.355,102.592,97.679,101.309,25928,94,0,USOILm,0.0
2022-03-29 16:00:00,101.304,104.49,100.941,104.062,11447,94,0,USOILm,0.0
2022-03-29 20:00:00,104.076,105.616,103.925,105.203,2304,94,0,USOILm,0.0
2022-03-30 00:00:00,105.195,105.443,103.54,104.03,7825,94,0,USOILm,0.0
2022-03-30 04:00:00,104.036,106.146,103.767,105.253,7172,94,0,USOILm,0.0
2022-03-30 08:00:00,105.271,106.192,104.511,105.356,13041,94,0,USOILm,0.0
2022-03-30 12:00:00,105.354,107.663,105.185,106.941,16755,94,0,USOILm,0.0
2022-03-30 16:00:00,106.957,107.025,105.435,106.163,9667,94,0,USOILm,0.0
2022-03-30 20:00:00,106.171,106.565,106.121,106.401,1160,94,0,USOILm,0.0
2022-03-31 00:00:00,106.399,106.667,99.998,100.907,13162,94,0,USOILm,0.0
2022-03-31 04:00:00,100.905,102.441,99.62,101.821,10028,94,0,USOILm,0.0
2022-03-31 08:00:00,101.819,102.311,99.278,100.576,13909,94,0,USOILm,0.0
2022-03-31 12:00:00,100.592,103.701,99.679,102.682,19881,94,0,USOILm,0.0
2022-03-31 16:00:00,102.698,103.25,98.729,99.727,13187,94,0,USOILm,0.0
2022-03-31 20:00:00,99.732,100.413,99.409,99.992,2167,94,0,USOILm,0.0
2022-04-01 00:00:00,99.993,100.002,98.338,99.056,8875,94,0,USOILm,0.0
2022-04-01 04:00:00,99.062,99.065,96.886,97.934,10172,94,0,USOILm,0.0
2022-04-01 08:00:00,97.943,100.489,97.476,97.639,13573,94,0,USOILm,0.0
2022-04-01 12:00:00,97.633,100.019,97.517,98.852,15475,94,0,USOILm,0.0
2022-04-01 16:00:00,98.861,99.004,97.941,98.763,10439,94,0,USOILm,0.0
2022-04-01 20:00:00,98.771,98.79,98.534,98.652,596,94,0,USOILm,0.0
2022-04-04 00:00:00,97.603,98.757,97.516,98.682,3889,94,0,USOILm,0.0
2022-04-04 04:00:00,98.685,99.847,98.422,99.121,5753,94,0,USOILm,0.0
2022-04-04 08:00:00,99.142,99.831,97.552,99.66,10440,94,0,USOILm,0.0
2022-04-04 12:00:00,99.675,102.727,99.556,100.905,15516,94,0,USOILm,0.0
2022-04-04 16:00:00,100.9,103.001,100.407,102.582,10553,94,0,USOILm,0.0
2022-04-04 20:00:00,102.59,103.808,102.575,103.282,1380,94,0,USOILm,0.0
2022-04-05 00:00:00,103.279,104.528,103.279,103.697,3655,94,0,USOILm,0.0
2022-04-05 04:00:00,103.698,104.259,102.84,103.175,5169,94,0,USOILm,0.0
2022-04-05 08:00:00,103.193,104.189,102.507,103.284,10781,94,0,USOILm,0.0
2022-04-05 12:00:00,103.289,104.096,100.981,101.713,16148,94,0,USOILm,0.0
2022-04-05 16:00:00,101.715,102.94,99.027,99.364,11750,94,0,USOILm,0.0
2022-04-05 20:00:00,99.378,100.539,99.349,100.108,1645,94,0,USOILm,0.0
2022-04-06 00:00:00,100.103,101.197,99.49,100.97,6668,94,0,USOILm,0.0
2022-04-06 04:00:00,100.968,102.01,100.74,101.829,6437,94,0,USOILm,0.0
2022-04-06 08:00:00,101.844,102.971,101.726,102.068,10266,94,0,USOILm,0.0
2022-04-06 12:00:00,102.052,102.391,97.98,98.712,16203,94,0,USOILm,0.0
2022-04-06 16:00:00,98.728,99.141,95.14,96.465,14983,94,0,USOILm,0.0
2022-04-06 20:00:00,96.481,97.382,95.82,96.108,1617,94,0,USOILm,0.0
2022-04-07 00:00:00,96.121,97.799,95.603,97.05,6341,94,0,USOILm,0.0
2022-04-07 04:00:00,97.045,97.442,95.819,95.976,6138,94,0,USOILm,0.0
2022-04-07 08:00:00,95.958,98.06,94.81,97.617,10847,94,0,USOILm,0.0
2022-04-07 12:00:00,97.633,98.096,93.623,93.977,16398,94,0,USOILm,0.0
2022-04-07 16:00:00,93.99,96.538,93.325,96.312,11447,94,0,USOILm,0.0
2022-04-07 20:00:00,96.318,96.525,95.895,96.341,1194,94,0,USOILm,0.0
2022-04-08 00:00:00,96.344,96.565,94.77,95.189,5061,94,0,USOILm,0.0
2022-04-08 04:00:00,95.182,96.651,94.898,96.634,6238,94,0,USOILm,0.0
2022-04-08 08:00:00,96.671,97.146,95.293,95.885,8897,94,0,USOILm,0.0
2022-04-08 12:00:00,95.9,97.157,95.149,96.083,15037,94,0,USOILm,0.0
2022-04-08 16:00:00,96.082,98.212,95.889,97.434,9801,94,0,USOILm,0.0
2022-04-08 20:00:00,97.439,97.7,97.31,97.375,844,94,0,USOILm,0.0
2022-04-11 00:00:00,96.316,96.66,94.846,95.492,5903,94,0,USOILm,0.0
2022-04-11 04:00:00,95.491,96.146,95.009,95.788,6023,94,0,USOILm,0.0
2022-04-11 08:00:00,95.767,96.517,92.747,92.774,9687,94,0,USOILm,0.0
2022-04-11 12:00:00,92.758,95.476,92.603,94.238,14652,94,0,USOILm,0.0
2022-04-11 16:00:00,94.233,94.68,93.55,94.515,9569,62,0,USOILm,0.0
2022-04-11 20:00:00,94.53,95.092,94.431,94.916,1075,94,0,USOILm,0.0
2022-04-12 00:00:00,94.933,96.239,94.516,95.836,4573,94,0,USOILm,0.0
2022-04-12 04:00:00,95.841,97.269,95.442,96.15,5906,94,0,USOILm,0.0
2022-04-12 08:00:00,96.132,98.04,95.729,97.837,9848,94,0,USOILm,0.0
2022-04-12 12:00:00,97.853,100.814,97.253,100.608,14452,94,0,USOILm,0.0
2022-04-12 16:00:00,100.596,100.661,99.666,100.13,9610,94,0,USOILm,0.0
2022-04-12 20:00:00,100.139,101.385,100.103,100.966,1366,94,0,USOILm,0.0
2022-04-13 00:00:00,100.972,101.101,99.98,100.053,4286,94,0,USOILm,0.0
2022-04-13 04:00:00,100.048,100.741,99.503,99.928,5649,94,0,USOILm,0.0
2022-04-13 08:00:00,99.943,102.366,99.796,101.362,9546,94,0,USOILm,0.0
2022-04-13 12:00:00,101.364,102.626,100.19,102.591,14286,94,0,USOILm,0.0
2022-04-13 16:00:00,102.587,103.974,102.096,103.771,9928,94,0,USOILm,0.0
2022-04-13 20:00:00,103.774,103.849,103.0,103.184,1276,94,0,USOILm,0.0
2022-04-14 00:00:00,103.191,103.586,102.726,103.147,4297,94,0,USOILm,0.0
2022-04-14 04:00:00,103.146,103.521,102.044,102.516,6189,94,0,USOILm,0.0
2022-04-14 08:00:00,102.533,103.412,102.184,102.412,8499,94,0,USOILm,0.0
2022-04-14 12:00:00,102.427,103.259,101.675,103.046,10991,94,0,USOILm,0.0
2022-04-14 16:00:00,103.062,106.954,102.909,105.693,11301,83,0,USOILm,0.0
2022-04-14 20:00:00,105.696,106.072,105.633,105.918,574,90,0,USOILm,0.0
2022-04-18 00:00:00,107.339,107.91,106.808,107.32,5882,94,0,USOILm,0.0
2022-04-18 04:00:00,107.323,107.377,105.359,105.582,5151,94,0,USOILm,0.0
2022-04-18 08:00:00,105.567,106.495,105.406,106.116,6153,94,0,USOILm,0.0
2022-04-18 12:00:00,106.109,107.954,106.083,107.133,9845,94,0,USOILm,0.0
2022-04-18 16:00:00,107.13,109.077,106.678,107.249,8363,94,0,USOILm,0.0
2022-04-18 20:00:00,107.235,107.442,106.626,107.177,1334,94,0,USOILm,0.0
2022-04-19 00:00:00,107.175,108.177,106.727,107.676,4742,94,0,USOILm,0.0
2022-04-19 04:00:00,107.681,107.721,106.149,106.334,5571,94,0,USOILm,0.0
2022-04-19 08:00:00,106.35,106.769,105.077,105.83,9459,94,0,USOILm,0.0
2022-04-19 12:00:00,105.834,105.849,101.402,101.835,15422,94,0,USOILm,0.0
2022-04-19 16:00:00,101.834,103.039,101.535,102.039,9556,94,0,USOILm,0.0
2022-04-19 20:00:00,102.032,103.443,101.839,103.062,2025,94,0,USOILm,0.0
2022-04-20 00:00:00,103.056,103.26,101.775,102.929,5995,94,0,USOILm,0.0
2022-04-20 04:00:00,102.935,103.451,102.174,103.226,6401,94,0,USOILm,0.0
2022-04-20 08:00:00,103.242,103.617,102.419,103.501,7861,94,0,USOILm,0.0
2022-04-20 12:00:00,103.497,103.789,99.991,100.34,13794,94,0,USOILm,0.0
2022-04-20 16:00:00,100.356,102.991,99.75,102.342,10809,62,0,USOILm,0.0
2022-04-20 20:00:00,102.333,102.562,101.868,102.156,1349,94,0,USOILm,0.0
2022-04-21 00:00:00,102.155,103.258,101.836,102.849,5054,94,0,USOILm,0.0
2022-04-21 04:00:00,102.837,104.102,102.775,103.811,5063,94,0,USOILm,0.0
2022-04-21 08:00:00,103.827,103.901,102.534,102.914,8520,94,0,USOILm,0.0
2022-04-21 12:00:00,102.906,105.187,102.043,104.017,13162,94,0,USOILm,0.0
2022-04-21 16:00:00,104.032,104.434,102.051,103.525,11618,94,0,USOILm,0.0
2022-04-21 20:00:00,103.533,104.019,103.152,103.401,1670,94,0,USOILm,0.0
2022-04-22 00:00:00,103.394,103.974,102.321,102.555,5978,94,0,USOILm,0.0
2022-04-22 04:00:00,102.543,103.258,101.948,103.216,5799,94,0,USOILm,0.0
2022-04-22 08:00:00,103.23,103.248,101.037,102.232,9232,94,0,USOILm,0.0
2022-04-22 12:00:00,102.241,102.789,101.191,101.641,12834,94,0,USOILm,0.0
2022-04-22 16:00:00,101.623,102.446,101.289,101.349,8579,62,0,USOILm,0.0
2022-04-22 20:00:00,101.355,101.453,100.804,101.249,881,94,0,USOILm,0.0
2022-04-25 00:00:00,100.246,100.544,98.648,98.872,6552,94,0,USOILm,0.0
2022-04-25 04:00:00,98.869,99.191,97.593,97.594,6624,94,0,USOILm,0.0
2022-04-25 08:00:00,97.596,97.899,96.259,96.58,9594,94,0,USOILm,0.0
2022-04-25 12:00:00,96.575,97.438,95.026,95.658,14067,62,0,USOILm,0.0
2022-04-25 16:00:00,95.675,99.213,95.45,98.755,10823,62,0,USOILm,0.0
2022-04-25 20:00:00,98.754,98.852,98.113,98.294,1227,94,0,USOILm,0.0
2022-04-26 00:00:00,98.297,99.494,97.918,99.154,4788,94,0,USOILm,0.0
2022-04-26 04:00:00,99.153,99.361,97.386,97.564,5320,94,0,USOILm,0.0
2022-04-26 08:00:00,97.579,99.19,96.792,98.905,8709,94,0,USOILm,0.0
2022-04-26 12:00:00,98.907,101.253,98.416,100.884,15974,94,0,USOILm,0.0
2022-04-26 16:00:00,100.9,102.302,100.455,101.638,12153,94,0,USOILm,0.0
2022-04-26 20:00:00,101.636,101.981,101.076,101.467,1626,94,0,USOILm,0.0
2022-04-27 00:00:00,101.464,102.459,101.144,101.293,5210,94,0,USOILm,0.0
2022-04-27 04:00:00,101.304,102.329,101.241,101.336,5490,94,0,USOILm,0.0
2022-04-27 08:00:00,101.34,102.081,100.881,101.143,8204,94,0,USOILm,0.0
2022-04-27 12:00:00,101.131,101.418,99.35,100.295,14714,94,0,USOILm,0.0
2022-04-27 16:00:00,100.31,101.893,99.885,101.575,9788,94,0,USOILm,0.0
2022-04-27 20:00:00,101.561,101.687,100.896,101.204,1093,94,0,USOILm,0.0
2022-04-28 00:00:00,101.211,101.436,99.574,99.939,5040,94,0,USOILm,0.0
2022-04-28 04:00:00,99.937,101.645,99.533,101.543,5750,94,0,USOILm,0.0
2022-04-28 08:00:00,101.561,102.412,100.41,100.47,8455,94,0,USOILm,0.0
2022-04-28 12:00:00,100.46,103.67,100.354,103.159,13688,94,0,USOILm,0.0
2022-04-28 16:00:00,103.161,104.853,103.127,104.675,10257,62,0,USOILm,0.0
2022-04-28 20:00:00,104.682,104.689,103.855,104.101,1318,94,0,USOILm,0.0
2022-04-29 00:00:00,104.118,104.604,103.666,104.325,5901,94,0,USOILm,0.0
2022-04-29 04:00:00,104.32,105.536,104.311,105.23,8547,94,0,USOILm,0.0
2022-04-29 08:00:00,105.233,105.945,104.564,105.409,9071,94,0,USOILm,0.0
2022-04-29 12:00:00,105.418,107.014,105.109,105.573,12149,94,0,USOILm,0.0
2022-04-29 16:00:00,105.577,106.226,102.999,103.411,11770,94,0,USOILm,0.0
2022-04-29 20:00:00,103.409,103.702,103.409,103.619,851,94,0,USOILm,0.0
2022-05-02 00:00:00,103.764,103.919,102.557,103.05,4051,94,0,USOILm,0.0
2022-05-02 04:00:00,103.035,103.881,102.377,103.104,4958,94,0,USOILm,0.0
2022-05-02 08:00:00,103.12,103.252,99.536,100.033,10156,94,0,USOILm,0.0
2022-05-02 12:00:00,100.025,104.014,99.639,103.417,14430,94,0,USOILm,0.0
2022-05-02 16:00:00,103.438,104.977,103.306,104.917,11401,94,0,USOILm,0.0
2022-05-02 20:00:00,104.908,104.958,104.085,104.255,1159,94,0,USOILm,0.0
2022-05-03 00:00:00,104.254,104.793,103.756,103.837,3247,94,0,USOILm,0.0
2022-05-03 04:00:00,103.848,104.306,103.215,103.722,4746,94,0,USOILm,0.0
2022-05-03 08:00:00,103.737,103.926,102.451,103.392,9345,94,0,USOILm,0.0
2022-05-03 12:00:00,103.389,104.143,101.841,102.812,14000,94,0,USOILm,0.0
2022-05-03 16:00:00,102.796,102.965,101.238,102.007,10259,62,0,USOILm,0.0
2022-05-03 20:00:00,102.012,102.66,101.559,102.502,1195,94,0,USOILm,0.0
2022-05-04 00:00:00,102.503,102.722,101.993,102.552,3103,94,0,USOILm,0.0
2022-05-04 04:00:00,102.555,104.521,102.466,104.166,4707,94,0,USOILm,0.0
2022-05-04 08:00:00,104.181,106.068,104.109,105.742,8624,94,0,USOILm,0.0
2022-05-04 12:00:00,105.757,106.36,104.702,105.277,13395,94,0,USOILm,0.0
2022-05-04 16:00:00,105.264,107.584,105.089,106.93,10920,94,0,USOILm,0.0
2022-05-04 20:00:00,106.933,107.156,106.553,107.11,1488,94,0,USOILm,0.0
2022-05-05 00:00:00,107.118,107.833,106.69,106.985,5186,94,0,USOILm,0.0
2022-05-05 04:00:00,106.989,107.932,106.684,106.93,4963,94,0,USOILm,0.0
2022-05-05 08:00:00,106.939,108.32,106.389,108.266,7975,94,0,USOILm,0.0
2022-05-05 12:00:00,108.268,110.283,105.453,105.899,18130,94,0,USOILm,0.0
2022-05-05 16:00:00,105.889,107.598,105.644,107.216,11831,62,0,USOILm,0.0
2022-05-05 20:00:00,107.218,107.945,107.196,107.605,1086,94,0,USOILm,0.0
2022-05-06 00:00:00,107.61,108.106,106.169,107.825,7198,94,0,USOILm,0.0
2022-05-06 04:00:00,107.821,108.47,107.065,107.422,6331,94,0,USOILm,0.0
2022-05-06 08:00:00,107.437,109.714,107.251,108.777,9163,94,0,USOILm,0.0
2022-05-06 12:00:00,108.79,109.987,107.195,109.562,15350,94,0,USOILm,0.0
2022-05-06 16:00:00,109.559,109.933,107.955,109.452,12175,94,0,USOILm,0.0
2022-05-06 20:00:00,109.456,109.531,109.136,109.18,955,94,0,USOILm,0.0
2022-05-09 00:00:00,108.072,109.318,106.853,108.802,6871,94,0,USOILm,0.0
2022-05-09 04:00:00,108.797,109.124,106.999,107.819,6375,94,0,USOILm,0.0
2022-05-09 08:00:00,107.803,108.204,105.201,105.658,11022,94,0,USOILm,0.0
2022-05-09 12:00:00,105.674,107.153,102.215,103.157,17640,94,0,USOILm,0.0
2022-05-09 16:00:00,103.146,103.737,101.13,101.342,13388,94,0,USOILm,0.0
2022-05-09 20:00:00,101.34,102.061,101.224,101.678,1543,94,0,USOILm,0.0
2022-05-10 00:00:00,101.671,101.823,99.382,100.632,8420,94,0,USOILm,0.0
2022-05-10 04:00:00,100.628,102.488,100.526,102.426,7355,94,0,USOILm,0.0
2022-05-10 08:00:00,102.442,103.036,99.689,100.958,10806,94,0,USOILm,0.0
2022-05-10 12:00:00,100.954,102.524,98.19,98.998,18377,94,0,USOILm,0.0
2022-05-10 16:00:00,98.98,99.813,97.87,98.462,13808,94,0,USOILm,0.0
2022-05-10 20:00:00,98.463,99.045,97.166,97.718,1482,94,0,USOILm,0.0
2022-05-11 00:00:00,97.745,100.679,97.551,100.411,7481,94,0,USOILm,0.0
2022-05-11 04:00:00,100.395,101.551,100.271,100.863,7261,94,0,USOILm,0.0
2022-05-11 08:00:00,100.879,103.021,100.817,102.516,9988,94,0,USOILm,0.0
2022-05-11 12:00:00,102.5,104.304,100.671,103.926,18562,94,0,USOILm,0.0
2022-05-11 16:00:00,103.915,104.974,103.43,103.686,12709,94,0,USOILm,0.0
2022-05-11 20:00:00,103.682,104.332,103.598,104.179,1076,94,0,USOILm,0.0
2022-05-12 00:00:00,104.188,104.697,102.756,103.02,6821,94,0,USOILm,0.0
2022-05-12 04:00:00,103.016,103.186,101.264,102.249,8222,94,0,USOILm,0.0
2022-05-12 08:00:00,102.264,103.307,101.429,102.473,12143,94,0,USOILm,0.0
2022-05-12 12:00:00,102.463,105.762,101.977,104.577,19113,94,0,USOILm,0.0
2022-05-12 16:00:00,104.575,105.444,103.585,105.367,13148,94,0,USOILm,0.0
2022-05-12 20:00:00,105.373,105.452,105.032,105.423,875,94,0,USOILm,0.0
2022-05-13 00:00:00,105.43,106.508,105.16,106.142,6176,94,0,USOILm,0.0
2022-05-13 04:00:00,106.127,106.516,104.969,105.33,6983,94,0,USOILm,0.0
2022-05-13 08:00:00,105.346,106.777,104.746,106.117,8538,94,0,USOILm,0.0
2022-05-13 12:00:00,106.116,108.494,106.116,108.315,14229,94,0,USOILm,0.0
2022-05-13 16:00:00,108.311,108.875,108.01,108.669,9462,94,0,USOILm,0.0
2022-05-13 20:00:00,108.668,108.764,108.604,108.708,472,94,0,USOILm,0.0
2022-05-16 00:00:00,109.548,109.845,106.769,107.15,7210,94,0,USOILm,0.0
2022-05-16 04:00:00,107.151,108.193,106.318,107.282,7140,94,0,USOILm,0.0
2022-05-16 08:00:00,107.267,108.606,106.931,107.785,9562,94,0,USOILm,0.0
2022-05-16 12:00:00,107.778,110.44,107.463,110.362,14752,94,0,USOILm,0.0
2022-05-16 16:00:00,110.365,112.53,110.36,112.071,11354,94,0,USOILm,0.0
2022-05-16 20:00:00,112.064,112.069,111.33,111.699,1723,94,0,USOILm,0.0
2022-05-17 00:00:00,111.705,112.591,111.176,111.31,6208,94,0,USOILm,0.0
2022-05-17 04:00:00,111.321,112.063,111.197,111.651,6466,94,0,USOILm,0.0
2022-05-17 08:00:00,111.667,113.126,111.549,112.922,10171,94,0,USOILm,0.0
2022-05-17 12:00:00,112.924,112.972,110.875,111.139,14489,94,0,USOILm,0.0
2022-05-17 16:00:00,111.154,111.783,108.914,109.303,12427,94,0,USOILm,0.0
2022-05-17 20:00:00,109.319,111.167,109.018,110.764,1940,94,0,USOILm,0.0
2022-05-18 00:00:00,110.762,111.438,109.892,110.285,6052,94,0,USOILm,0.0
2022-05-18 04:00:00,110.286,111.297,109.825,111.248,5840,94,0,USOILm,0.0
2022-05-18 08:00:00,111.258,111.599,110.389,111.553,7390,94,0,USOILm,0.0
2022-05-18 12:00:00,111.566,112.178,106.904,107.4,16730,94,0,USOILm,0.0
2022-05-18 16:00:00,107.402,107.775,105.894,106.737,13678,94,0,USOILm,0.0
2022-05-18 20:00:00,106.752,106.8,104.803,105.313,1957,94,0,USOILm,0.0
2022-05-19 00:00:00,105.315,108.137,105.283,107.716,7054,94,0,USOILm,0.0
2022-05-19 04:00:00,107.722,108.059,106.377,107.073,7297,94,0,USOILm,0.0
2022-05-19 08:00:00,107.087,107.112,104.049,105.224,13049,94,0,USOILm,0.0
2022-05-19 12:00:00,105.219,108.068,102.947,107.467,18167,94,0,USOILm,0.0
2022-05-19 16:00:00,107.481,109.795,107.317,108.726,10889,94,0,USOILm,0.0
2022-05-19 20:00:00,108.711,108.801,108.491,108.662,1410,94,0,USOILm,0.0
2022-05-20 00:00:00,108.657,109.263,107.647,108.016,6456,94,0,USOILm,0.0
2022-05-20 04:00:00,108.01,109.195,108.007,109.104,6057,94,0,USOILm,0.0
2022-05-20 08:00:00,109.103,109.856,108.601,109.741,8187,94,0,USOILm,0.0
2022-05-20 12:00:00,109.757,110.46,108.574,109.685,13512,94,0,USOILm,0.0
2022-05-20 16:00:00,109.68,110.499,108.264,110.163,12009,94,0,USOILm,0.0
2022-05-20 20:00:00,110.18,110.36,109.982,110.007,762,94,0,USOILm,0.0
2022-05-23 00:00:00,109.637,110.506,109.432,110.148,5333,94,0,USOILm,0.0
2022-05-23 04:00:00,110.145,110.814,109.995,110.814,5569,94,0,USOILm,0.0
2022-05-23 08:00:00,110.816,111.244,109.73,110.397,8204,94,0,USOILm,0.0
2022-05-23 12:00:00,110.381,110.916,108.555,109.752,13770,94,0,USOILm,0.0
2022-05-23 16:00:00,109.753,110.228,109.003,109.928,8661,94,0,USOILm,0.0
2022-05-23 20:00:00,109.934,110.145,108.667,108.991,1722,94,0,USOILm,0.0
2022-05-24 00:00:00,109.022,109.282,108.478,108.998,5696,94,0,USOILm,0.0
2022-05-24 04:00:00,108.997,109.035,107.893,108.759,5921,62,0,USOILm,0.0
2022-05-24 08:00:00,108.776,110.149,108.684,109.89,8495,62,0,USOILm,0.0
2022-05-24 12:00:00,109.902,110.703,108.656,109.228,15058,62,0,USOILm,0.0
2022-05-24 16:00:00,109.227,109.71,108.44,109.431,11860,62,0,USOILm,0.0
2022-05-24 20:00:00,109.428,110.084,108.978,109.76,1446,62,0,USOILm,0.0
2022-05-25 00:00:00,109.762,110.316,109.464,110.217,4733,94,0,USOILm,0.0
2022-05-25 04:00:00,110.21,110.345,109.41,109.992,4677,62,0,USOILm,0.0
2022-05-25 08:00:00,110.004,110.794,109.848,110.262,6934,62,0,USOILm,0.0
2022-05-25 12:00:00,110.26,110.447,108.455,108.553,13318,62,0,USOILm,0.0
2022-05-25 16:00:00,108.567,109.98,108.47,109.971,9725,62,0,USOILm,0.0
2022-05-25 20:00:00,109.985,110.046,109.723,109.729,959,62,0,USOILm,0.0
2022-05-26 00:00:00,109.744,110.183,109.283,109.945,4372,62,0,USOILm,0.0
2022-05-26 04:00:00,109.936,110.276,109.505,110.216,4683,62,0,USOILm,0.0
2022-05-26 08:00:00,110.231,110.464,109.881,110.229,5511,62,0,USOILm,0.0
2022-05-26 12:00:00,110.232,113.403,109.771,113.269,11814,62,0,USOILm,0.0
2022-05-26 16:00:00,113.254,113.747,112.753,112.877,7813,62,0,USOILm,0.0
2022-05-26 20:00:00,112.874,113.241,112.74,112.882,1220,62,0,USOILm,0.0
2022-05-27 00:00:00,112.875,113.55,112.549,112.949,5649,94,0,USOILm,0.0
2022-05-27 04:00:00,112.945,113.156,112.44,113.048,4970,94,0,USOILm,0.0
2022-05-27 08:00:00,113.062,113.765,111.966,112.305,9031,62,0,USOILm,0.0
2022-05-27 12:00:00,112.32,113.36,111.697,113.295,12246,62,0,USOILm,0.0
2022-05-27 16:00:00,113.301,114.085,113.059,113.976,8330,62,0,USOILm,0.0
2022-05-27 20:00:00,113.967,114.005,113.877,113.962,467,62,0,USOILm,0.0
2022-05-30 00:00:00,114.41,115.191,114.239,114.786,5041,94,0,USOILm,0.0
2022-05-30 04:00:00,114.788,115.038,114.268,114.686,4625,94,0,USOILm,0.0
2022-05-30 08:00:00,114.697,115.006,114.199,114.635,5382,94,0,USOILm,0.0
2022-05-30 12:00:00,114.62,115.176,114.313,115.064,6622,94,0,USOILm,0.0
2022-05-30 16:00:00,115.048,115.982,114.917,115.63,1761,94,0,USOILm,0.0
2022-05-30 20:00:00,116.041,116.468,115.778,116.3,1052,94,0,USOILm,0.0
2022-05-31 00:00:00,116.322,116.963,115.601,116.956,6590,94,0,USOILm,0.0
2022-05-31 04:00:00,116.94,118.086,116.821,117.818,7518,94,0,USOILm,0.0
2022-05-31 08:00:00,117.807,118.056,116.794,117.43,8935,94,0,USOILm,0.0
2022-05-31 12:00:00,117.431,118.612,115.174,115.585,14971,94,0,USOILm,0.0
2022-05-31 16:00:00,115.568,116.549,112.946,113.887,14243,94,0,USOILm,0.0
2022-05-31 20:00:00,113.879,113.968,113.563,113.664,1211,94,0,USOILm,0.0
2022-06-01 00:00:00,113.666,114.279,113.485,113.684,5125,94,0,USOILm,0.0
2022-06-01 04:00:00,113.68,115.362,113.178,115.228,5432,94,0,USOILm,0.0
2022-06-01 08:00:00,115.244,115.487,113.943,114.062,8630,94,0,USOILm,0.0
2022-06-01 12:00:00,114.048,116.372,113.955,114.895,14479,94,0,USOILm,0.0
2022-06-01 16:00:00,114.892,115.797,113.486,113.575,10959,94,0,USOILm,0.0
2022-06-01 20:00:00,113.591,113.6,111.726,111.762,2410,94,0,USOILm,0.0
2022-06-02 00:00:00,111.75,112.035,110.335,111.588,7332,94,0,USOILm,0.0
2022-06-02 04:00:00,111.586,112.344,111.343,111.463,6079,94,0,USOILm,0.0
2022-06-02 08:00:00,111.468,111.908,110.585,110.771,8469,94,0,USOILm,0.0
2022-06-02 12:00:00,110.775,115.573,109.909,115.321,17196,94,0,USOILm,0.0
2022-06-02 16:00:00,115.317,116.076,115.154,115.714,8648,94,0,USOILm,0.0
2022-06-02 20:00:00,115.711,116.25,115.487,115.782,1180,94,0,USOILm,0.0
2022-06-03 00:00:00,115.785,115.817,114.928,115.032,2293,94,0,USOILm,0.0
2022-06-03 04:00:00,115.019,115.445,113.911,114.03,3811,94,0,USOILm,0.0
2022-06-03 08:00:00,114.025,115.119,113.683,114.676,7420,94,0,USOILm,0.0
2022-06-03 12:00:00,114.68,117.743,114.585,116.912,13200,94,0,USOILm,0.0
2022-06-03 16:00:00,116.913,118.786,116.74,118.644,9311,94,0,USOILm,0.0
2022-06-03 20:00:00,118.634,118.757,118.592,118.681,521,94,0,USOILm,0.0
2022-06-06 00:00:00,118.498,118.692,117.209,118.028,4897,94,0,USOILm,0.0
2022-06-06 04:00:00,118.021,118.132,117.412,117.77,4486,94,0,USOILm,0.0
2022-06-06 08:00:00,117.784,118.149,117.057,117.392,7197,94,0,USOILm,0.0
2022-06-06 12:00:00,117.395,118.088,115.977,116.933,12577,94,0,USOILm,0.0
2022-06-06 16:00:00,116.935,117.464,116.364,116.718,9056,94,0,USOILm,0.0
2022-06-06 20:00:00,116.732,117.432,116.663,117.231,986,94,0,USOILm,0.0
2022-06-07 00:00:00,117.227,117.71,116.612,117.563,3615,94,0,USOILm,0.0
2022-06-07 04:00:00,117.564,117.756,116.912,117.406,4701,94,0,USOILm,0.0
2022-06-07 08:00:00,117.421,117.704,116.061,116.575,8211,94,0,USOILm,0.0
2022-06-07 12:00:00,116.57,118.55,116.21,117.861,13109,94,0,USOILm,0.0
2022-06-07 16:00:00,117.872,118.653,115.642,118.455,11299,94,0,USOILm,0.0
2022-06-07 20:00:00,118.438,118.438,117.553,117.722,1214,94,0,USOILm,0.0
2022-06-08 00:00:00,117.702,118.388,117.597,117.985,4421,94,0,USOILm,0.0
2022-06-08 04:00:00,117.979,118.693,117.95,118.409,4667,94,0,USOILm,0.0
2022-06-08 08:00:00,118.426,119.577,117.846,118.884,6596,94,0,USOILm,0.0
2022-06-08 12:00:00,118.886,119.977,117.764,119.957,12096,94,0,USOILm,0.0
2022-06-08 16:00:00,119.954,121.303,119.858,120.895,10498,94,0,USOILm,0.0
2022-06-08 20:00:00,120.896,120.896,120.23,120.232,1037,94,0,USOILm,0.0
2022-06-09 00:00:00,120.225,120.817,119.977,120.499,5179,94,0,USOILm,0.0
2022-06-09 04:00:00,120.507,120.621,119.482,119.838,5047,94,0,USOILm,0.0
2022-06-09 08:00:00,119.845,120.372,119.519,120.014,6903,94,0,USOILm,0.0
2022-06-09 12:00:00,120.032,120.379,118.93,119.864,11683,94,0,USOILm,0.0
2022-06-09 16:00:00,119.866,119.99,118.991,119.447,8516,94,0,USOILm,0.0
2022-06-09 20:00:00,119.442,119.515,119.029,119.238,1037,94,0,USOILm,0.0
2022-06-10 00:00:00,119.241,119.326,118.035,118.69,4420,94,0,USOILm,0.0
2022-06-10 04:00:00,118.688,119.27,118.439,118.687,4883,94,0,USOILm,0.0
2022-06-10 08:00:00,118.673,120.384,118.607,120.113,7432,94,0,USOILm,0.0
2022-06-10 12:00:00,120.112,120.489,116.156,117.354,17951,94,0,USOILm,0.0
2022-06-10 16:00:00,117.362,118.825,117.027,118.274,11009,94,0,USOILm,0.0
2022-06-10 20:00:00,118.285,118.45,117.975,117.998,626,94,0,USOILm,0.0
2022-06-13 00:00:00,116.511,116.811,115.829,116.541,5560,94,0,USOILm,0.0
2022-06-13 04:00:00,116.536,116.846,115.666,116.276,5878,94,0,USOILm,0.0
2022-06-13 08:00:00,116.293,117.175,115.756,116.28,8657,94,0,USOILm,0.0
2022-06-13 12:00:00,116.283,118.987,115.114,118.794,16382,94,0,USOILm,0.0
2022-06-13 16:00:00,118.808,119.796,117.478,118.616,13511,94,0,USOILm,0.0
2022-06-13 20:00:00,118.626,118.626,117.9,118.0,1371,94,0,USOILm,0.0
2022-06-14 00:00:00,118.007,118.663,117.822,118.095,5748,94,0,USOILm,0.0
2022-06-14 04:00:00,118.099,119.749,118.029,119.408,5978,94,0,USOILm,0.0
2022-06-14 08:00:00,119.391,119.555,118.642,118.725,8048,94,0,USOILm,0.0
2022-06-14 12:00:00,118.733,120.966,118.557,119.921,15593,94,0,USOILm,0.0
2022-06-14 16:00:00,119.906,119.906,114.259,115.919,18368,94,0,USOILm,0.0
2022-06-14 20:00:00,115.931,116.305,115.452,115.863,2028,94,0,USOILm,0.0
2022-06-15 00:00:00,115.862,116.868,115.841,116.286,4923,94,0,USOILm,0.0
2022-06-15 04:00:00,116.287,116.784,115.768,116.362,5025,94,0,USOILm,0.0
2022-06-15 08:00:00,116.377,116.608,114.314,115.742,9900,94,0,USOILm,0.0
2022-06-15 12:00:00,115.744,116.263,114.088,114.771,16899,94,0,USOILm,0.0
2022-06-15 16:00:00,114.786,115.915,112.339,113.348,16843,94,0,USOILm,0.0
2022-06-15 20:00:00,113.352,114.27,113.178,114.06,1654,94,0,USOILm,0.0
2022-06-16 00:00:00,114.034,114.501,113.695,113.841,5784,94,0,USOILm,0.0
2022-06-16 04:00:00,113.836,114.169,113.22,113.482,5537,94,0,USOILm,0.0
2022-06-16 08:00:00,113.497,113.699,111.005,111.431,9237,94,0,USOILm,0.0
2022-06-16 12:00:00,111.417,113.757,110.291,113.313,17572,94,0,USOILm,0.0
2022-06-16 16:00:00,113.322,115.521,113.029,114.407,11871,94,0,USOILm,0.0
2022-06-16 20:00:00,114.398,114.742,114.035,114.247,1377,94,0,USOILm,0.0
2022-06-17 00:00:00,114.261,114.537,113.582,113.988,6404,94,0,USOILm,0.0
2022-06-17 04:00:00,113.982,115.805,113.963,115.531,5995,94,0,USOILm,0.0
2022-06-17 08:00:00,115.541,116.248,114.352,114.643,8603,94,0,USOILm,0.0
2022-06-17 12:00:00,114.659,114.674,107.974,109.036,19385,94,0,USOILm,0.0
2022-06-17 16:00:00,109.046,109.248,106.148,108.199,14808,94,0,USOILm,0.0
2022-06-17 20:00:00,108.19,108.345,107.869,108.236,631,94,0,USOILm,0.0
2022-06-20 00:00:00,108.704,108.906,106.983,107.445,9045,94,0,USOILm,0.0
2022-06-20 04:00:00,107.443,108.691,107.343,107.896,6728,94,0,USOILm,0.0
2022-06-20 08:00:00,107.905,108.48,106.553,108.277,8732,94,0,USOILm,0.0
2022-06-20 12:00:00,108.264,108.63,106.881,108.09,10131,94,0,USOILm,0.0
2022-06-20 16:00:00,108.104,108.841,107.983,108.723,2210,94,0,USOILm,0.0
2022-06-20 20:00:00,108.595,108.687,108.424,108.474,554,94,0,USOILm,0.0
2022-06-21 00:00:00,108.489,110.348,108.489,109.702,6553,94,0,USOILm,0.0
2022-06-21 04:00:00,109.707,110.039,108.808,109.889,6090,94,0,USOILm,0.0
2022-06-21 08:00:00,109.861,110.393,109.248,109.875,7832,94,0,USOILm,0.0
2022-06-21 12:00:00,109.872,110.769,108.514,108.954,12661,94,0,USOILm,0.0
2022-06-21 16:00:00,108.938,109.671,108.518,109.093,10079,62,0,USOILm,0.0
2022-06-21 20:00:00,109.095,109.53,108.545,108.684,1435,94,0,USOILm,0.0
2022-06-22 00:00:00,108.702,108.756,104.532,105.268,8534,94,0,USOILm,0.0
2022-06-22 04:00:00,105.273,105.531,102.741,103.819,8466,94,0,USOILm,0.0
2022-06-22 08:00:00,103.838,104.507,103.342,103.409,9132,94,0,USOILm,0.0
2022-06-22 12:00:00,103.41,105.588,101.122,105.415,18113,94,0,USOILm,0.0
2022-06-22 16:00:00,105.42,106.787,104.763,104.81,11638,94,0,USOILm,0.0
2022-06-22 20:00:00,104.795,104.88,102.735,103.296,2229,94,0,USOILm,0.0
2022-06-23 00:00:00,103.29,104.263,101.769,102.832,8146,94,0,USOILm,0.0
2022-06-23 04:00:00,102.83,104.516,102.532,103.769,8193,94,0,USOILm,0.0
2022-06-23 08:00:00,103.761,105.745,102.867,105.582,10481,94,0,USOILm,0.0
2022-06-23 12:00:00,105.583,106.38,104.037,104.666,15663,94,0,USOILm,0.0
2022-06-23 16:00:00,104.657,104.759,102.918,103.171,12795,62,0,USOILm,0.0
2022-06-23 20:00:00,103.166,103.69,103.133,103.537,1388,94,0,USOILm,0.0
2022-06-24 00:00:00,103.534,104.408,102.887,103.4,6910,94,0,USOILm,0.0
2022-06-24 04:00:00,103.395,104.334,102.746,103.599,6659,94,0,USOILm,0.0
2022-06-24 08:00:00,103.584,105.334,103.215,105.044,9226,94,0,USOILm,0.0
2022-06-24 12:00:00,105.042,107.564,104.011,106.627,14358,94,0,USOILm,0.0
2022-06-24 16:00:00,106.633,106.806,105.365,106.618,10023,62,0,USOILm,0.0
2022-06-24 20:00:00,106.619,106.641,106.45,106.548,622,94,0,USOILm,0.0
2022-06-27 00:00:00,105.336,107.19,104.461,106.516,7117,94,0,USOILm,0.0
2022-06-27 04:00:00,106.518,107.078,106.03,106.992,6236,94,0,USOILm,0.0
2022-06-27 08:00:00,106.976,107.111,105.664,107.004,8049,94,0,USOILm,0.0
2022-06-27 12:00:00,107.002,108.467,104.99,107.9,14173,94,0,USOILm,0.0
2022-06-27 16:00:00,107.896,109.347,107.523,108.664,11518,62,0,USOILm,0.0
2022-06-27 20:00:00,108.657,108.962,108.468,108.962,1169,94,0,USOILm,0.0
2022-06-28 00:00:00,108.979,109.667,108.858,109.489,5814,94,0,USOILm,0.0
2022-06-28 04:00:00,109.486,110.386,109.19,109.545,6184,94,0,USOILm,0.0
2022-06-28 08:00:00,109.565,110.404,109.177,110.056,8290,94,0,USOILm,0.0
2022-06-28 12:00:00,110.07,110.315,108.5,109.705,15300,94,0,USOILm,0.0
2022-06-28 16:00:00,109.69,111.009,109.378,110.495,10527,94,0,USOILm,0.0
2022-06-28 20:00:00,110.498,110.923,110.404,110.5,1273,94,0,USOILm,0.0
2022-06-29 00:00:00,110.498,111.128,109.457,109.712,6261,94,0,USOILm,0.0
2022-06-29 04:00:00,109.71,110.463,109.519,110.452,6487,94,0,USOILm,0.0
2022-06-29 08:00:00,110.463,111.895,110.01,111.802,8406,94,0,USOILm,0.0
2022-06-29 12:00:00,111.813,112.671,110.237,110.728,14807,94,0,USOILm,0.0
2022-06-29 16:00:00,110.713,110.795,107.955,107.955,12079,94,0,USOILm,0.0
2022-06-29 20:00:00,107.964,108.361,107.929,108.329,1598,94,0,USOILm,0.0
2022-06-30 00:00:00,108.325,109.057,107.728,108.58,6012,94,0,USOILm,0.0
2022-06-30 04:00:00,108.591,108.842,107.656,108.145,6772,94,0,USOILm,0.0
2022-06-30 08:00:00,108.159,108.778,107.043,107.1,10585,94,0,USOILm,0.0
2022-06-30 12:00:00,107.084,108.195,103.859,105.768,17346,94,0,USOILm,0.0
2022-06-30 16:00:00,105.774,106.487,104.11,104.57,11913,62,0,USOILm,0.0
2022-06-30 20:00:00,104.567,104.722,104.26,104.711,1541,94,0,USOILm,0.0
2022-07-01 00:00:00,104.7,105.217,104.007,104.133,6626,94,0,USOILm,0.0
2022-07-01 04:00:00,104.131,104.314,103.074,103.899,8060,94,0,USOILm,0.0
2022-07-01 08:00:00,103.884,107.255,103.619,107.051,11146,62,0,USOILm,0.0
2022-07-01 12:00:00,107.066,107.34,105.279,106.158,15639,94,0,USOILm,0.0
2022-07-01 16:00:00,106.173,107.597,106.173,106.586,10405,94,0,USOILm,0.0
2022-07-01 20:00:00,106.588,106.809,106.483,106.772,505,94,0,USOILm,0.0
2022-07-04 00:00:00,106.466,106.71,105.568,106.502,5945,94,0,USOILm,0.0
2022-07-04 04:00:00,106.508,107.364,106.39,106.758,5276,94,0,USOILm,0.0
2022-07-04 08:00:00,106.768,107.733,105.612,107.592,7785,94,0,USOILm,0.0
2022-07-04 12:00:00,107.587,108.961,107.513,108.661,9687,94,0,USOILm,0.0
2022-07-04 16:00:00,108.663,108.989,108.304,108.608,1799,94,0,USOILm,0.0
2022-07-04 20:00:00,108.612,108.701,108.47,108.48,697,94,0,USOILm,0.0
2022-07-05 00:00:00,108.462,109.482,108.005,108.223,5775,94,0,USOILm,0.0
2022-07-05 04:00:00,108.215,108.633,107.639,108.445,5898,94,0,USOILm,0.0
2022-07-05 08:00:00,108.457,108.597,105.962,106.362,10355,94,0,USOILm,0.0
2022-07-05 12:00:00,106.36,107.053,96.628,97.96,22103,94,0,USOILm,0.0
2022-07-05 16:00:00,97.944,98.265,95.708,97.736,16882,62,0,USOILm,0.0
2022-07-05 20:00:00,97.75,99.201,97.737,99.193,1660,94,0,USOILm,0.0
2022-07-06 00:00:00,99.192,100.14,97.569,98.098,7890,94,0,USOILm,0.0
2022-07-06 04:00:00,98.092,99.656,97.11,99.298,9227,94,0,USOILm,0.0
2022-07-06 08:00:00,99.314,99.357,97.659,98.402,11195,94,0,USOILm,0.0
2022-07-06 12:00:00,98.419,98.703,93.161,94.119,21279,62,0,USOILm,0.0
2022-07-06 16:00:00,94.135,96.485,93.692,96.264,15026,62,0,USOILm,0.0
2022-07-06 20:00:00,96.249,96.314,95.494,95.699,1365,94,0,USOILm,0.0
2022-07-07 00:00:00,95.688,96.836,94.038,96.512,7960,94,0,USOILm,0.0
2022-07-07 04:00:00,96.522,96.866,95.368,96.46,7713,94,0,USOILm,0.0
2022-07-07 08:00:00,96.47,97.158,95.459,97.091,9944,94,0,USOILm,0.0
2022-07-07 12:00:00,97.097,101.834,96.73,101.497,17934,94,0,USOILm,0.0
2022-07-07 16:00:00,101.489,101.824,99.799,99.825,10910,62,0,USOILm,0.0
2022-07-07 20:00:00,99.831,100.238,99.653,100.233,1528,62,0,USOILm,0.0
2022-07-08 00:00:00,100.244,100.444,99.258,100.105,7651,94,0,USOILm,0.0
2022-07-08 04:00:00,100.107,101.23,99.39,99.958,8673,94,0,USOILm,0.0
2022-07-08 08:00:00,99.974,100.888,99.14,100.185,11160,94,0,USOILm,0.0
2022-07-08 12:00:00,100.202,102.552,99.297,102.345,18075,94,0,USOILm,0.0
2022-07-08 16:00:00,102.361,102.722,101.541,102.121,9918,62,0,USOILm,0.0
2022-07-08 20:00:00,102.119,102.427,102.119,102.366,506,94,0,USOILm,0.0
2022-07-11 00:00:00,101.927,102.565,101.053,101.55,7076,94,0,USOILm,0.0
2022-07-11 04:00:00,101.548,101.648,99.428,99.428,7503,94,0,USOILm,0.0
2022-07-11 08:00:00,99.447,101.401,99.2,99.567,10764,94,0,USOILm,0.0
2022-07-11 12:00:00,99.588,101.593,98.487,101.274,17873,94,0,USOILm,0.0
2022-07-11 16:00:00,101.259,102.035,100.819,101.105,10347,94,0,USOILm,0.0
2022-07-11 20:00:00,101.127,101.301,100.187,100.67,1250,94,0,USOILm,0.0
2022-07-12 00:00:00,100.677,100.898,99.694,100.068,6510,94,0,USOILm,0.0
2022-07-12 04:00:00,100.083,100.085,98.853,99.27,6374,94,0,USOILm,0.0
2022-07-12 08:00:00,99.277,99.377,95.989,97.095,12119,94,0,USOILm,0.0
2022-07-12 12:00:00,97.096,97.589,93.906,94.233,22070,62,0,USOILm,0.0
2022-07-12 16:00:00,94.242,94.495,93.163,93.483,11855,62,0,USOILm,0.0
2022-07-12 20:00:00,93.495,93.616,91.636,92.028,2489,62,0,USOILm,0.0
2022-07-13 00:00:00,92.048,93.848,92.048,93.473,8160,94,0,USOILm,0.0
2022-07-13 04:00:00,93.468,95.032,93.041,94.291,7881,94,0,USOILm,0.0
2022-07-13 08:00:00,94.305,95.025,93.778,94.011,10103,94,0,USOILm,0.0
2022-07-13 12:00:00,94.012,95.548,92.292,93.233,21951,62,0,USOILm,0.0
2022-07-13 16:00:00,93.217,94.379,92.875,93.519,12932,62,0,USOILm,0.0
2022-07-13 20:00:00,93.502,93.985,93.192,93.504,1519,94,0,USOILm,0.0
2022-07-14 00:00:00,93.488,94.558,93.11,94.416,6426,94,0,USOILm,0.0
2022-07-14 04:00:00,94.411,94.497,92.74,93.241,6685,94,0,USOILm,0.0
2022-07-14 08:00:00,93.256,93.256,90.953,91.875,10578,62,0,USOILm,0.0
2022-07-14 12:00:00,91.879,92.88,88.3,91.695,19966,62,0,USOILm,0.0
2022-07-14 16:00:00,91.711,93.942,91.26,93.403,12546,62,0,USOILm,0.0
2022-07-14 20:00:00,93.405,93.794,93.174,93.655,1299,94,0,USOILm,0.0
2022-07-15 00:00:00,93.633,93.999,92.735,93.585,7298,94,0,USOILm,0.0
2022-07-15 04:00:00,93.594,93.619,92.085,92.443,7367,94,0,USOILm,0.0
2022-07-15 08:00:00,92.427,94.97,91.599,94.096,10979,94,0,USOILm,0.0
2022-07-15 12:00:00,94.111,96.001,93.697,95.065,16571,62,0,USOILm,0.0
2022-07-15 16:00:00,95.058,95.576,94.192,94.515,8946,62,0,USOILm,0.0
2022-07-15 20:00:00,94.516,94.693,94.224,94.447,671,62,0,USOILm,0.0
2022-07-18 00:00:00,94.079,95.133,92.725,94.932,8169,94,0,USOILm,0.0
2022-07-18 04:00:00,94.933,97.351,94.638,96.76,7733,94,0,USOILm,0.0
2022-07-18 08:00:00,96.743,97.169,95.458,95.992,8630,62,0,USOILm,0.0
2022-07-18 12:00:00,96.01,99.387,95.996,98.964,13985,62,0,USOILm,0.0
2022-07-18 16:00:00,98.963,99.438,98.099,98.84,10069,62,0,USOILm,0.0
2022-07-18 20:00:00,98.841,98.918,98.383,98.647,1483,94,0,USOILm,0.0
2022-07-19 00:00:00,98.653,99.27,98.347,98.67,6187,94,0,USOILm,0.0
2022-07-19 04:00:00,98.673,99.913,98.486,99.538,6535,62,0,USOILm,0.0
2022-07-19 08:00:00,99.554,99.703,96.474,97.276,10063,62,0,USOILm,0.0
2022-07-19 12:00:00,97.291,99.244,96.232,99.206,14920,62,0,USOILm,0.0
2022-07-19 16:00:00,99.214,100.653,99.111,100.277,8830,62,0,USOILm,0.0
2022-07-19 20:00:00,100.279,100.421,99.547,99.855,1480,62,0,USOILm,0.0
2022-07-20 00:00:00,99.842,100.064,99.322,99.736,6087,94,0,USOILm,0.0
2022-07-20 04:00:00,99.734,99.826,98.169,98.551,7507,62,0,USOILm,0.0
2022-07-20 08:00:00,98.574,99.465,98.195,98.891,9565,62,0,USOILm,0.0
2022-07-20 12:00:00,98.877,99.645,97.724,99.439,14541,62,0,USOILm,0.0
2022-07-20 16:00:00,99.423,100.25,98.53,99.339,9735,62,0,USOILm,0.0
2022-07-20 20:00:00,99.345,99.478,98.952,98.952,1275,94,0,USOILm,0.0
2022-07-21 00:00:00,98.951,99.152,98.306,98.545,5656,94,0,USOILm,0.0
2022-07-21 04:00:00,98.549,98.962,96.84,97.044,6493,94,0,USOILm,0.0
2022-07-21 08:00:00,97.069,97.138,94.076,95.078,13403,94,0,USOILm,0.0
2022-07-21 12:00:00,95.06,96.957,94.637,96.479,16718,94,0,USOILm,0.0
2022-07-21 16:00:00,96.484,96.875,95.603,95.9,10119,62,0,USOILm,0.0
2022-07-21 20:00:00,95.883,95.971,95.473,95.49,1285,94,0,USOILm,0.0
2022-07-22 00:00:00,95.491,97.296,95.491,96.615,6439,94,0,USOILm,0.0
2022-07-22 04:00:00,96.62,97.313,95.041,95.353,7154,62,0,USOILm,0.0
2022-07-22 08:00:00,95.369,96.292,93.659,94.918,11492,62,0,USOILm,0.0
2022-07-22 12:00:00,94.904,97.007,94.405,96.694,15831,62,0,USOILm,0.0
2022-07-22 16:00:00,96.708,96.805,93.975,94.065,11938,62,0,USOILm,0.0
2022-07-22 20:00:00,94.055,94.466,94.043,94.43,932,62,0,USOILm,0.0
2022-07-25 00:00:00,94.278,95.118,92.908,93.298,7632,94,0,USOILm,0.0
2022-07-25 04:00:00,93.289,93.451,92.443,92.655,7216,62,0,USOILm,0.0
2022-07-25 08:00:00,92.678,95.393,92.393,95.008,10064,62,0,USOILm,0.0
2022-07-25 12:00:00,95.012,96.186,94.319,95.689,15202,62,0,USOILm,0.0
2022-07-25 16:00:00,95.695,96.276,95.163,96.087,10319,62,0,USOILm,0.0
2022-07-25 20:00:00,96.092,96.152,95.382,95.461,1187,62,0,USOILm,0.0
2022-07-26 00:00:00,95.465,97.758,95.13,97.257,6465,62,0,USOILm,0.0
2022-07-26 04:00:00,97.259,97.931,97.084,97.373,5702,62,0,USOILm,0.0
2022-07-26 08:00:00,97.388,98.203,97.186,97.673,7811,62,0,USOILm,0.0
2022-07-26 12:00:00,97.69,97.906,94.595,94.77,14748,62,0,USOILm,0.0
2022-07-26 16:00:00,94.76,95.32,94.109,94.292,10608,62,0,USOILm,0.0
2022-07-26 20:00:00,94.293,94.913,94.277,94.72,1795,62,0,USOILm,0.0
2022-07-27 00:00:00,94.731,95.057,94.026,94.406,5563,62,0,USOILm,0.0
2022-07-27 04:00:00,94.408,95.549,94.316,95.334,5604,62,0,USOILm,0.0
2022-07-27 08:00:00,95.35,95.827,94.212,95.233,8626,62,0,USOILm,0.0
2022-07-27 12:00:00,95.238,97.04,93.586,96.717,15243,62,0,USOILm,0.0
2022-07-27 16:00:00,96.711,97.805,96.099,97.438,10511,62,0,USOILm,0.0
2022-07-27 20:00:00,97.422,97.478,97.117,97.189,1396,94,0,USOILm,0.0
2022-07-28 00:00:00,97.192,98.119,96.782,97.682,5258,62,0,USOILm,0.0
2022-07-28 04:00:00,97.68,98.366,97.321,97.809,5457,62,0,USOILm,0.0
2022-07-28 08:00:00,97.794,98.996,97.636,98.742,6909,94,0,USOILm,0.0
2022-07-28 12:00:00,98.739,98.902,95.46,97.226,15374,62,0,USOILm,0.0
2022-07-28 16:00:00,97.223,97.466,95.326,96.267,9759,62,0,USOILm,0.0
2022-07-28 20:00:00,96.276,96.569,96.238,96.542,1188,62,0,USOILm,0.0
2022-07-29 00:00:00,96.547,96.91,95.68,95.721,4609,94,0,USOILm,0.0
2022-07-29 04:00:00,95.713,97.474,95.578,97.46,5317,62,0,USOILm,0.0
2022-07-29 08:00:00,97.481,98.13,96.92,97.751,7670,62,0,USOILm,0.0
2022-07-29 12:00:00,97.753,100.897,97.098,99.262,13907,62,0,USOILm,0.0
2022-07-29 16:00:00,99.276,99.503,97.206,97.253,9644,62,0,USOILm,0.0
2022-07-29 20:00:00,97.27,97.631,97.124,97.468,621,94,0,USOILm,0.0
2022-08-01 00:00:00,97.015,97.207,96.18,96.359,5804,94,0,USOILm,0.0
2022-08-01 04:00:00,96.364,97.066,96.264,97.057,5331,62,0,USOILm,0.0
2022-08-01 08:00:00,97.072,97.518,94.51,94.79,8611,62,0,USOILm,0.0
2022-08-01 12:00:00,94.769,95.602,91.683,92.878,19400,62,0,USOILm,0.0
2022-08-01 16:00:00,92.873,93.596,92.464,92.901,14606,62,0,USOILm,0.0
2022-08-01 20:00:00,92.909,93.201,92.787,92.898,1294,62,0,USOILm,0.0
2022-08-02 00:00:00,92.907,93.325,91.789,92.411,6510,62,0,USOILm,0.0
2022-08-02 04:00:00,92.409,93.55,92.085,93.064,7101,62,0,USOILm,0.0
2022-08-02 08:00:00,93.052,93.894,91.847,93.554,11001,62,0,USOILm,0.0
2022-08-02 12:00:00,93.569,94.494,92.477,94.044,18924,62,0,USOILm,0.0
2022-08-02 16:00:00,94.054,95.657,93.45,93.584,12498,62,0,USOILm,0.0
2022-08-02 20:00:00,93.594,93.599,92.938,93.099,1380,62,0,USOILm,0.0
2022-08-03 00:00:00,93.111,94.032,92.751,93.327,5763,94,0,USOILm,0.0
2022-08-03 04:00:00,93.331,93.866,92.799,92.83,5699,62,0,USOILm,0.0
2022-08-03 08:00:00,92.852,95.202,92.401,94.978,10483,62,0,USOILm,0.0
2022-08-03 12:00:00,94.993,95.816,91.103,91.231,18802,62,0,USOILm,0.0
2022-08-03 16:00:00,91.229,91.269,89.851,90.131,13421,62,0,USOILm,0.0
2022-08-03 20:00:00,90.124,90.668,90.02,90.468,1319,62,0,USOILm,0.0
2022-08-04 00:00:00,90.462,90.837,89.882,90.335,5203,62,0,USOILm,0.0
2022-08-04 04:00:00,90.339,90.548,89.576,90.182,6491,62,0,USOILm,0.0
2022-08-04 08:00:00,90.173,91.232,89.667,90.428,10413,62,0,USOILm,0.0
2022-08-04 12:00:00,90.443,90.691,87.205,87.377,19733,62,0,USOILm,0.0
2022-08-04 16:00:00,87.382,88.225,86.985,87.765,13042,62,0,USOILm,0.0
2022-08-04 20:00:00,87.756,87.855,87.146,87.344,1286,62,0,USOILm,0.0
2022-08-05 00:00:00,87.341,88.335,87.325,88.136,4594,62,0,USOILm,0.0
2022-08-05 04:00:00,88.131,88.732,88.128,88.674,5294,62,0,USOILm,0.0
2022-08-05 08:00:00,88.677,88.677,87.005,87.362,10783,62,0,USOILm,0.0
2022-08-05 12:00:00,87.352,90.031,86.348,88.995,19854,62,0,USOILm,0.0
2022-08-05 16:00:00,89.006,89.168,87.498,87.784,12652,62,0,USOILm,0.0
2022-08-05 20:00:00,87.773,87.97,87.692,87.904,603,62,0,USOILm,0.0
2022-08-08 00:00:00,87.416,88.743,87.374,88.723,4749,62,0,USOILm,0.0
2022-08-08 04:00:00,88.714,89.501,88.344,88.551,6235,62,0,USOILm,0.0
2022-08-08 08:00:00,88.533,88.721,86.593,87.496,10955,62,0,USOILm,0.0
2022-08-08 12:00:00,87.486,89.858,86.818,89.227,19143,62,0,USOILm,0.0
2022-08-08 16:00:00,89.236,90.256,89.013,89.969,12075,62,0,USOILm,0.0
2022-08-08 20:00:00,89.978,89.992,89.662,89.772,999,62,0,USOILm,0.0
2022-08-09 00:00:00,89.763,90.125,89.478,89.966,3614,62,0,USOILm,0.0
2022-08-09 04:00:00,89.969,90.39,89.055,89.143,6015,62,0,USOILm,0.0
2022-08-09 08:00:00,89.157,91.499,88.422,91.132,11231,62,0,USOILm,0.0
2022-08-09 12:00:00,91.134,91.925,89.584,89.712,14982,62,0,USOILm,0.0
2022-08-09 16:00:00,89.698,90.307,88.777,89.931,10750,62,0,USOILm,0.0
2022-08-09 20:00:00,89.926,90.113,89.695,89.779,1002,62,0,USOILm,0.0
2022-08-10 00:00:00,89.78,89.988,89.42,89.479,3418,94,0,USOILm,0.0
2022-08-10 04:00:00,89.482,89.608,88.658,89.161,4595,62,0,USOILm,0.0
2022-08-10 08:00:00,89.156,89.755,88.09,88.345,10250,62,0,USOILm,0.0
2022-08-10 12:00:00,88.346,90.293,87.145,90.056,21111,62,0,USOILm,0.0
2022-08-10 16:00:00,90.066,91.761,89.993,90.877,11258,62,0,USOILm,0.0
2022-08-10 20:00:00,90.866,91.046,90.64,90.925,1163,62,0,USOILm,0.0
2022-08-11 00:00:00,90.912,91.299,90.686,91.102,4005,62,0,USOILm,0.0
2022-08-11 04:00:00,91.111,91.521,90.651,90.987,5253,62,0,USOILm,0.0
2022-08-11 08:00:00,91.002,92.443,90.731,92.315,8904,62,0,USOILm,0.0
2022-08-11 12:00:00,92.318,93.223,91.585,92.956,15528,62,0,USOILm,0.0
2022-08-11 16:00:00,92.961,94.29,92.96,93.381,10922,62,0,USOILm,0.0
2022-08-11 20:00:00,93.375,93.624,93.212,93.291,1014,62,0,USOILm,0.0
2022-08-12 00:00:00,93.296,93.484,92.888,93.174,3958,94,0,USOILm,0.0
2022-08-12 04:00:00,93.185,93.848,93.001,93.682,4607,62,0,USOILm,0.0
2022-08-12 08:00:00,93.714,94.089,91.968,92.356,9898,62,0,USOILm,0.0
2022-08-12 12:00:00,92.342,92.815,90.578,91.953,16373,62,0,USOILm,0.0
2022-08-12 16:00:00,91.947,92.148,90.939,91.411,10090,62,0,USOILm,0.0
2022-08-12 20:00:00,91.408,91.464,91.183,91.26,659,62,0,USOILm,0.0
2022-08-15 00:00:00,90.971,91.356,90.484,90.675,4102,62,0,USOILm,0.0
2022-08-15 04:00:00,90.676,90.761,89.668,89.801,4255,62,0,USOILm,0.0
2022-08-15 08:00:00,89.816,89.875,86.574,87.116,10505,62,0,USOILm,0.0
2022-08-15 12:00:00,87.099,88.362,86.295,87.959,16567,62,0,USOILm,0.0
2022-08-15 16:00:00,87.947,89.053,87.748,88.374,10287,62,0,USOILm,0.0
2022-08-15 20:00:00,88.369,88.458,87.56,87.757,1358,62,0,USOILm,0.0
2022-08-16 00:00:00,87.749,88.418,87.532,88.229,4071,62,0,USOILm,0.0
2022-08-16 04:00:00,88.243,88.646,87.869,88.1,4859,62,0,USOILm,0.0
2022-08-16 08:00:00,88.11,89.737,87.279,89.591,8842,62,0,USOILm,0.0
2022-08-16 12:00:00,89.582,90.05,86.175,86.636,17598,62,0,USOILm,0.0
2022-08-16 16:00:00,86.643,86.862,85.361,86.09,11078,62,0,USOILm,0.0
2022-08-16 20:00:00,86.085,86.559,85.954,86.546,1458,62,0,USOILm,0.0
2022-08-17 00:00:00,86.55,86.754,86.089,86.66,4045,62,0,USOILm,0.0
2022-08-17 04:00:00,86.664,87.282,86.068,86.324,5344,62,0,USOILm,0.0
2022-08-17 08:00:00,86.327,87.069,85.446,86.023,9872,62,0,USOILm,0.0
2022-08-17 12:00:00,86.013,88.594,85.767,86.165,15736,62,0,USOILm,0.0
2022-08-17 16:00:00,86.177,87.822,86.082,87.219,9235,62,0,USOILm,0.0
2022-08-17 20:00:00,87.208,87.572,86.957,87.256,1013,62,0,USOILm,0.0
2022-08-18 00:00:00,87.238,87.806,87.001,87.596,3356,62,0,USOILm,0.0
2022-08-18 04:00:00,87.606,87.851,87.109,87.601,4855,62,0,USOILm,0.0
2022-08-18 08:00:00,87.612,89.082,87.467,88.752,9303,62,0,USOILm,0.0
2022-08-18 12:00:00,88.741,90.066,88.479,89.616,13946,62,0,USOILm,0.0
2022-08-18 16:00:00,89.611,90.966,88.947,90.176,9516,62,0,USOILm,0.0
2022-08-18 20:00:00,90.17,90.296,89.994,90.268,1132,62,0,USOILm,0.0
2022-08-19 00:00:00,90.272,90.33,89.573,89.673,4433,62,0,USOILm,0.0
2022-08-19 04:00:00,89.675,89.702,88.717,89.515,4983,62,0,USOILm,0.0
2022-08-19 08:00:00,89.529,89.723,87.879,88.182,9552,62,0,USOILm,0.0
2022-08-19 12:00:00,88.187,91.543,88.167,91.412,14212,62,0,USOILm,0.0
2022-08-19 16:00:00,91.401,91.605,89.586,89.768,8870,62,0,USOILm,0.0
2022-08-19 20:00:00,89.765,89.791,89.533,89.553,459,62,0,USOILm,0.0
2022-08-22 00:00:00,89.377,89.606,89.07,89.269,4882,62,0,USOILm,0.0
2022-08-22 04:00:00,89.271,89.279,88.53,88.745,6439,62,0,USOILm,0.0
2022-08-22 08:00:00,88.759,90.95,88.262,90.265,11351,62,0,USOILm,0.0
2022-08-22 12:00:00,90.269,90.607,86.225,89.045,20068,62,0,USOILm,0.0
2022-08-22 16:00:00,89.046,90.663,88.97,90.596,11522,62,0,USOILm,0.0
2022-08-22 20:00:00,90.585,90.733,90.315,90.705,1080,62,0,USOILm,0.0
2022-08-23 00:00:00,90.709,91.216,90.396,90.971,4922,62,0,USOILm,0.0
2022-08-23 04:00:00,90.973,91.817,90.484,91.214,6147,62,0,USOILm,0.0
2022-08-23 08:00:00,91.212,92.058,91.046,91.772,8120,62,0,USOILm,0.0
2022-08-23 12:00:00,91.762,94.046,90.969,93.518,15671,62,0,USOILm,0.0
2022-08-23 16:00:00,93.528,93.924,92.99,93.503,8531,62,0,USOILm,0.0
2022-08-23 20:00:00,93.507,93.647,93.379,93.512,1116,62,0,USOILm,0.0
2022-08-24 00:00:00,93.516,93.619,93.202,93.321,4326,62,0,USOILm,0.0
2022-08-24 04:00:00,93.32,94.36,93.208,94.322,5591,62,0,USOILm,0.0
2022-08-24 08:00:00,94.327,95.093,93.988,94.523,9565,62,0,USOILm,0.0
2022-08-24 12:00:00,94.537,94.737,92.664,93.174,17336,62,0,USOILm,0.0
2022-08-24 16:00:00,93.166,95.155,92.704,95.127,11280,62,0,USOILm,0.0
2022-08-24 20:00:00,95.133,95.215,95.002,95.028,1009,62,0,USOILm,0.0
2022-08-25 00:00:00,95.044,95.494,94.969,95.147,3774,62,0,USOILm,0.0
2022-08-25 04:00:00,95.149,95.434,94.689,95.264,5764,62,0,USOILm,0.0
2022-08-25 08:00:00,95.274,95.325,94.269,95.173,8637,62,0,USOILm,0.0
2022-08-25 12:00:00,95.181,95.575,93.472,94.231,15276,62,0,USOILm,0.0
2022-08-25 16:00:00,94.228,94.529,92.159,92.97,11526,62,0,USOILm,0.0
2022-08-25 20:00:00,92.973,93.013,92.525,92.78,1233,62,0,USOILm,0.0
2022-08-26 00:00:00,92.786,93.406,92.707,93.189,4239,62,0,USOILm,0.0
2022-08-26 04:00:00,93.198,93.785,92.895,93.766,4829,62,0,USOILm,0.0
2022-08-26 08:00:00,93.771,93.845,92.561,93.403,9397,62,0,USOILm,0.0
2022-08-26 12:00:00,93.414,93.53,90.926,92.242,18863,62,0,USOILm,0.0
2022-08-26 16:00:00,92.252,92.991,91.665,92.609,11316,62,0,USOILm,0.0
2022-08-26 20:00:00,92.611,92.759,92.544,92.705,602,62,0,USOILm,0.0
2022-08-29 00:00:00,92.645,94.013,92.521,93.918,5434,62,0,USOILm,0.0
2022-08-29 04:00:00,93.926,94.019,93.032,93.908,6220,62,0,USOILm,0.0
2022-08-29 08:00:00,93.895,94.099,92.781,93.242,8647,62,0,USOILm,0.0
2022-08-29 12:00:00,93.237,96.086,93.005,95.888,13137,62,0,USOILm,0.0
2022-08-29 16:00:00,95.878,96.956,95.34,96.558,8722,62,0,USOILm,0.0
2022-08-29 20:00:00,96.56,96.618,96.236,96.419,1536,62,0,USOILm,0.0
2022-08-30 00:00:00,96.408,96.52,96.059,96.265,4145,62,0,USOILm,0.0
2022-08-30 04:00:00,96.257,97.23,96.133,96.867,5313,62,0,USOILm,0.0
2022-08-30 08:00:00,96.87,96.894,93.641,93.847,10542,62,0,USOILm,0.0
2022-08-30 12:00:00,93.839,94.722,91.246,91.558,15477,62,0,USOILm,0.0
2022-08-30 16:00:00,91.552,91.908,90.338,91.782,11610,62,0,USOILm,0.0
2022-08-30 20:00:00,91.788,92.123,91.591,91.793,1195,62,0,USOILm,0.0
2022-08-31 00:00:00,91.788,92.349,91.53,92.211,3911,62,0,USOILm,0.0
2022-08-31 04:00:00,92.218,92.456,90.857,90.938,5609,62,0,USOILm,0.0
2022-08-31 08:00:00,90.939,91.213,88.051,88.725,13149,62,0,USOILm,0.0
2022-08-31 12:00:00,88.699,91.093,88.584,90.903,17056,62,0,USOILm,0.0
2022-08-31 16:00:00,90.913,91.285,88.657,88.759,12311,62,0,USOILm,0.0
2022-08-31 20:00:00,88.757,88.959,88.459,88.905,1211,62,0,USOILm,0.0
2022-09-01 00:00:00,88.901,89.292,88.504,88.929,4481,62,0,USOILm,0.0
2022-09-01 04:00:00,88.931,89.014,88.115,88.769,6253,62,0,USOILm,0.0
2022-09-01 08:00:00,88.779,88.796,86.869,88.243,12160,62,0,USOILm,0.0
2022-09-01 12:00:00,88.233,88.272,86.32,87.036,17012,62,0,USOILm,0.0
2022-09-01 16:00:00,87.038,87.236,85.768,86.047,11999,62,0,USOILm,0.0
2022-09-01 20:00:00,86.042,87.034,85.949,86.948,1258,62,0,USOILm,0.0
2022-09-02 00:00:00,86.946,88.064,86.769,88.002,4496,62,0,USOILm,0.0
2022-09-02 04:00:00,88.009,88.493,87.538,88.211,5721,62,0,USOILm,0.0
2022-09-02 08:00:00,88.219,89.01,87.564,87.795,9781,62,0,USOILm,0.0
2022-09-02 12:00:00,87.787,89.272,87.337,88.014,15132,62,0,USOILm,0.0
2022-09-02 16:00:00,88.024,88.428,86.37,86.607,11246,62,0,USOILm,0.0
2022-09-02 20:00:00,86.599,86.942,86.591,86.779,602,62,0,USOILm,0.0
2022-09-05 00:00:00,87.963,88.367,87.695,88.315,4378,62,0,USOILm,0.0
2022-09-05 04:00:00,88.319,88.934,88.152,88.503,5642,62,0,USOILm,0.0
2022-09-05 08:00:00,88.492,89.81,88.381,89.469,9688,62,0,USOILm,0.0
2022-09-05 12:00:00,89.485,90.107,88.481,88.734,11808,62,0,USOILm,0.0
2022-09-05 16:00:00,88.724,89.001,88.394,88.622,2433,62,0,USOILm,0.0
2022-09-05 20:00:00,88.739,88.904,88.631,88.679,684,94,0,USOILm,0.0
2022-09-06 00:00:00,88.677,89.045,88.09,88.291,4668,62,0,USOILm,0.0
2022-09-06 04:00:00,88.284,89.188,88.209,89.162,5669,62,0,USOILm,0.0
2022-09-06 08:00:00,89.16,89.17,85.961,86.448,11281,62,0,USOILm,0.0
2022-09-06 12:00:00,86.446,87.725,86.041,87.473,17166,62,0,USOILm,0.0
2022-09-06 16:00:00,87.462,87.603,86.013,86.348,10867,62,0,USOILm,0.0
2022-09-06 20:00:00,86.358,86.573,86.354,86.498,890,62,0,USOILm,0.0
2022-09-07 00:00:00,86.501,86.537,85.012,85.099,5110,62,0,USOILm,0.0
2022-09-07 04:00:00,85.096,85.827,84.804,85.711,7261,62,0,USOILm,0.0
2022-09-07 08:00:00,85.721,87.408,85.666,86.344,11889,62,0,USOILm,0.0
2022-09-07 12:00:00,86.342,86.772,82.666,82.866,21313,62,0,USOILm,0.0
2022-09-07 16:00:00,82.869,83.295,81.468,81.59,13669,62,0,USOILm,0.0
2022-09-07 20:00:00,81.596,81.772,81.283,81.75,1587,62,0,USOILm,0.0
2022-09-08 00:00:00,81.752,82.686,81.752,82.609,4535,62,0,USOILm,0.0
2022-09-08 04:00:00,82.612,82.647,81.904,82.195,6733,62,0,USOILm,0.0
2022-09-08 08:00:00,82.208,82.322,80.93,81.993,13294,62,0,USOILm,0.0
2022-09-08 12:00:00,81.983,83.516,81.612,83.101,20589,62,0,USOILm,0.0
2022-09-08 16:00:00,83.11,83.824,82.314,82.331,12197,62,0,USOILm,0.0
2022-09-08 20:00:00,82.34,82.648,82.282,82.569,1100,62,0,USOILm,0.0
2022-09-09 00:00:00,82.553,83.601,82.449,83.319,4290,62,0,USOILm,0.0
2022-09-09 04:00:00,83.316,84.226,83.064,84.17,6407,62,0,USOILm,0.0
2022-09-09 08:00:00,84.159,84.815,83.818,84.492,10340,62,0,USOILm,0.0
2022-09-09 12:00:00,84.491,85.895,84.37,85.465,15321,62,0,USOILm,0.0
2022-09-09 16:00:00,85.455,86.746,85.395,85.968,9481,62,0,USOILm,0.0
2022-09-09 20:00:00,85.978,85.978,85.732,85.861,474,62,0,USOILm,0.0
2022-09-12 00:00:00,85.951,85.966,84.76,85.104,3355,62,0,USOILm,0.0
2022-09-12 04:00:00,85.101,86.565,84.88,86.192,5776,62,0,USOILm,0.0
2022-09-12 08:00:00,86.204,87.344,85.986,86.989,9604,62,0,USOILm,0.0
2022-09-12 12:00:00,86.988,88.671,86.803,88.351,15547,62,0,USOILm,0.0
2022-09-12 16:00:00,88.353,88.502,87.031,87.467,11437,62,0,USOILm,0.0
2022-09-12 20:00:00,87.453,87.803,87.449,87.653,816,62,0,USOILm,0.0
2022-09-13 00:00:00,87.668,87.725,86.234,87.292,5945,62,0,USOILm,0.0
2022-09-13 04:00:00,87.296,88.335,87.059,88.146,6546,62,0,USOILm,0.0
2022-09-13 08:00:00,88.134,88.927,88.048,88.575,9054,62,0,USOILm,0.0
2022-09-13 12:00:00,88.588,88.89,85.437,85.983,20110,62,0,USOILm,0.0
2022-09-13 16:00:00,85.981,87.521,84.653,87.112,13514,62,0,USOILm,0.0
2022-09-13 20:00:00,87.12,87.243,87.013,87.096,1121,62,0,USOILm,0.0
2022-09-14 00:00:00,87.116,87.347,86.561,86.589,4336,62,0,USOILm,0.0
2022-09-14 04:00:00,86.586,86.845,85.724,86.398,8042,62,0,USOILm,0.0
2022-09-14 08:00:00,86.409,87.553,85.971,86.197,12562,62,0,USOILm,0.0
2022-09-14 12:00:00,86.188,89.319,86.0,89.059,19403,62,0,USOILm,0.0
2022-09-14 16:00:00,89.07,89.617,87.579,88.245,12205,62,0,USOILm,0.0
2022-09-14 20:00:00,88.249,88.652,88.146,88.554,1297,62,0,USOILm,0.0
2022-09-15 00:00:00,88.556,88.613,87.66,88.091,4455,62,0,USOILm,0.0
2022-09-15 04:00:00,88.09,88.52,87.716,88.456,5535,62,0,USOILm,0.0
2022-09-15 08:00:00,88.452,88.624,86.499,86.853,11021,62,0,USOILm,0.0
2022-09-15 12:00:00,86.862,86.909,84.06,84.633,19686,62,0,USOILm,0.0
2022-09-15 16:00:00,84.643,85.385,84.274,84.699,12119,62,0,USOILm,0.0
2022-09-15 20:00:00,84.71,84.747,83.902,84.198,1338,62,0,USOILm,0.0
2022-09-16 00:00:00,84.197,85.065,84.132,84.728,5277,62,0,USOILm,0.0
2022-09-16 04:00:00,84.73,85.457,84.272,84.518,6373,62,0,USOILm,0.0
2022-09-16 08:00:00,84.523,85.616,83.798,85.445,11078,62,0,USOILm,0.0
2022-09-16 12:00:00,85.451,86.104,84.319,85.656,19887,62,0,USOILm,0.0
2022-09-16 16:00:00,85.66,85.732,84.283,84.907,10042,62,0,USOILm,0.0
2022-09-16 20:00:00,84.898,84.943,84.808,84.855,496,62,0,USOILm,0.0
2022-09-19 00:00:00,85.191,85.774,85.027,85.086,4324,62,0,USOILm,0.0
2022-09-19 04:00:00,85.083,85.144,83.599,83.68,5317,62,0,USOILm,0.0
2022-09-19 08:00:00,83.678,83.908,82.144,82.444,9755,62,0,USOILm,0.0
2022-09-19 12:00:00,82.454,84.972,81.66,84.587,16953,62,0,USOILm,0.0
2022-09-19 16:00:00,84.585,85.337,84.585,85.019,9054,62,0,USOILm,0.0
2022-09-19 20:00:00,85.021,85.351,84.898,85.341,1370,62,0,USOILm,0.0
2022-09-20 00:00:00,85.338,85.636,84.805,85.261,4709,62,0,USOILm,0.0
2022-09-20 04:00:00,85.259,85.892,84.955,85.497,6143,62,0,USOILm,0.0
2022-09-20 08:00:00,85.507,85.989,84.715,85.147,12027,62,0,USOILm,0.0
2022-09-20 12:00:00,85.155,85.839,82.91,83.268,19450,62,0,USOILm,0.0
2022-09-20 16:00:00,83.273,84.301,83.012,84.018,11425,62,0,USOILm,0.0
2022-09-20 20:00:00,84.016,84.234,83.787,83.912,1336,62,0,USOILm,0.0
2022-09-21 00:00:00,83.91,84.199,83.345,83.904,5686,62,0,USOILm,0.0
2022-09-21 04:00:00,83.9,86.517,83.805,86.256,8224,62,0,USOILm,0.0
2022-09-21 08:00:00,86.266,86.357,84.82,85.761,11497,62,0,USOILm,0.0
2022-09-21 12:00:00,85.766,85.808,82.445,83.303,19018,62,0,USOILm,0.0
2022-09-21 16:00:00,83.299,84.095,82.361,83.205,15419,62,0,USOILm,0.0
2022-09-21 20:00:00,83.196,83.297,82.409,82.724,1970,62,0,USOILm,0.0
2022-09-22 00:00:00,82.722,83.407,82.255,83.135,6335,62,0,USOILm,0.0
2022-09-22 04:00:00,83.139,83.757,82.608,83.689,6930,62,0,USOILm,0.0
2022-09-22 08:00:00,83.699,84.329,82.939,83.737,11738,62,0,USOILm,0.0
2022-09-22 12:00:00,83.734,85.822,82.97,82.978,19047,62,0,USOILm,0.0
2022-09-22 16:00:00,82.972,83.9,82.84,83.33,11286,62,0,USOILm,0.0
2022-09-22 20:00:00,83.333,83.541,83.113,83.473,1469,62,0,USOILm,0.0
2022-09-23 00:00:00,83.472,83.761,82.902,82.925,4826,62,0,USOILm,0.0
2022-09-23 04:00:00,82.93,83.379,81.959,82.394,6651,62,0,USOILm,0.0
2022-09-23 08:00:00,82.404,82.418,80.226,80.519,11844,62,0,USOILm,0.0
2022-09-23 12:00:00,80.517,81.057,78.06,78.162,19381,62,0,USOILm,0.0
2022-09-23 16:00:00,78.167,79.023,77.98,78.868,12334,62,0,USOILm,0.0
2022-09-23 20:00:00,78.865,79.217,78.865,79.166,720,62,0,USOILm,0.0
2022-09-26 00:00:00,79.361,79.772,78.11,78.139,8034,62,0,USOILm,0.0
2022-09-26 04:00:00,78.131,78.668,77.041,78.27,9437,62,0,USOILm,0.0
2022-09-26 08:00:00,78.28,78.61,77.467,77.56,15562,62,0,USOILm,0.0
2022-09-26 12:00:00,77.551,80.096,77.307,77.494,20360,62,0,USOILm,0.0
2022-09-26 16:00:00,77.495,77.593,76.303,76.391,13534,62,0,USOILm,0.0
2022-09-26 20:00:00,76.405,76.562,76.147,76.464,1698,62,0,USOILm,0.0
2022-09-27 00:00:00,76.455,77.085,76.394,76.937,6043,62,0,USOILm,0.0
2022-09-27 04:00:00,76.941,78.146,76.91,77.51,7633,62,0,USOILm,0.0
2022-09-27 08:00:00,77.501,77.996,77.092,77.551,11984,62,0,USOILm,0.0
2022-09-27 12:00:00,77.542,79.232,77.394,77.652,20239,62,0,USOILm,0.0
2022-09-27 16:00:00,77.658,78.796,77.071,78.167,11379,62,0,USOILm,0.0
2022-09-27 20:00:00,78.166,78.263,77.737,78.156,1825,62,0,USOILm,0.0
2022-09-28 00:00:00,78.166,78.386,76.6,77.14,7150,62,0,USOILm,0.0
2022-09-28 04:00:00,77.136,77.442,76.238,77.173,9481,62,0,USOILm,0.0
2022-09-28 08:00:00,77.185,78.988,76.999,78.646,15490,62,0,USOILm,0.0
2022-09-28 12:00:00,78.643,81.157,78.461,81.002,20639,62,0,USOILm,0.0
2022-09-28 16:00:00,81.005,81.912,80.912,81.657,10037,62,0,USOILm,0.0
2022-09-28 20:00:00,81.659,81.792,81.224,81.29,1448,62,0,USOILm,0.0
2022-09-29 00:00:00,81.3,81.934,81.073,81.344,5791,62,0,USOILm,0.0
2022-09-29 04:00:00,81.353,81.442,79.919,80.489,7826,62,0,USOILm,0.0
2022-09-29 08:00:00,80.499,82.358,80.288,81.782,13593,62,0,USOILm,0.0
2022-09-29 12:00:00,81.792,82.428,80.624,82.051,21401,62,0,USOILm,0.0
2022-09-29 16:00:00,82.062,82.474,80.402,81.108,12553,62,0,USOILm,0.0
2022-09-29 20:00:00,81.102,81.377,81.018,81.205,1501,62,0,USOILm,0.0
2022-09-30 00:00:00,81.201,81.304,80.462,80.474,5744,62,0,USOILm,0.0
2022-09-30 04:00:00,80.473,81.753,80.325,81.738,8121,62,0,USOILm,0.0
2022-09-30 08:00:00,81.727,82.094,80.376,80.639,12478,62,0,USOILm,0.0
2022-09-30 12:00:00,80.631,80.787,78.717,80.075,21671,62,0,USOILm,0.0
2022-09-30 16:00:00,80.066,80.387,78.978,79.289,10421,62,0,USOILm,0.0
2022-09-30 20:00:00,79.281,79.348,79.161,79.246,496,62,0,USOILm,0.0
2022-10-03 00:00:00,81.59,81.678,80.879,81.125,4899,62,0,USOILm,0.0
2022-10-03 04:00:00,81.123,82.701,80.928,82.604,7380,62,0,USOILm,0.0
2022-10-03 08:00:00,82.594,82.8,82.045,82.463,11235,62,0,USOILm,0.0
2022-10-03 12:00:00,82.467,84.006,81.772,82.135,18140,62,0,USOILm,0.0
2022-10-03 16:00:00,82.141,83.225,81.698,82.748,10414,62,0,USOILm,0.0
2022-10-03 20:00:00,82.757,82.905,82.571,82.811,1315,62,0,USOILm,0.0
2022-10-04 00:00:00,82.807,83.405,82.777,83.295,3649,62,0,USOILm,0.0
2022-10-04 04:00:00,83.297,83.816,83.061,83.224,5836,62,0,USOILm,0.0
2022-10-04 08:00:00,83.212,84.363,83.099,84.18,9113,62,0,USOILm,0.0
2022-10-04 12:00:00,84.187,86.32,84.07,86.059,15547,62,0,USOILm,0.0
2022-10-04 16:00:00,86.071,86.291,85.405,85.671,10105,62,0,USOILm,0.0
2022-10-04 20:00:00,85.667,85.892,85.433,85.864,1509,62,0,USOILm,0.0
2022-10-05 00:00:00,85.862,85.995,85.268,85.53,4175,62,0,USOILm,0.0
2022-10-05 04:00:00,85.542,86.11,85.373,85.815,5578,62,0,USOILm,0.0
2022-10-05 08:00:00,85.825,86.703,85.127,85.766,10689,62,0,USOILm,0.0
2022-10-05 12:00:00,85.764,87.755,84.821,87.167,20285,62,0,USOILm,0.0
2022-10-05 16:00:00,87.177,87.578,86.614,87.275,9289,62,0,USOILm,0.0
2022-10-05 20:00:00,87.271,87.501,87.22,87.383,1149,62,0,USOILm,0.0
2022-10-06 00:00:00,87.382,87.713,87.195,87.213,3547,62,0,USOILm,0.0
2022-10-06 04:00:00,87.211,87.662,86.737,87.618,5228,62,0,USOILm,0.0
2022-10-06 08:00:00,87.616,87.989,86.386,86.688,10293,62,0,USOILm,0.0
2022-10-06 12:00:00,86.695,88.1,86.64,87.38,15182,62,0,USOILm,0.0
2022-10-06 16:00:00,87.365,88.423,87.315,88.391,8455,62,0,USOILm,0.0
2022-10-06 20:00:00,88.386,88.416,88.112,88.212,1067,62,0,USOILm,0.0
2022-10-07 00:00:00,88.211,88.265,87.623,87.666,3472,62,0,USOILm,0.0
2022-10-07 04:00:00,87.667,88.178,87.352,88.107,6025,62,0,USOILm,0.0
2022-10-07 08:00:00,88.117,88.981,87.85,88.953,8310,62,0,USOILm,0.0
2022-10-07 12:00:00,88.952,91.816,88.021,91.728,16410,62,0,USOILm,0.0
2022-10-07 16:00:00,91.738,92.276,91.308,91.519,11674,62,0,USOILm,0.0
2022-10-07 20:00:00,91.529,92.133,91.517,92.133,682,62,0,USOILm,0.0
2022-10-10 00:00:00,91.627,91.691,90.611,90.805,6111,62,0,USOILm,0.0
2022-10-10 04:00:00,90.795,91.625,90.645,91.007,6801,62,0,USOILm,0.0
2022-10-10 08:00:00,90.999,91.366,90.627,90.982,9593,62,0,USOILm,0.0
2022-10-10 12:00:00,90.989,92.581,90.632,91.178,14202,62,0,USOILm,0.0
2022-10-10 16:00:00,91.173,91.582,89.562,89.78,11165,62,0,USOILm,0.0
2022-10-10 20:00:00,89.783,90.032,89.574,89.747,1373,62,0,USOILm,0.0
2022-10-11 00:00:00,89.733,90.343,89.481,89.773,5564,62,0,USOILm,0.0
2022-10-11 04:00:00,89.774,90.061,88.172,88.365,7220,62,0,USOILm,0.0
2022-10-11 08:00:00,88.369,88.954,87.455,88.342,11451,62,0,USOILm,0.0
2022-10-11 12:00:00,88.338,89.235,87.27,88.472,18557,62,0,USOILm,0.0
2022-10-11 16:00:00,88.474,88.677,86.8,87.314,12341,62,0,USOILm,0.0
2022-10-11 20:00:00,87.32,87.555,87.243,87.442,1340,62,0,USOILm,0.0
2022-10-12 00:00:00,87.444,87.823,87.071,87.394,6114,62,0,USOILm,0.0
2022-10-12 04:00:00,87.395,88.636,87.338,88.082,7887,62,0,USOILm,0.0
2022-10-12 08:00:00,88.096,88.704,87.929,88.313,9813,62,0,USOILm,0.0
2022-10-12 12:00:00,88.311,88.814,85.417,85.453,17821,62,0,USOILm,0.0
2022-10-12 16:00:00,85.464,86.481,85.174,86.017,11182,62,0,USOILm,0.0
2022-10-12 20:00:00,86.021,86.087,85.707,86.039,1108,62,0,USOILm,0.0
2022-10-13 00:00:00,86.035,86.402,85.893,85.989,3801,62,0,USOILm,0.0
2022-10-13 04:00:00,85.992,86.787,85.735,86.787,5628,62,0,USOILm,0.0
2022-10-13 08:00:00,86.798,86.871,85.987,86.477,9619,62,0,USOILm,0.0
2022-10-13 12:00:00,86.471,88.29,84.501,88.116,19641,62,0,USOILm,0.0
2022-10-13 16:00:00,88.105,88.466,87.628,87.954,10373,62,0,USOILm,0.0
2022-10-13 20:00:00,87.95,88.175,87.805,87.805,936,62,0,USOILm,0.0
2022-10-14 00:00:00,87.789,88.287,87.441,87.794,4520,62,0,USOILm,0.0
2022-10-14 04:00:00,87.792,88.541,87.746,88.158,6525,62,0,USOILm,0.0
2022-10-14 08:00:00,88.161,88.177,85.894,86.227,11201,62,0,USOILm,0.0
2022-10-14 12:00:00,86.237,87.016,84.604,85.062,17908,62,0,USOILm,0.0
2022-10-14 16:00:00,85.055,85.272,84.255,84.788,10413,62,0,USOILm,0.0
2022-10-14 20:00:00,84.79,84.837,84.63,84.646,541,62,0,USOILm,0.0
2022-10-17 00:00:00,85.182,85.453,84.853,85.195,4574,62,0,USOILm,0.0
2022-10-17 04:00:00,85.191,85.763,85.036,85.742,5852,62,0,USOILm,0.0
2022-10-17 08:00:00,85.752,85.9,84.227,84.453,10356,62,0,USOILm,0.0
2022-10-17 12:00:00,84.444,86.141,83.676,85.044,15926,62,0,USOILm,0.0
2022-10-17 16:00:00,85.033,85.549,84.038,84.471,8804,62,0,USOILm,0.0
2022-10-17 20:00:00,84.46,84.992,84.42,84.866,970,62,0,USOILm,0.0
2022-10-18 00:00:00,84.855,84.889,84.167,84.793,4669,62,0,USOILm,0.0
2022-10-18 04:00:00,84.791,85.394,84.667,84.831,6750,62,0,USOILm,0.0
2022-10-18 08:00:00,84.834,85.45,83.527,84.174,11436,62,0,USOILm,0.0
2022-10-18 12:00:00,84.179,84.856,81.252,81.566,15772,62,0,USOILm,0.0
2022-10-18 16:00:00,81.555,83.461,81.378,82.346,11455,62,0,USOILm,0.0
2022-10-18 20:00:00,82.335,83.081,82.273,83.0,2140,62,0,USOILm,0.0
2022-10-19 00:00:00,82.982,83.22,82.657,82.801,5018,62,0,USOILm,0.0
2022-10-19 04:00:00,82.803,82.95,81.922,82.141,6104,62,0,USOILm,0.0
2022-10-19 08:00:00,82.15,83.285,81.631,82.99,10624,62,0,USOILm,0.0
2022-10-19 12:00:00,82.989,83.507,82.103,82.917,15712,62,0,USOILm,0.0
2022-10-19 16:00:00,82.925,84.886,82.717,84.371,10342,62,0,USOILm,0.0
2022-10-19 20:00:00,84.377,84.787,84.367,84.597,1488,62,0,USOILm,0.0
2022-10-20 00:00:00,84.586,84.652,84.297,84.589,5235,62,0,USOILm,0.0
2022-10-20 04:00:00,84.588,85.951,84.58,85.871,7807,62,0,USOILm,0.0
2022-10-20 08:00:00,85.862,86.282,85.153,85.914,9407,62,0,USOILm,0.0
2022-10-20 12:00:00,85.907,86.906,84.357,84.627,15404,62,0,USOILm,0.0
2022-10-20 16:00:00,84.617,85.312,83.982,84.603,10746,62,0,USOILm,0.0
2022-10-20 20:00:00,84.6,84.857,84.162,84.347,1845,62,0,USOILm,0.0
2022-10-21 00:00:00,84.351,84.713,84.166,84.614,4994,62,0,USOILm,0.0
2022-10-21 04:00:00,84.616,84.929,83.587,83.675,7447,62,0,USOILm,0.0
2022-10-21 08:00:00,83.684,84.806,82.926,84.631,10170,62,0,USOILm,0.0
2022-10-21 12:00:00,84.624,85.63,83.593,84.825,17415,62,0,USOILm,0.0
2022-10-21 16:00:00,84.838,85.048,84.356,84.962,8658,62,0,USOILm,0.0
2022-10-21 20:00:00,84.953,84.973,84.84,84.889,400,62,0,USOILm,0.0
2022-10-24 00:00:00,85.06,85.559,84.233,84.355,6184,62,0,USOILm,0.0
2022-10-24 04:00:00,84.357,84.403,83.37,83.818,6902,62,0,USOILm,0.0
2022-10-24 08:00:00,83.829,84.058,82.383,83.845,10515,62,0,USOILm,0.0
2022-10-24 12:00:00,83.844,85.564,82.704,84.521,17724,62,0,USOILm,0.0
2022-10-24 16:00:00,84.53,84.581,84.005,84.452,8405,62,0,USOILm,0.0
2022-10-24 20:00:00,84.455,84.782,84.437,84.567,1136,62,0,USOILm,0.0
2022-10-25 00:00:00,84.564,84.7,84.157,84.596,5662,62,0,USOILm,0.0
2022-10-25 04:00:00,84.599,84.69,83.494,83.619,5700,62,0,USOILm,0.0
2022-10-25 08:00:00,83.627,84.041,82.785,83.299,8995,62,0,USOILm,0.0
2022-10-25 12:00:00,83.298,85.705,83.24,84.775,13442,62,0,USOILm,0.0
2022-10-25 16:00:00,84.777,85.243,84.505,84.672,7280,62,0,USOILm,0.0
2022-10-25 20:00:00,84.661,84.707,84.421,84.509,1621,62,0,USOILm,0.0
2022-10-26 00:00:00,84.499,84.701,84.041,84.663,5031,62,0,USOILm,0.0
2022-10-26 04:00:00,84.654,84.808,83.816,84.708,5697,62,0,USOILm,0.0
2022-10-26 08:00:00,84.7,85.913,84.406,85.809,8307,62,0,USOILm,0.0
2022-10-26 12:00:00,85.815,87.666,85.438,87.595,13358,62,0,USOILm,0.0
2022-10-26 16:00:00,87.604,87.962,87.211,87.708,8073,62,0,USOILm,0.0
2022-10-26 20:00:00,87.712,87.819,87.592,87.688,1474,62,0,USOILm,0.0
2022-10-27 00:00:00,87.671,88.014,87.395,87.68,4849,62,0,USOILm,0.0
2022-10-27 04:00:00,87.682,87.801,86.869,87.343,6016,62,0,USOILm,0.0
2022-10-27 08:00:00,87.352,87.955,87.199,87.759,8612,62,0,USOILm,0.0
2022-10-27 12:00:00,87.761,89.275,87.694,88.741,15193,62,0,USOILm,0.0
2022-10-27 16:00:00,88.738,89.121,88.191,88.539,7439,62,0,USOILm,0.0
2022-10-27 20:00:00,88.542,88.553,87.956,88.042,2322,62,0,USOILm,0.0
2022-10-28 00:00:00,88.033,88.219,87.333,87.57,5456,62,0,USOILm,0.0
2022-10-28 04:00:00,87.574,87.676,87.068,87.433,5654,62,0,USOILm,0.0
2022-10-28 08:00:00,87.445,88.144,87.081,87.781,8378,62,0,USOILm,0.0
2022-10-28 12:00:00,87.784,88.152,86.559,87.258,14390,62,0,USOILm,0.0
2022-10-28 16:00:00,87.249,87.652,86.718,87.618,7890,62,0,USOILm,0.0
2022-10-28 20:00:00,87.615,87.757,87.593,87.697,427,62,0,USOILm,0.0
2022-10-31 00:00:00,87.759,87.919,86.363,86.84,5130,62,0,USOILm,0.0
2022-10-31 04:00:00,86.839,86.891,86.148,86.817,4542,62,0,USOILm,0.0
2022-10-31 08:00:00,86.828,86.926,85.694,85.822,8517,62,0,USOILm,0.0
2022-10-31 12:00:00,85.809,87.217,85.278,85.766,15219,62,0,USOILm,0.0
2022-10-31 16:00:00,85.749,86.172,84.747,85.667,11590,62,0,USOILm,0.0
2022-10-31 20:00:00,85.678,85.719,85.523,85.613,1134,62,0,USOILm,0.0
2022-11-01 00:00:00,85.601,86.697,85.348,86.609,5197,62,0,USOILm,0.0
2022-11-01 04:00:00,86.61,87.426,86.453,87.289,5450,62,0,USOILm,0.0
2022-11-01 08:00:00,87.286,87.651,86.536,87.092,8704,62,0,USOILm,0.0
2022-11-01 12:00:00,87.098,88.81,87.098,87.49,14789,62,0,USOILm,0.0
2022-11-01 16:00:00,87.481,88.197,86.93,87.691,9686,62,0,USOILm,0.0
2022-11-01 20:00:00,87.695,88.171,87.582,88.044,1373,62,0,USOILm,0.0
2022-11-02 00:00:00,88.033,89.065,87.821,88.962,4172,62,0,USOILm,0.0
2022-11-02 04:00:00,88.959,89.057,88.305,88.707,4873,62,0,USOILm,0.0
2022-11-02 08:00:00,88.699,88.917,87.101,87.941,9827,62,0,USOILm,0.0
2022-11-02 12:00:00,87.942,89.627,87.106,89.476,14261,62,0,USOILm,0.0
2022-11-02 16:00:00,89.48,89.647,88.3,88.587,11511,62,0,USOILm,0.0
2022-11-02 20:00:00,88.582,88.798,88.07,88.255,1732,62,0,USOILm,0.0
2022-11-03 00:00:00,88.251,88.955,88.187,88.826,3960,62,0,USOILm,0.0
2022-11-03 04:00:00,88.825,88.954,87.97,88.467,5107,62,0,USOILm,0.0
2022-11-03 08:00:00,88.471,88.478,87.487,88.33,7107,62,0,USOILm,0.0
2022-11-03 12:00:00,88.327,88.451,86.931,88.202,9337,94,0,USOILm,0.0
2022-11-03 16:00:00,88.204,88.358,87.349,87.435,5488,94,0,USOILm,0.0
2022-11-03 20:00:00,87.439,87.453,87.223,87.364,868,62,0,USOILm,0.0
2022-11-04 00:00:00,87.37,88.291,87.166,88.161,4441,62,0,USOILm,0.0
2022-11-04 04:00:00,88.157,89.877,88.096,89.571,7305,62,0,USOILm,0.0
2022-11-04 08:00:00,89.562,91.01,89.188,90.931,10513,62,0,USOILm,0.0
2022-11-04 12:00:00,90.939,91.86,90.263,90.748,14960,62,0,USOILm,0.0
2022-11-04 16:00:00,90.739,92.048,90.012,91.856,10657,62,0,USOILm,0.0
2022-11-04 20:00:00,91.852,91.88,91.671,91.693,527,62,0,USOILm,0.0
2022-11-07 00:00:00,89.911,90.843,89.902,90.615,5773,62,0,USOILm,0.0
2022-11-07 04:00:00,90.61,91.003,90.253,90.718,4754,62,0,USOILm,0.0
2022-11-07 08:00:00,90.729,91.886,90.169,91.332,10231,62,0,USOILm,0.0
2022-11-07 12:00:00,91.329,92.4,90.786,92.276,12216,62,0,USOILm,0.0
2022-11-07 16:00:00,92.273,92.889,90.842,91.088,10889,62,0,USOILm,0.0
2022-11-07 20:00:00,91.097,91.285,91.026,91.091,1827,62,0,USOILm,0.0
2022-11-08 00:00:00,91.097,91.364,90.671,90.745,3596,62,0,USOILm,0.0
2022-11-08 04:00:00,90.741,90.91,90.39,90.667,4160,62,0,USOILm,0.0
2022-11-08 08:00:00,90.658,90.979,89.628,90.34,8845,62,0,USOILm,0.0
2022-11-08 12:00:00,90.348,90.973,90.015,90.786,11909,62,0,USOILm,0.0
2022-11-08 16:00:00,90.791,90.918,87.968,88.358,12544,62,0,USOILm,0.0
2022-11-08 20:00:00,88.351,88.669,87.897,88.326,3032,62,0,USOILm,0.0
2022-11-09 00:00:00,88.318,88.374,87.762,87.801,5039,62,0,USOILm,0.0
2022-11-09 04:00:00,87.803,88.233,87.544,87.888,5665,62,0,USOILm,0.0
2022-11-09 08:00:00,87.884,88.088,87.309,87.481,9355,62,0,USOILm,0.0
2022-11-09 12:00:00,87.484,87.769,85.861,85.95,15508,62,0,USOILm,0.0
2022-11-09 16:00:00,85.957,86.84,84.88,85.093,12321,62,0,USOILm,0.0
2022-11-09 20:00:00,85.09,85.229,84.849,85.092,2349,62,0,USOILm,0.0
2022-11-10 00:00:00,85.08,85.193,84.667,85.119,3868,62,0,USOILm,0.0
2022-11-10 04:00:00,85.122,85.144,84.559,84.639,4330,62,0,USOILm,0.0
2022-11-10 08:00:00,84.632,85.267,84.029,84.55,9853,62,0,USOILm,0.0
2022-11-10 12:00:00,84.54,86.561,84.259,85.914,16351,62,0,USOILm,0.0
2022-11-10 16:00:00,85.911,86.601,85.542,85.645,11719,62,0,USOILm,0.0
2022-11-10 20:00:00,85.64,85.739,85.44,85.612,2081,62,0,USOILm,0.0
2022-11-11 00:00:00,85.626,86.173,85.569,85.985,4234,62,0,USOILm,0.0
2022-11-11 04:00:00,85.974,88.107,85.907,87.85,6961,62,0,USOILm,0.0
2022-11-11 08:00:00,87.843,88.769,87.548,88.619,9642,62,0,USOILm,0.0
2022-11-11 12:00:00,88.623,89.297,88.019,88.559,12980,62,0,USOILm,0.0
2022-11-11 16:00:00,88.568,88.732,87.246,88.282,12903,62,0,USOILm,0.0
2022-11-11 20:00:00,88.286,88.491,88.152,88.234,1812,62,0,USOILm,0.0
2022-11-14 00:00:00,88.934,89.061,88.256,88.436,5247,62,0,USOILm,0.0
2022-11-14 04:00:00,88.429,88.453,87.394,88.299,5439,62,0,USOILm,0.0
2022-11-14 08:00:00,88.301,88.818,86.809,87.0,9723,62,0,USOILm,0.0
2022-11-14 12:00:00,86.998,88.269,86.837,87.644,12599,62,0,USOILm,0.0
2022-11-14 16:00:00,87.656,87.724,84.653,84.71,13360,62,0,USOILm,0.0
2022-11-14 20:00:00,84.699,84.826,84.549,84.634,2525,62,0,USOILm,0.0
2022-11-15 00:00:00,84.637,85.181,84.448,84.861,4686,62,0,USOILm,0.0
2022-11-15 04:00:00,84.868,85.174,84.426,84.705,5194,62,0,USOILm,0.0
2022-11-15 08:00:00,84.693,85.027,83.525,84.748,10341,62,0,USOILm,0.0
2022-11-15 12:00:00,84.745,85.112,83.977,84.437,14950,62,0,USOILm,0.0
2022-11-15 16:00:00,84.427,88.025,84.394,86.019,16125,62,0,USOILm,0.0
2022-11-15 20:00:00,86.029,86.788,85.857,86.612,3035,62,0,USOILm,0.0
2022-11-16 00:00:00,86.609,86.621,85.84,85.878,4682,62,0,USOILm,0.0
2022-11-16 04:00:00,85.871,86.011,85.229,85.874,5350,62,0,USOILm,0.0
2022-11-16 08:00:00,85.858,86.841,85.782,86.059,9770,62,0,USOILm,0.0
2022-11-16 12:00:00,86.061,86.413,83.908,84.4,14342,62,0,USOILm,0.0
2022-11-16 16:00:00,84.39,85.207,83.64,85.001,11105,62,0,USOILm,0.0
2022-11-16 20:00:00,84.999,85.021,84.519,84.594,2294,62,0,USOILm,0.0
2022-11-17 00:00:00,84.596,84.747,83.767,83.86,3640,62,0,USOILm,0.0
2022-11-17 04:00:00,83.855,84.533,83.695,84.4,4571,62,0,USOILm,0.0
2022-11-17 08:00:00,84.408,84.797,83.296,83.598,10307,62,0,USOILm,0.0
2022-11-17 12:00:00,83.596,84.188,82.176,82.25,13734,62,0,USOILm,0.0
2022-11-17 16:00:00,82.247,82.347,81.147,81.581,13297,62,0,USOILm,0.0
2022-11-17 20:00:00,81.571,81.812,81.4,81.784,2395,62,0,USOILm,0.0
2022-11-18 00:00:00,81.786,82.301,81.714,82.244,4398,62,0,USOILm,0.0
2022-11-18 04:00:00,82.242,82.364,81.436,81.622,4991,62,0,USOILm,0.0
2022-11-18 08:00:00,81.61,82.129,81.029,81.193,9663,62,0,USOILm,0.0
2022-11-18 12:00:00,81.181,81.316,77.572,79.179,16476,62,0,USOILm,0.0
2022-11-18 16:00:00,79.189,80.261,78.271,79.856,12724,62,0,USOILm,0.0
2022-11-18 20:00:00,79.861,80.271,79.786,80.206,1861,62,0,USOILm,0.0
2022-11-21 00:00:00,80.136,80.148,79.04,79.312,3211,94,0,USOILm,0.0
2022-11-21 04:00:00,79.298,80.102,79.17,79.805,3262,94,0,USOILm,0.0
2022-11-21 08:00:00,79.786,79.975,79.203,79.764,6322,94,0,USOILm,0.0
2022-11-21 12:00:00,79.77,80.045,75.65,75.862,10400,94,0,USOILm,0.0
2022-11-21 16:00:00,75.863,80.396,75.235,79.849,10787,94,0,USOILm,0.0
2022-11-21 20:00:00,79.853,80.33,79.644,80.281,1735,94,0,USOILm,0.0
2022-11-22 00:00:00,80.259,80.396,79.963,80.242,2815,94,0,USOILm,0.0
2022-11-22 04:00:00,80.247,80.625,79.78,80.537,3134,94,0,USOILm,0.0
2022-11-22 08:00:00,80.551,81.172,79.88,80.869,6748,94,0,USOILm,0.0
2022-11-22 12:00:00,80.882,81.871,80.561,81.488,8271,94,0,USOILm,0.0
2022-11-22 16:00:00,81.491,82.251,80.698,81.023,7429,94,0,USOILm,0.0
2022-11-22 20:00:00,81.027,81.233,80.82,81.179,1281,94,0,USOILm,0.0
2022-11-23 00:00:00,81.187,81.371,80.803,80.863,2377,94,0,USOILm,0.0
2022-11-23 04:00:00,80.853,81.521,80.595,81.354,2838,94,0,USOILm,0.0
2022-11-23 08:00:00,81.339,81.843,78.385,79.295,8002,62,0,USOILm,0.0
2022-11-23 12:00:00,79.301,79.447,76.834,77.331,18209,62,0,USOILm,0.0
2022-11-23 16:00:00,77.321,78.049,76.987,77.851,13232,62,0,USOILm,0.0
2022-11-23 20:00:00,77.848,77.869,77.315,77.515,2116,62,0,USOILm,0.0
2022-11-24 00:00:00,77.525,78.004,77.523,77.884,3485,62,0,USOILm,0.0
2022-11-24 04:00:00,77.88,77.933,77.287,77.61,3741,62,0,USOILm,0.0
2022-11-24 08:00:00,77.604,78.127,77.224,77.834,8002,62,0,USOILm,0.0
2022-11-24 12:00:00,77.831,77.88,76.907,77.786,8436,62,0,USOILm,0.0
2022-11-24 16:00:00,77.783,78.194,77.487,78.106,3625,62,0,USOILm,0.0
2022-11-24 20:00:00,77.806,77.911,77.783,77.894,199,163,0,USOILm,0.0
2022-11-25 00:00:00,77.934,78.406,77.913,78.363,3272,62,0,USOILm,0.0
2022-11-25 04:00:00,78.364,78.628,78.214,78.384,3178,62,0,USOILm,0.0
2022-11-25 08:00:00,78.377,79.865,78.315,79.704,7404,62,0,USOILm,0.0
2022-11-25 12:00:00,79.711,79.781,77.816,77.826,11321,62,0,USOILm,0.0
2022-11-25 16:00:00,77.822,78.167,76.204,76.28,7050,62,0,USOILm,0.0
2022-11-28 00:00:00,76.068,76.184,73.859,74.23,7300,62,0,USOILm,0.0
2022-11-28 04:00:00,74.227,74.491,73.621,74.312,6408,62,0,USOILm,0.0
2022-11-28 08:00:00,74.303,74.434,73.631,73.888,11275,62,0,USOILm,0.0
2022-11-28 12:00:00,73.899,76.019,73.749,75.56,14629,62,0,USOILm,0.0
2022-11-28 16:00:00,75.553,77.821,75.511,76.934,14241,62,0,USOILm,0.0
2022-11-28 20:00:00,76.944,77.101,76.519,76.553,2432,62,0,USOILm,0.0
2022-11-29 00:00:00,76.551,78.348,76.308,78.326,5535,62,0,USOILm,0.0
2022-11-29 04:00:00,78.324,79.599,78.201,78.625,7088,62,0,USOILm,0.0
2022-11-29 08:00:00,78.623,79.452,78.339,79.268,9996,62,0,USOILm,0.0
2022-11-29 12:00:00,79.266,79.548,78.081,79.044,14356,62,0,USOILm,0.0
2022-11-29 16:00:00,79.054,79.259,77.115,78.478,15235,62,0,USOILm,0.0
2022-11-29 20:00:00,78.476,79.038,78.351,78.745,2495,62,0,USOILm,0.0
2022-11-30 00:00:00,78.746,79.154,78.605,79.014,4377,62,0,USOILm,0.0
2022-11-30 04:00:00,79.017,79.149,78.414,78.921,4471,62,0,USOILm,0.0
2022-11-30 08:00:00,78.912,80.346,78.444,79.956,9793,62,0,USOILm,0.0
2022-11-30 12:00:00,79.946,81.354,79.762,80.407,13446,62,0,USOILm,0.0
2022-11-30 16:00:00,80.411,80.765,80.044,80.657,10902,62,0,USOILm,0.0
2022-11-30 20:00:00,80.664,80.762,80.417,80.58,1979,62,0,USOILm,0.0
2022-12-01 00:00:00,80.575,80.95,80.237,80.425,4531,62,0,USOILm,0.0
2022-12-01 04:00:00,80.428,80.784,79.966,80.102,4783,62,0,USOILm,0.0
2022-12-01 08:00:00,80.11,81.678,80.069,81.657,9315,62,0,USOILm,0.0
2022-12-01 12:00:00,81.663,83.264,81.41,82.713,12347,62,0,USOILm,0.0
2022-12-01 16:00:00,82.708,82.812,80.95,81.326,13002,62,0,USOILm,0.0
2022-12-01 20:00:00,81.324,81.426,81.139,81.266,1948,62,0,USOILm,0.0
2022-12-02 00:00:00,81.255,81.546,80.828,81.242,4154,62,0,USOILm,0.0
2022-12-02 04:00:00,81.246,81.528,80.797,81.399,4313,62,0,USOILm,0.0
2022-12-02 08:00:00,81.387,81.424,80.328,81.311,9091,62,0,USOILm,0.0
2022-12-02 12:00:00,81.301,82.113,80.275,81.321,14548,62,0,USOILm,0.0
2022-12-02 16:00:00,81.31,81.62,79.657,80.194,12276,62,0,USOILm,0.0
2022-12-02 20:00:00,80.192,80.34,80.1,80.253,1402,62,0,USOILm,0.0
2022-12-05 00:00:00,81.175,81.828,80.797,80.894,4860,62,0,USOILm,0.0
2022-12-05 04:00:00,80.899,80.992,80.149,80.486,5128,62,0,USOILm,0.0
2022-12-05 08:00:00,80.48,82.374,80.046,82.207,9660,62,0,USOILm,0.0
2022-12-05 12:00:00,82.206,82.706,80.105,80.184,13444,62,0,USOILm,0.0
2022-12-05 16:00:00,80.174,80.193,76.829,77.438,15132,62,0,USOILm,0.0
2022-12-05 20:00:00,77.437,77.588,77.282,77.448,2153,62,0,USOILm,0.0
2022-12-06 00:00:00,77.461,77.954,77.334,77.492,4517,62,0,USOILm,0.0
2022-12-06 04:00:00,77.487,77.843,77.136,77.549,4853,62,0,USOILm,0.0
2022-12-06 08:00:00,77.55,77.632,75.682,75.991,10975,62,0,USOILm,0.0
2022-12-06 12:00:00,75.997,76.989,75.394,75.787,14368,62,0,USOILm,0.0
2022-12-06 16:00:00,75.791,75.791,73.531,74.357,14146,62,0,USOILm,0.0
2022-12-06 20:00:00,74.367,74.758,74.33,74.594,2058,62,0,USOILm,0.0
2022-12-07 00:00:00,74.592,74.864,74.053,74.443,4777,62,0,USOILm,0.0
2022-12-07 04:00:00,74.434,74.714,74.174,74.282,5002,62,0,USOILm,0.0
2022-12-07 08:00:00,74.292,74.559,72.895,74.491,12199,62,0,USOILm,0.0
2022-12-07 12:00:00,74.481,75.455,73.512,73.815,15701,62,0,USOILm,0.0
2022-12-07 16:00:00,73.819,73.839,71.963,72.536,15016,62,0,USOILm,0.0
2022-12-07 20:00:00,72.546,72.786,72.242,72.722,2147,62,0,USOILm,0.0
2022-12-08 00:00:00,72.725,73.019,72.443,72.964,3993,62,0,USOILm,0.0
2022-12-08 04:00:00,72.956,73.409,72.53,72.941,4757,62,0,USOILm,0.0
2022-12-08 08:00:00,72.94,73.373,72.428,73.314,8853,62,0,USOILm,0.0
2022-12-08 12:00:00,73.312,75.21,71.875,72.095,17737,62,0,USOILm,0.0
2022-12-08 16:00:00,72.085,72.805,71.206,71.619,15217,62,0,USOILm,0.0
2022-12-08 20:00:00,71.628,72.166,71.354,72.111,2198,62,0,USOILm,0.0
2022-12-09 00:00:00,72.114,72.403,71.929,72.114,4070,62,0,USOILm,0.0
2022-12-09 04:00:00,72.112,72.242,71.737,71.942,4589,62,0,USOILm,0.0
2022-12-09 08:00:00,71.933,72.581,71.378,71.861,8305,62,0,USOILm,0.0
2022-12-09 12:00:00,71.87,72.934,71.567,72.405,14415,62,0,USOILm,0.0
2022-12-09 16:00:00,72.406,72.817,70.246,71.782,13586,62,0,USOILm,0.0
2022-12-09 20:00:00,71.773,71.812,71.508,71.601,1767,62,0,USOILm,0.0
2022-12-12 00:00:00,71.989,72.313,71.361,71.689,5651,62,0,USOILm,0.0
2022-12-12 04:00:00,71.688,71.956,71.442,71.473,4442,62,0,USOILm,0.0
2022-12-12 08:00:00,71.471,71.588,70.423,70.613,8470,62,0,USOILm,0.0
2022-12-12 12:00:00,70.62,73.967,70.522,73.796,14732,62,0,USOILm,0.0
2022-12-12 16:00:00,73.805,73.93,72.837,73.184,12542,62,0,USOILm,0.0
2022-12-12 20:00:00,73.187,73.602,73.159,73.498,1991,62,0,USOILm,0.0
2022-12-13 00:00:00,73.494,74.26,73.387,74.036,3982,62,0,USOILm,0.0
2022-12-13 04:00:00,74.039,74.618,73.961,74.317,4183,62,0,USOILm,0.0
2022-12-13 08:00:00,74.327,74.557,73.498,73.616,8504,62,0,USOILm,0.0
2022-12-13 12:00:00,73.614,75.592,73.276,74.823,15735,62,0,USOILm,0.0
2022-12-13 16:00:00,74.833,76.273,74.833,75.521,13886,62,0,USOILm,0.0
2022-12-13 20:00:00,75.522,75.663,75.105,75.196,2141,62,0,USOILm,0.0
2022-12-14 00:00:00,75.188,75.367,74.931,75.238,4061,62,0,USOILm,0.0
2022-12-14 04:00:00,75.236,75.451,75.044,75.38,4159,62,0,USOILm,0.0
2022-12-14 08:00:00,75.383,76.478,75.194,76.281,8476,62,0,USOILm,0.0
2022-12-14 12:00:00,76.284,77.021,75.62,76.772,12590,62,0,USOILm,0.0
2022-12-14 16:00:00,76.782,77.72,76.767,77.395,11703,62,0,USOILm,0.0
2022-12-14 20:00:00,77.404,77.721,77.258,77.266,3047,62,0,USOILm,0.0
2022-12-15 00:00:00,77.268,77.313,76.474,76.681,4046,62,0,USOILm,0.0
2022-12-15 04:00:00,76.689,76.854,76.413,76.541,4427,62,0,USOILm,0.0
2022-12-15 08:00:00,76.535,77.793,76.383,77.339,8331,62,0,USOILm,0.0
2022-12-15 12:00:00,77.33,77.503,76.11,76.476,13516,62,0,USOILm,0.0
2022-12-15 16:00:00,76.487,77.123,75.396,76.093,13051,62,0,USOILm,0.0
2022-12-15 20:00:00,76.091,76.317,76.003,76.241,1932,62,0,USOILm,0.0
2022-12-16 00:00:00,76.239,76.544,75.97,76.031,4343,62,0,USOILm,0.0
2022-12-16 04:00:00,76.033,76.15,75.552,75.58,4600,62,0,USOILm,0.0
2022-12-16 08:00:00,75.59,75.711,73.982,74.592,9431,62,0,USOILm,0.0
2022-12-16 12:00:00,74.6,74.841,73.394,73.728,14918,62,0,USOILm,0.0
2022-12-16 16:00:00,73.738,75.694,73.652,74.42,13808,62,0,USOILm,0.0
2022-12-16 20:00:00,74.41,74.579,74.243,74.574,1515,62,0,USOILm,0.0
2022-12-19 00:00:00,75.082,75.898,74.895,75.27,4534,62,0,USOILm,0.0
2022-12-19 04:00:00,75.267,75.305,74.686,74.776,4262,62,0,USOILm,0.0
2022-12-19 08:00:00,74.781,75.398,74.011,74.874,8951,62,0,USOILm,0.0
2022-12-19 12:00:00,74.873,76.132,74.353,74.483,12640,62,0,USOILm,0.0
2022-12-19 16:00:00,74.494,76.592,74.345,75.469,11356,62,0,USOILm,0.0
2022-12-19 20:00:00,75.47,75.966,75.464,75.855,1912,62,0,USOILm,0.0
2022-12-20 00:00:00,75.854,76.442,75.714,75.819,4999,62,0,USOILm,0.0
2022-12-20 04:00:00,75.81,75.989,75.081,75.202,6247,62,0,USOILm,0.0
2022-12-20 08:00:00,75.212,76.482,74.67,75.637,9840,62,0,USOILm,0.0
2022-12-20 12:00:00,75.64,76.377,75.427,75.818,12666,62,0,USOILm,0.0
2022-12-20 16:00:00,75.829,76.878,74.44,76.075,13393,62,0,USOILm,0.0
2022-12-20 20:00:00,76.07,76.232,75.887,76.132,1889,62,0,USOILm,0.0
2022-12-21 00:00:00,76.138,76.486,76.131,76.271,3740,62,0,USOILm,0.0
2022-12-21 04:00:00,76.272,76.535,75.797,75.82,4504,62,0,USOILm,0.0
2022-12-21 08:00:00,75.813,77.895,75.772,77.69,8560,62,0,USOILm,0.0
2022-12-21 12:00:00,77.7,78.335,77.425,78.042,11476,62,0,USOILm,0.0
2022-12-21 16:00:00,78.032,78.45,77.562,78.395,9354,62,0,USOILm,0.0
2022-12-21 20:00:00,78.394,78.563,78.32,78.438,1620,62,0,USOILm,0.0
2022-12-22 00:00:00,78.436,78.813,78.385,78.619,3479,62,0,USOILm,0.0
2022-12-22 04:00:00,78.62,78.746,78.35,78.51,3285,62,0,USOILm,0.0
2022-12-22 08:00:00,78.508,79.814,78.259,79.658,7671,62,0,USOILm,0.0
2022-12-22 12:00:00,79.67,79.802,77.553,77.628,12186,62,0,USOILm,0.0
2022-12-22 16:00:00,77.625,78.49,76.995,77.962,11255,62,0,USOILm,0.0
2022-12-22 20:00:00,77.956,78.452,77.915,78.395,2019,62,0,USOILm,0.0
2022-12-23 00:00:00,78.401,78.652,77.997,78.205,3841,62,0,USOILm,0.0
2022-12-23 04:00:00,78.21,78.687,77.927,78.259,4961,62,0,USOILm,0.0
2022-12-23 08:00:00,78.249,79.367,78.079,79.113,7176,62,0,USOILm,0.0
2022-12-23 12:00:00,79.103,80.245,78.49,79.764,11926,62,0,USOILm,0.0
2022-12-23 16:00:00,79.754,80.036,79.144,79.663,9287,62,0,USOILm,0.0
2022-12-23 20:00:00,79.671,79.708,79.421,79.433,1074,62,0,USOILm,0.0
2022-12-27 00:00:00,80.788,80.79,79.921,79.975,4209,62,0,USOILm,0.0
2022-12-27 04:00:00,79.979,80.349,79.748,79.901,3986,62,0,USOILm,0.0
2022-12-27 08:00:00,79.907,80.474,79.327,80.198,6597,62,0,USOILm,0.0
2022-12-27 12:00:00,80.188,80.804,79.46,80.393,10807,62,0,USOILm,0.0
2022-12-27 16:00:00,80.395,81.156,79.175,79.54,9911,62,0,USOILm,0.0
2022-12-27 20:00:00,79.548,79.881,79.382,79.79,1792,62,0,USOILm,0.0
2022-12-28 00:00:00,79.788,79.885,79.508,79.657,3607,62,0,USOILm,0.0
2022-12-28 04:00:00,79.651,79.704,79.049,79.156,3933,62,0,USOILm,0.0
2022-12-28 08:00:00,79.165,79.435,78.428,79.314,7828,62,0,USOILm,0.0
2022-12-28 12:00:00,79.316,79.699,77.357,77.62,12482,62,0,USOILm,0.0
2022-12-28 16:00:00,77.609,79.111,77.339,78.833,11139,62,0,USOILm,0.0
2022-12-28 20:00:00,78.837,78.845,78.557,78.625,1726,62,0,USOILm,0.0
2022-12-29 00:00:00,78.62,78.697,78.35,78.666,3251,62,0,USOILm,0.0
2022-12-29 04:00:00,78.665,78.844,77.92,77.957,3711,62,0,USOILm,0.0
2022-12-29 08:00:00,77.959,78.09,76.826,77.953,7482,62,0,USOILm,0.0
2022-12-29 12:00:00,77.963,78.496,77.089,77.567,11825,62,0,USOILm,0.0
2022-12-29 16:00:00,77.56,78.722,77.237,78.328,10782,62,0,USOILm,0.0
2022-12-29 20:00:00,78.327,78.719,78.314,78.617,1597,62,0,USOILm,0.0
2022-12-30 00:00:00,78.616,78.918,78.326,78.408,2966,62,0,USOILm,0.0
2022-12-30 04:00:00,78.409,79.04,78.107,78.673,4294,62,0,USOILm,0.0
2022-12-30 08:00:00,78.676,79.084,77.748,78.452,7402,62,0,USOILm,0.0
2022-12-30 12:00:00,78.443,79.521,77.766,78.886,10920,62,0,USOILm,0.0
2022-12-30 16:00:00,78.88,80.516,78.752,80.506,9200,62,0,USOILm,0.0
2022-12-30 20:00:00,80.496,80.622,80.308,80.383,1299,62,0,USOILm,0.0
2023-01-03 00:00:00,80.433,80.513,79.383,80.096,5552,62,0,USOILm,0.0
2023-01-03 04:00:00,80.101,80.956,79.84,80.951,4364,62,0,USOILm,0.0
2023-01-03 08:00:00,80.952,81.515,78.852,79.188,10577,62,0,USOILm,0.0
2023-01-03 12:00:00,79.178,79.845,78.26,79.083,13999,62,0,USOILm,0.0
2023-01-03 16:00:00,79.092,79.363,76.722,77.008,14714,62,0,USOILm,0.0
2023-01-03 20:00:00,77.009,77.382,76.941,77.159,2284,62,0,USOILm,0.0
2023-01-04 00:00:00,77.16,77.486,76.686,76.845,4164,62,0,USOILm,0.0
2023-01-04 04:00:00,76.843,76.894,76.321,76.586,4647,62,0,USOILm,0.0
2023-01-04 08:00:00,76.575,76.575,74.977,75.048,9561,62,0,USOILm,0.0
2023-01-04 12:00:00,75.058,75.424,73.369,73.412,14571,62,0,USOILm,0.0
2023-01-04 16:00:00,73.42,74.075,72.884,73.238,13452,62,0,USOILm,0.0
2023-01-04 20:00:00,73.24,73.667,73.094,73.513,2326,62,0,USOILm,0.0
2023-01-05 00:00:00,73.502,73.968,73.418,73.752,4043,62,0,USOILm,0.0
2023-01-05 04:00:00,73.756,74.214,73.397,73.507,4392,62,0,USOILm,0.0
2023-01-05 08:00:00,73.518,75.035,73.402,74.407,9333,62,0,USOILm,0.0
2023-01-05 12:00:00,74.402,74.71,72.619,73.563,13227,62,0,USOILm,0.0
2023-01-05 16:00:00,73.591,75.017,73.528,73.899,12800,62,0,USOILm,0.0
2023-01-05 20:00:00,73.897,74.203,73.777,74.099,1887,62,0,USOILm,0.0
2023-01-06 00:00:00,74.092,74.871,74.048,74.686,3468,62,0,USOILm,0.0
2023-01-06 04:00:00,74.688,74.77,73.948,73.966,4248,62,0,USOILm,0.0
2023-01-06 08:00:00,73.964,74.675,73.482,73.735,7939,62,0,USOILm,0.0
2023-01-06 12:00:00,73.732,75.604,73.408,75.077,14370,62,0,USOILm,0.0
2023-01-06 16:00:00,75.067,75.244,73.421,74.004,11837,62,0,USOILm,0.0
2023-01-06 20:00:00,74.005,74.08,73.736,73.893,1522,62,0,USOILm,0.0
2023-01-09 00:00:00,74.292,75.041,74.241,74.808,4286,62,0,USOILm,0.0
2023-01-09 04:00:00,74.812,75.441,74.773,75.364,4396,62,0,USOILm,0.0
2023-01-09 08:00:00,75.372,76.637,75.316,76.331,8611,62,0,USOILm,0.0
2023-01-09 12:00:00,76.34,76.87,75.553,75.925,12193,62,0,USOILm,0.0
2023-01-09 16:00:00,75.937,76.024,74.543,75.009,11871,62,0,USOILm,0.0
2023-01-09 20:00:00,74.999,75.11,74.821,74.895,1687,62,0,USOILm,0.0
2023-01-10 00:00:00,74.898,74.965,74.375,74.574,3789,62,0,USOILm,0.0
2023-01-10 04:00:00,74.576,74.766,74.179,74.208,4391,62,0,USOILm,0.0
2023-01-10 08:00:00,74.211,75.466,74.057,75.333,8433,62,0,USOILm,0.0
2023-01-10 12:00:00,75.342,75.879,74.224,74.662,12200,62,0,USOILm,0.0
2023-01-10 16:00:00,74.652,76.084,74.544,75.357,10857,62,0,USOILm,0.0
2023-01-10 20:00:00,75.367,75.464,74.579,74.79,2139,62,0,USOILm,0.0
2023-01-11 00:00:00,74.792,74.965,74.531,74.703,3800,62,0,USOILm,0.0
2023-01-11 04:00:00,74.709,74.874,74.489,74.728,4073,62,0,USOILm,0.0
2023-01-11 08:00:00,74.731,75.865,74.715,75.56,7465,62,0,USOILm,0.0
2023-01-11 12:00:00,75.554,77.287,75.484,76.779,12658,62,0,USOILm,0.0
2023-01-11 16:00:00,76.769,77.966,76.648,77.74,11374,62,0,USOILm,0.0
2023-01-11 20:00:00,77.737,77.912,77.719,77.912,1718,62,0,USOILm,0.0
2023-01-12 00:00:00,77.914,78.136,77.521,77.71,3237,62,0,USOILm,0.0
2023-01-12 04:00:00,77.716,77.828,77.427,77.735,3210,62,0,USOILm,0.0
2023-01-12 08:00:00,77.725,78.733,77.293,78.453,7431,62,0,USOILm,0.0
2023-01-12 12:00:00,78.444,79.307,78.053,78.644,12643,62,0,USOILm,0.0
2023-01-12 16:00:00,78.648,79.314,78.341,78.603,10212,62,0,USOILm,0.0
2023-01-12 20:00:00,78.607,78.617,78.304,78.551,1925,62,0,USOILm,0.0
2023-01-13 00:00:00,78.556,78.678,78.192,78.453,3243,62,0,USOILm,0.0
2023-01-13 04:00:00,78.446,78.922,78.268,78.898,3296,62,0,USOILm,0.0
2023-01-13 08:00:00,78.907,79.498,78.544,79.188,6986,62,0,USOILm,0.0
2023-01-13 12:00:00,79.181,79.855,78.567,79.66,10272,62,0,USOILm,0.0
2023-01-13 16:00:00,79.655,80.129,79.31,80.111,9079,62,0,USOILm,0.0
2023-01-13 20:00:00,80.107,80.237,80.05,80.234,1100,62,0,USOILm,0.0
2023-01-16 00:00:00,80.004,80.134,79.608,79.73,3393,62,0,USOILm,0.0
2023-01-16 04:00:00,79.72,79.73,79.385,79.469,2760,62,0,USOILm,0.0
2023-01-16 08:00:00,79.467,79.961,79.011,79.927,6056,62,0,USOILm,0.0
2023-01-16 12:00:00,79.933,79.971,79.049,79.095,6378,62,0,USOILm,0.0
2023-01-16 16:00:00,79.098,79.341,78.757,79.058,3961,62,0,USOILm,0.0
2023-01-16 20:00:00,79.018,79.025,78.912,78.967,273,145,0,USOILm,0.0
2023-01-17 00:00:00,78.978,79.632,78.895,79.494,3045,62,0,USOILm,0.0
2023-01-17 04:00:00,79.495,79.742,79.284,79.403,3231,62,0,USOILm,0.0
2023-01-17 08:00:00,79.414,80.472,79.159,80.441,7027,62,0,USOILm,0.0
2023-01-17 12:00:00,80.443,81.468,80.336,80.752,9734,62,0,USOILm,0.0
2023-01-17 16:00:00,80.743,81.102,79.501,81.067,10343,62,0,USOILm,0.0
2023-01-17 20:00:00,81.069,81.428,80.899,80.931,2089,62,0,USOILm,0.0
2023-01-18 00:00:00,80.919,81.369,80.802,81.079,3816,62,0,USOILm,0.0
2023-01-18 04:00:00,81.08,81.611,80.984,81.254,4083,62,0,USOILm,0.0
2023-01-18 08:00:00,81.256,82.138,80.834,82.045,7549,62,0,USOILm,0.0
2023-01-18 12:00:00,82.051,82.636,81.489,82.036,9895,62,0,USOILm,0.0
2023-01-18 16:00:00,82.023,82.332,79.305,79.528,12386,62,0,USOILm,0.0
2023-01-18 20:00:00,79.519,79.593,79.201,79.417,2121,62,0,USOILm,0.0
2023-01-19 00:00:00,79.414,79.463,78.652,78.694,4320,62,0,USOILm,0.0
2023-01-19 04:00:00,78.693,79.195,78.447,79.016,4236,62,0,USOILm,0.0
2023-01-19 08:00:00,79.014,79.337,78.606,79.107,7384,62,0,USOILm,0.0
2023-01-19 12:00:00,79.118,80.856,79.037,80.369,11349,62,0,USOILm,0.0
2023-01-19 16:00:00,80.371,81.462,79.669,80.672,12631,62,0,USOILm,0.0
2023-01-19 20:00:00,80.667,81.105,80.632,81.015,1737,62,0,USOILm,0.0
2023-01-20 00:00:00,81.014,81.293,80.963,81.151,3713,62,0,USOILm,0.0
2023-01-20 04:00:00,81.161,81.233,80.677,81.214,4363,62,0,USOILm,0.0
2023-01-20 08:00:00,81.216,81.525,80.66,80.873,7292,62,0,USOILm,0.0
2023-01-20 12:00:00,80.863,81.242,79.898,80.595,11119,62,0,USOILm,0.0
2023-01-20 16:00:00,80.605,81.9,80.486,81.782,9635,62,0,USOILm,0.0
2023-01-20 20:00:00,81.787,81.861,81.671,81.81,1198,62,0,USOILm,0.0
2023-01-23 00:00:00,81.252,81.524,81.155,81.355,2039,62,0,USOILm,0.0
2023-01-23 04:00:00,81.349,81.779,81.164,81.271,3346,62,0,USOILm,0.0
2023-01-23 08:00:00,81.279,82.289,81.082,82.248,6884,62,0,USOILm,0.0
2023-01-23 12:00:00,82.246,82.64,81.807,82.379,10743,62,0,USOILm,0.0
2023-01-23 16:00:00,82.389,82.643,81.427,81.573,10495,62,0,USOILm,0.0
2023-01-23 20:00:00,81.572,81.736,81.536,81.647,1587,62,0,USOILm,0.0
2023-01-24 00:00:00,81.648,81.912,81.604,81.761,1461,62,0,USOILm,0.0
2023-01-24 04:00:00,81.756,81.756,81.469,81.591,2608,62,0,USOILm,0.0
2023-01-24 08:00:00,81.6,82.049,80.789,81.891,7345,62,0,USOILm,0.0
2023-01-24 12:00:00,81.898,82.256,80.511,80.707,11286,62,0,USOILm,0.0
2023-01-24 16:00:00,80.715,80.797,79.713,80.183,10667,62,0,USOILm,0.0
2023-01-24 20:00:00,80.189,80.357,79.961,80.232,1993,62,0,USOILm,0.0
2023-01-25 00:00:00,80.226,80.712,80.139,80.491,2626,62,0,USOILm,0.0
2023-01-25 04:00:00,80.494,80.531,80.185,80.254,3029,62,0,USOILm,0.0
2023-01-25 08:00:00,80.264,80.681,79.638,80.435,7985,62,0,USOILm,0.0
2023-01-25 12:00:00,80.442,80.993,79.51,80.525,11843,62,0,USOILm,0.0
2023-01-25 16:00:00,80.526,81.277,79.833,80.503,10699,62,0,USOILm,0.0
2023-01-25 20:00:00,80.502,80.705,80.408,80.578,1741,62,0,USOILm,0.0
2023-01-26 00:00:00,80.591,80.678,80.366,80.389,1811,62,0,USOILm,0.0
2023-01-26 04:00:00,80.387,80.646,80.261,80.613,2836,62,0,USOILm,0.0
2023-01-26 08:00:00,80.604,81.16,79.993,80.837,6856,62,0,USOILm,0.0
2023-01-26 12:00:00,80.839,82.177,80.302,81.223,11471,62,0,USOILm,0.0
2023-01-26 16:00:00,81.212,81.727,80.835,81.289,10222,62,0,USOILm,0.0
2023-01-26 20:00:00,81.294,81.312,81.079,81.207,1526,62,0,USOILm,0.0
2023-01-27 00:00:00,81.2,81.427,81.149,81.386,1732,62,0,USOILm,0.0
2023-01-27 04:00:00,81.383,81.608,81.196,81.336,2529,62,0,USOILm,0.0
2023-01-27 08:00:00,81.34,82.468,81.216,82.361,6367,62,0,USOILm,0.0
2023-01-27 12:00:00,82.356,82.526,80.517,80.666,10786,62,0,USOILm,0.0
2023-01-27 16:00:00,80.663,80.663,79.123,79.587,13562,62,0,USOILm,0.0
2023-01-27 20:00:00,79.59,79.662,79.433,79.516,1429,62,0,USOILm,0.0
2023-01-30 00:00:00,80.433,80.525,79.674,79.722,4538,62,0,USOILm,0.0
2023-01-30 04:00:00,79.714,79.769,78.958,79.101,4044,62,0,USOILm,0.0
2023-01-30 08:00:00,79.105,79.931,78.848,79.836,7496,62,0,USOILm,0.0
2023-01-30 12:00:00,79.843,79.885,77.952,79.345,11828,62,0,USOILm,0.0
2023-01-30 16:00:00,79.335,79.998,77.761,77.822,11250,62,0,USOILm,0.0
2023-01-30 20:00:00,77.831,78.131,77.775,78.047,1797,62,0,USOILm,0.0
2023-01-31 00:00:00,78.049,78.24,77.668,77.725,3706,62,0,USOILm,0.0
2023-01-31 04:00:00,77.729,77.894,77.493,77.636,2775,62,0,USOILm,0.0
2023-01-31 08:00:00,77.627,77.659,76.668,77.098,7676,62,0,USOILm,0.0
2023-01-31 12:00:00,77.11,79.349,77.036,79.093,12261,62,0,USOILm,0.0
2023-01-31 16:00:00,79.078,79.243,78.361,79.117,9726,62,0,USOILm,0.0
2023-01-31 20:00:00,79.128,79.295,79.109,79.273,1484,62,0,USOILm,0.0
2023-02-01 00:00:00,79.271,79.474,79.106,79.363,2939,62,0,USOILm,0.0
2023-02-01 04:00:00,79.353,79.556,79.054,79.431,3033,62,0,USOILm,0.0
2023-02-01 08:00:00,79.427,79.845,78.89,79.541,7225,62,0,USOILm,0.0
2023-02-01 12:00:00,79.546,79.831,78.382,78.439,11620,62,0,USOILm,0.0
2023-02-01 16:00:00,78.429,78.608,76.196,76.957,13710,62,0,USOILm,0.0
2023-02-01 20:00:00,76.955,77.3,76.795,76.947,3119,62,0,USOILm,0.0
2023-02-02 00:00:00,76.951,77.334,76.945,77.236,4179,62,0,USOILm,0.0
2023-02-02 04:00:00,77.235,77.372,76.677,76.75,3785,62,0,USOILm,0.0
2023-02-02 08:00:00,76.74,77.133,76.246,76.372,7732,62,0,USOILm,0.0
2023-02-02 12:00:00,76.375,76.708,75.125,76.212,12096,62,0,USOILm,0.0
2023-02-02 16:00:00,76.203,77.044,75.738,76.08,11681,62,0,USOILm,0.0
2023-02-02 20:00:00,76.09,76.141,75.855,76.12,2474,62,0,USOILm,0.0
2023-02-03 00:00:00,76.123,76.327,75.904,75.987,3106,62,0,USOILm,0.0
2023-02-03 04:00:00,75.979,76.013,75.604,75.702,3393,62,0,USOILm,0.0
2023-02-03 08:00:00,75.697,76.462,75.333,76.032,8228,62,0,USOILm,0.0
2023-02-03 12:00:00,76.029,78.138,75.635,77.308,13185,62,0,USOILm,0.0
2023-02-03 16:00:00,77.31,77.345,73.392,73.392,14133,0,0,USOILm,0.0
2023-02-03 20:00:00,73.394,73.553,73.332,73.415,1673,0,0,USOILm,0.0
2023-02-06 00:00:00,73.684,73.879,73.374,73.71,4048,62,0,USOILm,0.0
2023-02-06 04:00:00,73.707,74.23,73.561,74.105,4211,62,0,USOILm,0.0
2023-02-06 08:00:00,74.094,74.312,73.352,73.799,8904,62,0,USOILm,0.0
2023-02-06 12:00:00,73.789,74.625,72.637,72.665,12022,62,0,USOILm,0.0
2023-02-06 16:00:00,72.656,74.577,72.474,74.529,11506,62,0,USOILm,0.0
2023-02-06 20:00:00,74.532,74.741,74.452,74.741,1598,62,0,USOILm,0.0
2023-02-07 00:00:00,74.732,75.187,74.582,75.09,3039,62,0,USOILm,0.0
2023-02-07 04:00:00,75.092,75.737,74.953,75.661,3801,62,0,USOILm,0.0
2023-02-07 08:00:00,75.651,76.183,75.46,75.484,8253,62,0,USOILm,0.0
2023-02-07 12:00:00,75.473,76.03,74.97,76.02,11426,62,0,USOILm,0.0
2023-02-07 16:00:00,76.021,77.476,75.906,77.365,12314,62,0,USOILm,0.0
2023-02-07 20:00:00,77.367,77.752,77.284,77.674,1946,62,0,USOILm,0.0
2023-02-08 00:00:00,77.665,77.74,77.281,77.361,3603,62,0,USOILm,0.0
2023-02-08 04:00:00,77.358,77.868,77.234,77.824,3325,62,0,USOILm,0.0
2023-02-08 08:00:00,77.835,78.558,77.506,78.077,7410,62,0,USOILm,0.0
2023-02-08 12:00:00,78.075,78.6,77.35,78.075,11283,62,0,USOILm,0.0
2023-02-08 16:00:00,78.065,78.702,77.31,78.645,10627,62,0,USOILm,0.0
2023-02-08 20:00:00,78.646,78.67,78.512,78.627,1419,62,0,USOILm,0.0
2023-02-09 00:00:00,78.637,78.762,78.406,78.58,2700,62,0,USOILm,0.0
2023-02-09 04:00:00,78.578,78.734,78.363,78.416,3054,62,0,USOILm,0.0
2023-02-09 08:00:00,78.406,78.966,78.372,78.668,6600,62,0,USOILm,0.0
2023-02-09 12:00:00,78.677,78.764,76.819,76.881,11220,62,0,USOILm,0.0
2023-02-09 16:00:00,76.885,78.401,76.692,77.842,10190,62,0,USOILm,0.0
2023-02-09 20:00:00,77.84,77.964,77.657,77.818,1836,62,0,USOILm,0.0
2023-02-10 00:00:00,77.82,78.083,77.739,77.789,3195,62,0,USOILm,0.0
2023-02-10 04:00:00,77.793,78.157,77.612,77.837,3761,62,0,USOILm,0.0
2023-02-10 08:00:00,77.826,80.455,77.734,79.907,10901,62,0,USOILm,0.0
2023-02-10 12:00:00,79.904,79.95,78.752,79.497,12228,62,0,USOILm,0.0
2023-02-10 16:00:00,79.502,80.091,79.3,79.888,8898,62,0,USOILm,0.0
2023-02-10 20:00:00,79.883,80.023,79.883,79.96,1134,62,0,USOILm,0.0
2023-02-13 00:00:00,79.534,79.534,79.02,79.142,3643,62,0,USOILm,0.0
2023-02-13 04:00:00,79.14,79.161,78.915,79.108,3320,62,0,USOILm,0.0
2023-02-13 08:00:00,79.116,79.703,78.621,79.664,6531,62,0,USOILm,0.0
2023-02-13 12:00:00,79.67,79.998,79.012,79.647,9830,62,0,USOILm,0.0
2023-02-13 16:00:00,79.651,80.726,79.298,80.141,8242,62,0,USOILm,0.0
2023-02-13 20:00:00,80.138,80.152,79.32,79.418,2634,62,0,USOILm,0.0
2023-02-14 00:00:00,79.407,79.543,79.167,79.406,3011,62,0,USOILm,0.0
2023-02-14 04:00:00,79.405,79.784,79.308,79.523,3088,62,0,USOILm,0.0
2023-02-14 08:00:00,79.527,79.723,78.786,79.189,6893,62,0,USOILm,0.0
2023-02-14 12:00:00,79.193,79.615,77.674,78.853,14171,62,0,USOILm,0.0
2023-02-14 16:00:00,78.865,79.463,78.748,79.316,9851,62,0,USOILm,0.0
2023-02-14 20:00:00,79.315,79.375,78.858,78.982,1488,62,0,USOILm,0.0
2023-02-15 00:00:00,78.983,79.112,78.656,78.68,2788,62,0,USOILm,0.0
2023-02-15 04:00:00,78.681,78.708,77.99,78.146,3766,62,0,USOILm,0.0
2023-02-15 08:00:00,78.144,78.742,77.773,78.598,7118,62,0,USOILm,0.0
2023-02-15 12:00:00,78.596,78.903,77.945,77.957,10648,62,0,USOILm,0.0
2023-02-15 16:00:00,77.951,79.332,77.446,78.741,10203,62,0,USOILm,0.0
2023-02-15 20:00:00,78.747,78.888,78.618,78.738,1396,62,0,USOILm,0.0
2023-02-16 00:00:00,78.736,79.463,78.647,79.288,3130,62,0,USOILm,0.0
2023-02-16 04:00:00,79.296,79.565,79.23,79.484,3271,62,0,USOILm,0.0
2023-02-16 08:00:00,79.474,79.728,78.258,79.051,7372,62,0,USOILm,0.0
2023-02-16 12:00:00,79.059,79.374,78.398,78.752,10202,62,0,USOILm,0.0
2023-02-16 16:00:00,78.749,79.21,78.168,78.657,9087,62,0,USOILm,0.0
2023-02-16 20:00:00,78.661,78.683,77.979,78.039,2231,62,0,USOILm,0.0
2023-02-17 00:00:00,78.037,78.482,78.026,78.072,3197,62,0,USOILm,0.0
2023-02-17 04:00:00,78.07,78.091,77.28,77.605,3691,62,0,USOILm,0.0
2023-02-17 08:00:00,77.602,77.622,76.297,76.307,8336,62,0,USOILm,0.0
2023-02-17 12:00:00,76.308,76.498,75.312,76.242,12065,62,0,USOILm,0.0
2023-02-17 16:00:00,76.235,76.795,75.645,76.742,11370,62,0,USOILm,0.0
2023-02-17 20:00:00,76.738,76.828,76.438,76.511,1590,62,0,USOILm,0.0
2023-02-20 00:00:00,76.652,77.097,76.306,77.001,2990,62,0,USOILm,0.0
2023-02-20 04:00:00,77.004,77.335,76.811,77.294,2895,62,0,USOILm,0.0
2023-02-20 08:00:00,77.304,77.444,76.909,76.977,5667,58,0,USOILm,0.0
2023-02-20 12:00:00,76.971,77.719,76.889,76.938,6138,57,0,USOILm,0.0
2023-02-20 16:00:00,76.927,77.468,76.544,77.348,3397,58,0,USOILm,0.0
2023-02-20 20:00:00,77.259,77.302,77.236,77.262,219,123,0,USOILm,0.0
2023-02-21 00:00:00,77.296,77.37,76.6,76.641,3155,58,0,USOILm,0.0
2023-02-21 04:00:00,76.64,76.91,76.371,76.847,3253,62,0,USOILm,0.0
2023-02-21 08:00:00,76.851,77.62,76.13,77.228,8661,62,0,USOILm,0.0
2023-02-21 12:00:00,77.227,77.43,75.938,76.352,12065,62,0,USOILm,0.0
2023-02-21 16:00:00,76.355,77.041,75.907,76.311,10122,62,0,USOILm,0.0
2023-02-21 20:00:00,76.319,76.391,76.074,76.216,1543,62,0,USOILm,0.0
2023-02-22 00:00:00,76.215,76.547,75.941,76.298,3347,62,0,USOILm,0.0
2023-02-22 04:00:00,76.308,76.31,75.794,75.843,3138,62,0,USOILm,0.0
2023-02-22 08:00:00,75.853,75.873,74.97,75.597,8345,62,0,USOILm,0.0
2023-02-22 12:00:00,75.604,76.253,74.691,74.782,11263,62,0,USOILm,0.0
2023-02-22 16:00:00,74.773,74.87,73.828,73.854,9266,62,0,USOILm,0.0
2023-02-22 20:00:00,73.852,73.989,73.84,73.986,1506,62,0,USOILm,0.0
2023-02-23 00:00:00,73.985,74.407,73.888,74.347,2962,62,0,USOILm,0.0
2023-02-23 04:00:00,74.351,74.426,74.054,74.327,3169,62,0,USOILm,0.0
2023-02-23 08:00:00,74.318,74.891,74.004,74.793,6770,62,0,USOILm,0.0
2023-02-23 12:00:00,74.795,75.981,74.59,75.655,10245,62,0,USOILm,0.0
2023-02-23 16:00:00,75.638,75.995,74.844,75.444,10005,62,0,USOILm,0.0
2023-02-23 20:00:00,75.446,75.732,75.446,75.67,1666,62,0,USOILm,0.0
2023-02-24 00:00:00,75.66,76.126,75.621,76.049,3330,62,0,USOILm,0.0
2023-02-24 04:00:00,76.052,76.273,75.964,76.183,2965,62,0,USOILm,0.0
2023-02-24 08:00:00,76.173,76.516,75.599,75.762,6580,62,0,USOILm,0.0
2023-02-24 12:00:00,75.752,76.21,74.129,75.148,12614,62,0,USOILm,0.0
2023-02-24 16:00:00,75.161,76.556,74.967,76.474,10119,62,0,USOILm,0.0
2023-02-24 20:00:00,76.473,76.626,76.439,76.562,1360,62,0,USOILm,0.0
2023-02-27 00:00:00,76.658,76.698,76.035,76.098,3222,62,0,USOILm,0.0
2023-02-27 04:00:00,76.089,76.223,75.653,76.212,3486,62,0,USOILm,0.0
2023-02-27 08:00:00,76.224,76.819,75.884,76.002,6665,62,0,USOILm,0.0
2023-02-27 12:00:00,75.992,76.291,75.066,75.633,10457,62,0,USOILm,0.0
2023-02-27 16:00:00,75.641,76.276,75.018,75.582,9355,62,0,USOILm,0.0
2023-02-27 20:00:00,75.588,75.862,75.564,75.751,1583,62,0,USOILm,0.0
2023-02-28 00:00:00,75.752,75.949,75.572,75.92,2530,62,0,USOILm,0.0
2023-02-28 04:00:00,75.919,76.422,75.798,76.303,2928,62,0,USOILm,0.0
2023-02-28 08:00:00,76.291,76.985,76.136,76.899,6817,62,0,USOILm,0.0
2023-02-28 12:00:00,76.903,77.831,76.71,77.159,10065,62,0,USOILm,0.0
2023-02-28 16:00:00,77.149,77.597,76.857,76.876,7964,62,0,USOILm,0.0
2023-02-28 20:00:00,76.872,76.983,76.632,76.697,1726,62,0,USOILm,0.0
2023-03-01 00:00:00,76.695,77.547,76.585,77.505,3047,62,0,USOILm,0.0
2023-03-01 04:00:00,77.501,77.718,77.45,77.515,2964,62,0,USOILm,0.0
2023-03-01 08:00:00,77.514,77.763,76.177,76.359,7930,62,0,USOILm,0.0
2023-03-01 12:00:00,76.349,77.664,76.219,77.58,11052,62,0,USOILm,0.0
2023-03-01 16:00:00,77.57,77.783,76.42,77.738,9655,62,0,USOILm,0.0
2023-03-01 20:00:00,77.735,77.867,77.611,77.688,1421,62,0,USOILm,0.0
2023-03-02 00:00:00,77.682,77.849,77.511,77.711,3190,62,0,USOILm,0.0
2023-03-02 04:00:00,77.716,77.839,77.271,77.414,2994,62,0,USOILm,0.0
2023-03-02 08:00:00,77.427,78.371,77.392,78.167,6990,62,0,USOILm,0.0
2023-03-02 12:00:00,78.164,78.321,77.661,78.171,9147,62,0,USOILm,0.0
2023-03-02 16:00:00,78.177,78.622,77.579,78.081,8036,62,0,USOILm,0.0
2023-03-02 20:00:00,78.076,78.112,77.928,77.988,1226,62,0,USOILm,0.0
2023-03-03 00:00:00,77.994,78.143,77.767,77.924,2737,62,0,USOILm,0.0
2023-03-03 04:00:00,77.925,78.153,77.805,77.815,2619,62,0,USOILm,0.0
2023-03-03 08:00:00,77.818,78.352,77.72,77.866,6407,62,0,USOILm,0.0
2023-03-03 12:00:00,77.863,78.924,75.89,78.908,12511,62,0,USOILm,0.0
2023-03-03 16:00:00,78.915,79.89,78.786,79.877,7443,62,0,USOILm,0.0
2023-03-03 20:00:00,79.875,79.894,79.711,79.866,1032,62,0,USOILm,0.0
2023-03-06 00:00:00,79.421,79.476,79.031,79.108,3107,62,0,USOILm,0.0
2023-03-06 04:00:00,79.104,79.487,78.906,79.481,3120,62,0,USOILm,0.0
2023-03-06 08:00:00,79.485,79.592,78.368,78.528,7067,62,0,USOILm,0.0
2023-03-06 12:00:00,78.529,79.582,78.446,79.369,8579,62,0,USOILm,0.0
2023-03-06 16:00:00,79.374,80.65,79.329,80.564,7879,62,0,USOILm,0.0
2023-03-06 20:00:00,80.563,80.632,80.49,80.547,1450,62,0,USOILm,0.0
2023-03-07 00:00:00,80.544,80.958,80.477,80.721,2964,62,0,USOILm,0.0
2023-03-07 04:00:00,80.723,80.869,80.505,80.657,3021,62,0,USOILm,0.0
2023-03-07 08:00:00,80.656,80.807,79.894,79.954,6217,62,0,USOILm,0.0
2023-03-07 12:00:00,79.963,80.277,78.439,78.671,10047,62,0,USOILm,0.0
2023-03-07 16:00:00,78.681,78.95,77.127,77.13,11055,62,0,USOILm,0.0
2023-03-07 20:00:00,77.142,77.524,77.14,77.319,1875,62,0,USOILm,0.0
2023-03-08 00:00:00,77.32,77.803,77.222,77.72,3557,62,0,USOILm,0.0
2023-03-08 04:00:00,77.724,77.775,77.108,77.231,3655,62,0,USOILm,0.0
2023-03-08 08:00:00,77.22,77.703,76.905,77.441,7395,62,0,USOILm,0.0
2023-03-08 12:00:00,77.445,77.575,76.271,76.444,11570,62,0,USOILm,0.0
2023-03-08 16:00:00,76.433,77.11,76.191,76.545,9851,62,0,USOILm,0.0
2023-03-08 20:00:00,76.537,76.657,76.468,76.637,1352,62,0,USOILm,0.0
2023-03-09 00:00:00,76.638,76.828,76.544,76.716,2695,62,0,USOILm,0.0
2023-03-09 04:00:00,76.719,76.868,76.548,76.557,2532,62,0,USOILm,0.0
2023-03-09 08:00:00,76.563,77.004,76.254,76.794,5656,62,0,USOILm,0.0
2023-03-09 12:00:00,76.787,78.106,76.446,77.077,9741,62,0,USOILm,0.0
2023-03-09 16:00:00,77.067,77.582,75.626,75.661,9586,62,0,USOILm,0.0
2023-03-09 20:00:00,75.667,75.686,75.425,75.514,1785,62,0,USOILm,0.0
2023-03-10 00:00:00,75.517,75.854,75.184,75.243,3534,62,0,USOILm,0.0
2023-03-10 04:00:00,75.244,75.357,74.955,75.33,3774,62,0,USOILm,0.0
2023-03-10 08:00:00,75.328,75.493,74.861,75.147,7190,62,0,USOILm,0.0
2023-03-10 12:00:00,75.146,76.524,74.921,76.098,13883,62,0,USOILm,0.0
2023-03-10 16:00:00,76.099,77.146,75.938,76.582,10925,62,0,USOILm,0.0
2023-03-10 20:00:00,76.585,76.671,76.4,76.667,1725,62,0,USOILm,0.0
2023-03-13 00:00:00,77.143,77.289,76.432,76.959,5151,62,0,USOILm,0.0
2023-03-13 04:00:00,76.962,77.243,76.801,77.134,3881,62,0,USOILm,0.0
2023-03-13 08:00:00,77.125,77.221,74.496,74.502,11024,62,0,USOILm,0.0
2023-03-13 12:00:00,74.496,76.291,72.381,75.98,21682,62,0,USOILm,0.0
2023-03-13 16:00:00,75.982,76.101,74.329,74.426,12140,62,0,USOILm,0.0
2023-03-13 20:00:00,74.433,74.844,74.424,74.653,1315,62,0,USOILm,0.0
2023-03-14 00:00:00,74.639,74.978,73.83,74.066,4743,62,0,USOILm,0.0
2023-03-14 04:00:00,74.07,74.237,73.888,73.974,4693,62,0,USOILm,0.0
2023-03-14 08:00:00,73.968,74.319,72.8,73.613,9440,62,0,USOILm,0.0
2023-03-14 12:00:00,73.615,74.496,72.768,73.936,14960,62,0,USOILm,0.0
2023-03-14 16:00:00,73.926,73.985,70.902,71.637,11194,62,0,USOILm,0.0
2023-03-14 20:00:00,71.638,72.049,71.522,71.939,1234,62,0,USOILm,0.0
2023-03-15 00:00:00,71.927,72.498,71.797,72.485,3604,62,0,USOILm,0.0
2023-03-15 04:00:00,72.486,72.551,72.167,72.34,3864,62,0,USOILm,0.0
2023-03-15 08:00:00,72.33,72.657,69.921,70.652,11546,62,0,USOILm,0.0
2023-03-15 12:00:00,70.643,70.643,67.148,67.293,18363,62,0,USOILm,0.0
2023-03-15 16:00:00,67.284,68.77,65.786,68.246,16289,62,0,USOILm,0.0
2023-03-15 20:00:00,68.244,68.829,68.176,68.311,1730,62,0,USOILm,0.0
2023-03-16 00:00:00,68.318,68.868,67.66,68.084,6030,62,0,USOILm,0.0
2023-03-16 04:00:00,68.086,68.629,67.832,67.915,5638,62,0,USOILm,0.0
2023-03-16 08:00:00,67.912,68.717,67.277,67.87,11047,62,0,USOILm,0.0
2023-03-16 12:00:00,67.872,68.407,65.877,67.933,19180,62,0,USOILm,0.0
2023-03-16 16:00:00,67.923,69.494,67.464,68.21,10787,62,0,USOILm,0.0
2023-03-16 20:00:00,68.219,68.541,68.21,68.464,1016,62,0,USOILm,0.0
2023-03-17 00:00:00,68.449,69.41,68.218,69.261,4050,62,0,USOILm,0.0
2023-03-17 04:00:00,69.262,69.372,68.562,69.179,4876,62,0,USOILm,0.0
2023-03-17 08:00:00,69.169,69.8,68.62,69.064,10868,62,0,USOILm,0.0
2023-03-17 12:00:00,69.076,69.091,65.388,66.825,17958,62,0,USOILm,0.0
2023-03-17 16:00:00,66.815,67.552,66.32,66.416,12497,62,0,USOILm,0.0
2023-03-17 20:00:00,66.418,66.577,66.405,66.486,553,62,0,USOILm,0.0
2023-03-20 00:00:00,67.255,67.675,66.55,66.573,5008,62,0,USOILm,0.0
2023-03-20 04:00:00,66.577,66.588,64.746,64.95,6213,62,0,USOILm,0.0
2023-03-20 08:00:00,64.938,66.19,64.355,66.042,14328,62,0,USOILm,0.0
2023-03-20 12:00:00,66.047,67.045,65.699,66.439,16377,62,0,USOILm,0.0
2023-03-20 16:00:00,66.432,67.865,65.831,67.755,11928,62,0,USOILm,0.0
2023-03-20 20:00:00,67.759,67.799,67.616,67.635,855,62,0,USOILm,0.0
2023-03-21 00:00:00,67.634,68.053,66.928,67.147,4868,62,0,USOILm,0.0
2023-03-21 04:00:00,67.149,67.479,66.91,67.014,4408,62,0,USOILm,0.0
2023-03-21 08:00:00,67.004,68.808,66.921,68.748,9494,62,0,USOILm,0.0
2023-03-21 12:00:00,68.743,69.526,68.198,68.489,14007,62,0,USOILm,0.0
2023-03-21 16:00:00,68.479,69.746,68.397,69.577,8506,62,0,USOILm,0.0
2023-03-21 20:00:00,69.583,69.649,69.261,69.462,896,62,0,USOILm,0.0
2023-03-22 00:00:00,69.461,69.526,68.966,69.284,3654,62,0,USOILm,0.0
2023-03-22 04:00:00,69.282,69.36,68.889,69.058,3407,62,0,USOILm,0.0
2023-03-22 08:00:00,69.049,69.595,68.963,69.246,7549,62,0,USOILm,0.0
2023-03-22 12:00:00,69.259,70.488,69.221,69.984,11864,62,0,USOILm,0.0
2023-03-22 16:00:00,69.974,71.296,69.884,70.02,11764,62,0,USOILm,0.0
2023-03-22 20:00:00,70.029,70.098,69.881,70.07,1313,62,0,USOILm,0.0
2023-03-23 00:00:00,70.068,70.444,69.915,70.096,4643,62,0,USOILm,0.0
2023-03-23 04:00:00,70.097,70.543,70.082,70.364,3842,62,0,USOILm,0.0
2023-03-23 08:00:00,70.366,70.781,69.844,70.386,7567,62,0,USOILm,0.0
2023-03-23 12:00:00,70.388,71.662,70.304,70.979,11136,62,0,USOILm,0.0
2023-03-23 16:00:00,70.969,71.21,69.155,69.23,11489,62,0,USOILm,0.0
2023-03-23 20:00:00,69.24,69.56,69.203,69.555,1064,62,0,USOILm,0.0
2023-03-24 00:00:00,69.557,69.854,69.076,69.801,4449,62,0,USOILm,0.0
2023-03-24 04:00:00,69.799,70.395,69.73,69.874,3250,62,0,USOILm,0.0
2023-03-24 08:00:00,69.871,69.889,66.857,67.409,13056,62,0,USOILm,0.0
2023-03-24 12:00:00,67.399,69.519,67.109,69.401,16978,62,0,USOILm,0.0
2023-03-24 16:00:00,69.412,69.582,68.563,69.243,9460,62,0,USOILm,0.0
2023-03-24 20:00:00,69.233,69.296,69.186,69.272,369,62,0,USOILm,0.0
2023-03-27 00:00:00,69.685,69.829,69.144,69.329,4183,62,0,USOILm,0.0
2023-03-27 04:00:00,69.332,70.254,69.264,69.806,4981,62,0,USOILm,0.0
2023-03-27 08:00:00,69.795,70.239,69.41,70.19,7731,62,0,USOILm,0.0
2023-03-27 12:00:00,70.199,71.487,70.176,71.299,11785,62,0,USOILm,0.0
2023-03-27 16:00:00,71.295,73.095,71.085,72.962,9473,62,0,USOILm,0.0
2023-03-27 20:00:00,72.964,73.056,72.755,73.012,936,62,0,USOILm,0.0
2023-03-28 00:00:00,73.01,73.043,72.64,72.754,4161,62,0,USOILm,0.0
2023-03-28 04:00:00,72.762,73.246,72.665,72.971,4349,62,0,USOILm,0.0
2023-03-28 08:00:00,72.98,73.508,72.769,72.818,7073,62,0,USOILm,0.0
2023-03-28 12:00:00,72.813,73.8,72.226,73.797,11573,62,0,USOILm,0.0
2023-03-28 16:00:00,73.798,73.933,73.05,73.408,6754,62,0,USOILm,0.0
2023-03-28 20:00:00,73.413,73.818,73.336,73.763,931,62,0,USOILm,0.0
2023-03-29 00:00:00,73.764,73.968,73.526,73.559,2939,62,0,USOILm,0.0
2023-03-29 04:00:00,73.562,73.996,73.542,73.844,3896,62,0,USOILm,0.0
2023-03-29 08:00:00,73.845,74.207,73.526,74.001,5775,62,0,USOILm,0.0
2023-03-29 12:00:00,74.004,74.366,72.862,72.967,10217,62,0,USOILm,0.0
2023-03-29 16:00:00,72.958,73.495,72.799,72.996,8203,62,0,USOILm,0.0
2023-03-29 20:00:00,72.991,73.007,72.806,72.92,714,62,0,USOILm,0.0
2023-03-30 00:00:00,72.926,73.127,72.66,72.751,2963,62,0,USOILm,0.0
2023-03-30 04:00:00,72.753,73.384,72.746,73.371,3866,62,0,USOILm,0.0
2023-03-30 08:00:00,73.368,73.83,73.201,73.593,5753,62,0,USOILm,0.0
2023-03-30 12:00:00,73.59,74.334,73.015,74.168,10294,62,0,USOILm,0.0
2023-03-30 16:00:00,74.177,74.622,73.848,74.342,6252,62,0,USOILm,0.0
2023-03-30 20:00:00,74.336,74.445,74.319,74.392,763,62,0,USOILm,0.0
2023-03-31 00:00:00,74.382,74.688,74.258,74.354,2990,62,0,USOILm,0.0
2023-03-31 04:00:00,74.356,74.584,73.855,74.074,3898,62,0,USOILm,0.0
2023-03-31 08:00:00,74.071,75.012,73.804,74.934,6400,62,0,USOILm,0.0
2023-03-31 12:00:00,74.922,75.52,74.295,75.484,10629,62,0,USOILm,0.0
2023-03-31 16:00:00,75.477,75.744,75.269,75.607,6264,62,0,USOILm,0.0
2023-03-31 20:00:00,75.609,75.698,75.562,75.695,292,62,0,USOILm,0.0
2023-04-03 00:00:00,80.519,80.529,79.503,79.886,5892,62,0,USOILm,0.0
2023-04-03 04:00:00,79.876,79.88,78.996,79.794,5510,62,0,USOILm,0.0
2023-04-03 08:00:00,79.804,80.683,79.47,80.64,8211,62,0,USOILm,0.0
2023-04-03 12:00:00,80.646,80.932,79.665,80.282,12153,62,0,USOILm,0.0
2023-04-03 16:00:00,80.284,80.633,80.055,80.447,7236,62,0,USOILm,0.0
2023-04-03 20:00:00,80.437,80.608,80.279,80.431,715,62,0,USOILm,0.0
2023-04-04 00:00:00,80.44,80.867,80.377,80.802,2922,62,0,USOILm,0.0
2023-04-04 04:00:00,80.806,81.257,80.61,81.03,4214,62,0,USOILm,0.0
2023-04-04 08:00:00,81.04,81.282,80.567,81.148,6357,62,0,USOILm,0.0
2023-04-04 12:00:00,81.151,81.768,79.604,80.007,12250,62,0,USOILm,0.0
2023-04-04 16:00:00,80.004,80.863,79.9,80.469,8508,62,0,USOILm,0.0
2023-04-04 20:00:00,80.477,81.016,80.45,80.903,953,62,0,USOILm,0.0
2023-04-05 00:00:00,80.899,81.165,80.864,81.051,1959,62,0,USOILm,0.0
2023-04-05 04:00:00,81.052,81.213,80.759,80.964,3344,62,0,USOILm,0.0
2023-04-05 08:00:00,80.973,81.168,80.267,80.638,6631,62,0,USOILm,0.0
2023-04-05 12:00:00,80.628,80.815,79.718,80.489,11146,62,0,USOILm,0.0
2023-04-05 16:00:00,80.491,80.744,80.275,80.384,6104,62,0,USOILm,0.0
2023-04-05 20:00:00,80.385,80.514,80.3,80.513,496,62,0,USOILm,0.0
2023-04-06 00:00:00,80.511,80.525,79.675,79.73,3974,62,0,USOILm,0.0
2023-04-06 04:00:00,79.731,80.41,79.665,80.261,4528,62,0,USOILm,0.0
2023-04-06 08:00:00,80.257,80.89,79.654,80.869,6040,62,0,USOILm,0.0
2023-04-06 12:00:00,80.875,80.934,79.835,80.615,10992,62,0,USOILm,0.0
2023-04-06 16:00:00,80.625,80.69,80.088,80.472,5801,62,0,USOILm,0.0
2023-04-06 20:00:00,80.469,80.483,80.369,80.445,291,62,0,USOILm,0.0
2023-04-10 00:00:00,80.771,81.006,80.482,80.566,2798,62,0,USOILm,0.0
2023-04-10 04:00:00,80.567,80.792,80.378,80.622,2537,62,0,USOILm,0.0
2023-04-10 08:00:00,80.623,80.958,80.482,80.877,3332,62,0,USOILm,0.0
2023-04-10 12:00:00,80.876,81.048,79.673,79.934,10021,62,0,USOILm,0.0
2023-04-10 16:00:00,79.932,80.202,79.61,79.805,5757,62,0,USOILm,0.0
2023-04-10 20:00:00,79.803,79.892,79.788,79.836,476,62,0,USOILm,0.0
2023-04-11 00:00:00,79.824,80.359,79.734,80.279,2600,62,0,USOILm,0.0
2023-04-11 04:00:00,80.281,80.587,80.205,80.383,3281,62,0,USOILm,0.0
2023-04-11 08:00:00,80.387,80.505,79.362,79.394,6088,62,0,USOILm,0.0
2023-04-11 12:00:00,79.405,81.389,79.389,81.284,9617,62,0,USOILm,0.0
2023-04-11 16:00:00,81.295,81.517,81.137,81.361,4846,62,0,USOILm,0.0
2023-04-11 20:00:00,81.365,81.427,81.245,81.398,602,62,0,USOILm,0.0
2023-04-12 00:00:00,81.402,81.576,81.356,81.434,2452,62,0,USOILm,0.0
2023-04-12 04:00:00,81.433,81.746,81.413,81.549,2793,62,0,USOILm,0.0
2023-04-12 08:00:00,81.546,81.717,81.203,81.346,4602,62,0,USOILm,0.0
2023-04-12 12:00:00,81.349,83.005,81.304,82.961,11295,62,0,USOILm,0.0
2023-04-12 16:00:00,82.96,83.368,82.846,83.038,6034,62,0,USOILm,0.0
2023-04-12 20:00:00,83.043,83.124,82.87,82.916,588,62,0,USOILm,0.0
2023-04-13 00:00:00,82.914,83.161,82.847,82.903,2303,62,0,USOILm,0.0
2023-04-13 04:00:00,82.914,83.139,82.727,83.071,3055,62,0,USOILm,0.0
2023-04-13 08:00:00,83.082,83.242,82.593,82.891,5694,62,0,USOILm,0.0
2023-04-13 12:00:00,82.882,83.229,82.263,82.403,9253,62,0,USOILm,0.0
2023-04-13 16:00:00,82.397,82.514,81.974,82.178,5789,62,0,USOILm,0.0
2023-04-13 20:00:00,82.177,82.286,82.108,82.127,495,62,0,USOILm,0.0
2023-04-14 00:00:00,82.125,82.5,82.02,82.436,2895,62,0,USOILm,0.0
2023-04-14 04:00:00,82.433,82.483,81.755,81.786,3337,62,0,USOILm,0.0
2023-04-14 08:00:00,81.785,82.442,81.635,82.181,5176,62,0,USOILm,0.0
2023-04-14 12:00:00,82.193,82.96,81.624,82.513,10963,62,0,USOILm,0.0
2023-04-14 16:00:00,82.523,82.78,82.066,82.516,6905,62,0,USOILm,0.0
2023-04-14 20:00:00,82.524,82.588,82.494,82.588,260,62,0,USOILm,0.0
2023-04-17 00:00:00,82.421,82.564,82.201,82.44,2501,62,0,USOILm,0.0
2023-04-17 04:00:00,82.445,82.542,82.218,82.345,3155,62,0,USOILm,0.0
2023-04-17 08:00:00,82.356,82.413,81.752,81.902,5434,62,0,USOILm,0.0
2023-04-17 12:00:00,81.913,82.116,80.609,80.946,10084,62,0,USOILm,0.0
2023-04-17 16:00:00,80.943,81.052,80.435,80.905,6479,62,0,USOILm,0.0
2023-04-17 20:00:00,80.908,81.0,80.787,80.795,669,62,0,USOILm,0.0
2023-04-18 00:00:00,80.811,81.18,80.671,80.992,3041,62,0,USOILm,0.0
2023-04-18 04:00:00,80.997,81.231,80.844,80.881,3270,62,0,USOILm,0.0
2023-04-18 08:00:00,80.892,80.908,80.344,80.473,6059,62,0,USOILm,0.0
2023-04-18 12:00:00,80.472,81.44,79.881,81.319,10329,62,0,USOILm,0.0
2023-04-18 16:00:00,81.33,81.475,80.717,80.762,5888,62,0,USOILm,0.0
2023-04-18 20:00:00,80.76,80.953,80.745,80.913,551,62,0,USOILm,0.0
2023-04-19 00:00:00,80.894,81.177,80.7,80.747,2451,62,0,USOILm,0.0
2023-04-19 04:00:00,80.757,80.778,80.008,80.045,3771,62,0,USOILm,0.0
2023-04-19 08:00:00,80.047,80.069,78.957,79.242,7717,62,0,USOILm,0.0
2023-04-19 12:00:00,79.249,79.827,78.497,79.241,10854,62,0,USOILm,0.0
2023-04-19 16:00:00,79.242,79.825,78.822,79.107,6216,62,0,USOILm,0.0
2023-04-19 20:00:00,79.099,79.107,78.757,78.816,764,62,0,USOILm,0.0
2023-04-20 00:00:00,78.817,78.942,78.301,78.337,2509,62,0,USOILm,0.0
2023-04-20 04:00:00,78.344,78.533,77.751,77.834,3743,62,0,USOILm,0.0
2023-04-20 08:00:00,77.844,78.12,77.444,77.952,6029,62,0,USOILm,0.0
2023-04-20 12:00:00,77.955,78.041,76.921,77.194,9889,62,0,USOILm,0.0
2023-04-20 16:00:00,77.199,77.924,76.907,77.141,6752,62,0,USOILm,0.0
2023-04-20 20:00:00,77.148,77.166,76.989,77.048,516,62,0,USOILm,0.0
2023-04-21 00:00:00,77.04,77.286,77.007,77.261,2194,62,0,USOILm,0.0
2023-04-21 04:00:00,77.262,77.39,76.658,77.209,4061,62,0,USOILm,0.0
2023-04-21 08:00:00,77.218,77.617,77.074,77.498,5748,62,0,USOILm,0.0
2023-04-21 12:00:00,77.489,78.305,77.243,77.847,9596,62,0,USOILm,0.0
2023-04-21 16:00:00,77.859,78.024,77.454,77.705,5546,62,0,USOILm,0.0
2023-04-21 20:00:00,77.709,77.814,77.687,77.805,237,62,0,USOILm,0.0
2023-04-24 00:00:00,77.66,77.665,76.98,77.09,2844,62,0,USOILm,0.0
2023-04-24 04:00:00,77.089,77.231,76.662,77.231,3354,62,0,USOILm,0.0
2023-04-24 08:00:00,77.242,77.907,77.196,77.639,4540,62,0,USOILm,0.0
2023-04-24 12:00:00,77.635,78.827,76.892,78.685,9609,62,0,USOILm,0.0
2023-04-24 16:00:00,78.681,79.097,78.583,78.7,5714,62,0,USOILm,0.0
2023-04-24 20:00:00,78.699,78.707,78.504,78.558,467,62,0,USOILm,0.0
2023-04-25 00:00:00,78.55,78.975,78.549,78.735,2404,62,0,USOILm,0.0
2023-04-25 04:00:00,78.731,78.979,78.425,78.875,3577,62,0,USOILm,0.0
2023-04-25 08:00:00,78.885,78.982,77.891,77.901,6002,62,0,USOILm,0.0
2023-04-25 12:00:00,77.905,78.321,76.445,77.019,11256,62,0,USOILm,0.0
2023-04-25 16:00:00,77.028,77.549,76.655,76.963,6617,62,0,USOILm,0.0
2023-04-25 20:00:00,76.964,77.23,76.963,77.199,970,62,0,USOILm,0.0
2023-04-26 00:00:00,77.196,77.427,76.909,77.356,3002,62,0,USOILm,0.0
2023-04-26 04:00:00,77.358,77.735,77.005,77.14,3949,62,0,USOILm,0.0
2023-04-26 08:00:00,77.152,77.825,76.474,76.753,7167,62,0,USOILm,0.0
2023-04-26 12:00:00,76.749,77.112,75.565,76.934,11932,62,0,USOILm,0.0
2023-04-26 16:00:00,76.937,77.072,73.991,74.195,9286,62,0,USOILm,0.0
2023-04-26 20:00:00,74.191,74.353,74.185,74.342,914,62,0,USOILm,0.0
2023-04-27 00:00:00,74.344,74.51,74.265,74.404,3134,62,0,USOILm,0.0
2023-04-27 04:00:00,74.4,74.667,74.259,74.639,4041,62,0,USOILm,0.0
2023-04-27 08:00:00,74.642,74.761,74.169,74.491,6425,62,0,USOILm,0.0
2023-04-27 12:00:00,74.489,75.181,73.951,74.599,11106,62,0,USOILm,0.0
2023-04-27 16:00:00,74.604,75.071,74.233,74.73,6733,62,0,USOILm,0.0
2023-04-27 20:00:00,74.72,74.806,74.652,74.699,624,62,0,USOILm,0.0
2023-04-28 00:00:00,74.71,74.997,74.553,74.989,2530,62,0,USOILm,0.0
2023-04-28 04:00:00,74.988,75.398,74.655,74.782,4899,62,0,USOILm,0.0
2023-04-28 08:00:00,74.789,75.237,73.845,75.093,7698,62,0,USOILm,0.0
2023-04-28 12:00:00,75.095,76.495,74.419,76.411,10975,62,0,USOILm,0.0
2023-04-28 16:00:00,76.4,76.815,76.143,76.633,6149,62,0,USOILm,0.0
2023-04-28 20:00:00,76.634,76.691,76.564,76.566,275,62,0,USOILm,0.0
2023-05-01 00:00:00,75.991,76.174,75.973,76.041,1800,62,0,USOILm,0.0
2023-05-01 04:00:00,76.039,76.089,75.627,75.657,2495,62,0,USOILm,0.0
2023-05-01 08:00:00,75.66,75.835,74.852,74.999,4637,62,0,USOILm,0.0
2023-05-01 12:00:00,74.995,75.964,74.548,75.34,10743,62,0,USOILm,0.0
2023-05-01 16:00:00,75.338,75.782,74.443,75.582,7129,62,0,USOILm,0.0
2023-05-01 20:00:00,75.585,75.622,75.486,75.487,470,62,0,USOILm,0.0
2023-05-02 00:00:00,75.485,75.725,75.483,75.673,1431,62,0,USOILm,0.0
2023-05-02 04:00:00,75.668,75.998,75.169,75.169,3515,62,0,USOILm,0.0
2023-05-02 08:00:00,75.158,75.572,74.974,75.371,6301,62,0,USOILm,0.0
2023-05-02 12:00:00,75.368,75.52,71.876,72.133,12819,62,0,USOILm,0.0
2023-05-02 16:00:00,72.136,72.258,71.344,71.473,8653,62,0,USOILm,0.0
2023-05-02 20:00:00,71.475,71.563,71.413,71.507,774,62,0,USOILm,0.0
2023-05-03 00:00:00,71.508,71.591,71.409,71.549,1911,62,0,USOILm,0.0
2023-05-03 04:00:00,71.546,71.692,70.821,70.908,3792,62,0,USOILm,0.0
2023-05-03 08:00:00,70.902,70.906,69.156,69.58,9687,62,0,USOILm,0.0
2023-05-03 12:00:00,69.569,69.725,67.899,68.367,13156,62,0,USOILm,0.0
2023-05-03 16:00:00,68.37,69.008,68.091,68.091,10750,62,0,USOILm,0.0
2023-05-03 20:00:00,68.09,68.254,66.135,67.21,3109,62,0,USOILm,0.0
2023-05-04 00:00:00,67.215,69.274,67.215,68.866,5765,62,0,USOILm,0.0
2023-05-04 04:00:00,68.868,69.411,68.768,69.245,5908,62,0,USOILm,0.0
2023-05-04 08:00:00,69.255,69.385,68.285,68.581,7969,62,0,USOILm,0.0
2023-05-04 12:00:00,68.583,68.917,67.447,68.559,14883,62,0,USOILm,0.0
2023-05-04 16:00:00,68.547,69.741,68.298,68.517,9320,62,0,USOILm,0.0
2023-05-04 20:00:00,68.526,68.74,68.456,68.69,646,62,0,USOILm,0.0
2023-05-05 00:00:00,68.692,69.035,68.437,69.035,2951,62,0,USOILm,0.0
2023-05-05 04:00:00,69.037,69.765,69.008,69.641,3998,62,0,USOILm,0.0
2023-05-05 08:00:00,69.63,70.646,69.174,70.369,6738,62,0,USOILm,0.0
2023-05-05 12:00:00,70.373,71.664,69.971,70.986,12085,62,0,USOILm,0.0
2023-05-05 16:00:00,70.976,71.719,70.92,71.297,6873,62,0,USOILm,0.0
2023-05-05 20:00:00,71.289,71.341,71.173,71.221,339,62,0,USOILm,0.0
2023-05-08 00:00:00,71.321,71.519,70.954,71.35,3211,62,0,USOILm,0.0
2023-05-08 04:00:00,71.352,72.293,71.34,72.222,3495,62,0,USOILm,0.0
2023-05-08 08:00:00,72.225,73.286,72.192,73.221,5072,62,0,USOILm,0.0
2023-05-08 12:00:00,73.219,73.562,72.51,73.053,9952,62,0,USOILm,0.0
2023-05-08 16:00:00,73.054,73.307,72.698,72.732,5856,62,0,USOILm,0.0
2023-05-08 20:00:00,72.734,72.909,72.666,72.874,562,62,0,USOILm,0.0
2023-05-09 00:00:00,72.887,72.976,72.525,72.852,2578,62,0,USOILm,0.0
2023-05-09 04:00:00,72.847,72.853,72.067,72.091,3758,62,0,USOILm,0.0
2023-05-09 08:00:00,72.101,72.713,72.03,72.3,6011,62,0,USOILm,0.0
2023-05-09 12:00:00,72.302,72.796,71.264,71.856,10823,62,0,USOILm,0.0
2023-05-09 16:00:00,71.86,73.676,71.804,73.375,7947,62,0,USOILm,0.0
2023-05-09 20:00:00,73.382,73.519,73.345,73.508,543,62,0,USOILm,0.0
2023-05-10 00:00:00,73.505,73.541,73.022,73.08,2486,62,0,USOILm,0.0
2023-05-10 04:00:00,73.072,73.336,72.718,72.768,3442,62,0,USOILm,0.0
2023-05-10 08:00:00,72.77,73.018,72.366,72.957,5793,62,0,USOILm,0.0
2023-05-10 12:00:00,72.953,73.785,71.975,72.746,13251,62,0,USOILm,0.0
2023-05-10 16:00:00,72.741,73.123,71.766,72.702,8009,62,0,USOILm,0.0
2023-05-10 20:00:00,72.706,72.868,72.704,72.809,433,62,0,USOILm,0.0
2023-05-11 00:00:00,72.797,73.139,72.673,73.031,2436,62,0,USOILm,0.0
2023-05-11 04:00:00,73.032,73.324,72.632,73.012,4083,62,0,USOILm,0.0
2023-05-11 08:00:00,73.021,73.436,72.195,72.231,7037,62,0,USOILm,0.0
2023-05-11 12:00:00,72.24,72.563,70.617,71.333,15078,62,0,USOILm,0.0
2023-05-11 16:00:00,71.327,71.676,70.704,71.411,8128,62,0,USOILm,0.0
2023-05-11 20:00:00,71.418,71.496,71.272,71.311,616,62,0,USOILm,0.0
2023-05-12 00:00:00,71.301,71.349,70.298,70.509,3813,62,0,USOILm,0.0
2023-05-12 04:00:00,70.504,70.795,70.211,70.373,5021,62,0,USOILm,0.0
2023-05-12 08:00:00,70.363,71.288,70.149,71.244,7600,62,0,USOILm,0.0
2023-05-12 12:00:00,71.242,71.71,69.997,70.119,12855,62,0,USOILm,0.0
2023-05-12 16:00:00,70.13,70.547,69.909,70.049,7459,62,0,USOILm,0.0
2023-05-12 20:00:00,70.051,70.111,70.015,70.023,220,62,0,USOILm,0.0
2023-05-15 00:00:00,69.999,70.164,69.38,69.382,3302,62,0,USOILm,0.0
2023-05-15 04:00:00,69.384,70.148,69.362,70.112,4526,62,0,USOILm,0.0
2023-05-15 08:00:00,70.102,70.504,70.02,70.504,5201,62,0,USOILm,0.0
2023-05-15 12:00:00,70.503,71.362,70.227,71.308,10655,62,0,USOILm,0.0
2023-05-15 16:00:00,71.298,71.635,70.919,71.065,5984,62,0,USOILm,0.0
2023-05-15 20:00:00,71.063,71.415,71.043,71.332,657,62,0,USOILm,0.0
2023-05-16 00:00:00,71.324,71.725,71.225,71.406,2637,62,0,USOILm,0.0
2023-05-16 04:00:00,71.408,71.411,70.83,71.188,3914,62,0,USOILm,0.0
2023-05-16 08:00:00,71.193,71.596,70.501,70.998,6495,62,0,USOILm,0.0
2023-05-16 12:00:00,70.997,71.715,70.424,70.752,11137,62,0,USOILm,0.0
2023-05-16 16:00:00,70.741,70.977,70.517,70.521,5677,62,0,USOILm,0.0
2023-05-16 20:00:00,70.517,70.64,70.423,70.6,656,62,0,USOILm,0.0
2023-05-17 00:00:00,70.589,71.017,70.358,70.878,2702,62,0,USOILm,0.0
2023-05-17 04:00:00,70.877,70.909,70.026,70.204,4304,62,0,USOILm,0.0
2023-05-17 08:00:00,70.205,71.321,70.123,71.077,6394,62,0,USOILm,0.0
2023-05-17 12:00:00,71.069,72.587,70.761,72.398,10831,62,0,USOILm,0.0
2023-05-17 16:00:00,72.409,73.267,72.409,72.803,5509,62,0,USOILm,0.0
2023-05-17 20:00:00,72.8,72.847,72.684,72.688,502,62,0,USOILm,0.0
2023-05-18 00:00:00,72.686,72.818,72.513,72.719,2726,62,0,USOILm,0.0
2023-05-18 04:00:00,72.723,72.814,72.404,72.729,4072,62,0,USOILm,0.0
2023-05-18 08:00:00,72.726,72.924,72.256,72.751,5183,62,0,USOILm,0.0
2023-05-18 12:00:00,72.752,72.788,71.692,71.769,10700,62,0,USOILm,0.0
2023-05-18 16:00:00,71.762,72.079,71.506,72.024,6972,62,0,USOILm,0.0
2023-05-18 20:00:00,72.027,72.173,71.956,72.067,689,62,0,USOILm,0.0
2023-05-19 00:00:00,72.065,72.556,71.781,72.454,4049,62,0,USOILm,0.0
2023-05-19 04:00:00,72.452,72.764,72.345,72.56,4077,62,0,USOILm,0.0
2023-05-19 08:00:00,72.567,72.957,72.152,72.934,6040,62,0,USOILm,0.0
2023-05-19 12:00:00,72.939,73.51,71.251,71.668,11898,62,0,USOILm,0.0
2023-05-19 16:00:00,71.658,71.98,71.152,71.943,7405,62,0,USOILm,0.0
2023-05-19 20:00:00,71.935,71.951,71.821,71.842,260,62,0,USOILm,0.0
2023-05-22 00:00:00,71.783,71.857,70.874,70.936,4455,62,0,USOILm,0.0
2023-05-22 04:00:00,70.933,71.414,70.632,71.316,4952,62,0,USOILm,0.0
2023-05-22 08:00:00,71.326,71.887,71.169,71.884,6053,62,0,USOILm,0.0
2023-05-22 12:00:00,71.873,72.229,71.305,71.953,12153,62,0,USOILm,0.0
2023-05-22 16:00:00,71.948,72.478,71.741,71.99,6190,62,0,USOILm,0.0
2023-05-22 20:00:00,71.988,72.344,71.96,72.279,669,62,0,USOILm,0.0
2023-05-23 00:00:00,72.266,72.564,72.135,72.29,3046,62,0,USOILm,0.0
2023-05-23 04:00:00,72.291,72.39,71.667,71.746,4414,62,0,USOILm,0.0
2023-05-23 08:00:00,71.749,72.809,71.674,72.788,6325,62,0,USOILm,0.0
2023-05-23 12:00:00,72.786,73.695,72.616,73.331,10689,62,0,USOILm,0.0
2023-05-23 16:00:00,73.321,73.498,72.654,73.044,6190,62,0,USOILm,0.0
2023-05-23 20:00:00,73.048,73.915,73.024,73.794,1056,62,0,USOILm,0.0
2023-05-24 00:00:00,73.804,73.887,73.586,73.628,3579,62,0,USOILm,0.0
2023-05-24 04:00:00,73.63,73.819,73.483,73.637,4463,62,0,USOILm,0.0
2023-05-24 08:00:00,73.647,74.405,73.633,73.981,5831,62,0,USOILm,0.0
2023-05-24 12:00:00,73.991,74.667,73.749,74.342,9657,62,0,USOILm,0.0
2023-05-24 16:00:00,74.339,74.578,73.094,73.885,8664,62,0,USOILm,0.0
2023-05-24 20:00:00,73.874,74.208,73.796,74.185,1095,62,0,USOILm,0.0
2023-05-25 00:00:00,74.178,74.329,73.949,74.166,3642,62,0,USOILm,0.0
2023-05-25 04:00:00,74.171,74.217,73.695,73.786,4330,62,0,USOILm,0.0
2023-05-25 08:00:00,73.798,73.918,72.794,72.987,5906,62,0,USOILm,0.0
2023-05-25 12:00:00,72.983,73.459,70.997,71.294,12367,62,0,USOILm,0.0
2023-05-25 16:00:00,71.289,72.012,71.168,71.968,6840,62,0,USOILm,0.0
2023-05-25 20:00:00,71.972,71.989,71.77,71.843,713,62,0,USOILm,0.0
2023-05-26 00:00:00,71.841,71.963,71.494,71.757,3440,62,0,USOILm,0.0
2023-05-26 04:00:00,71.764,72.216,71.685,71.77,4292,62,0,USOILm,0.0
2023-05-26 08:00:00,71.76,72.636,71.682,72.486,6056,62,0,USOILm,0.0
2023-05-26 12:00:00,72.483,73.038,72.228,72.515,10323,62,0,USOILm,0.0
2023-05-26 16:00:00,72.518,72.899,72.34,72.757,5746,62,0,USOILm,0.0
2023-05-26 20:00:00,72.76,72.824,72.751,72.789,185,62,0,USOILm,0.0
2023-05-29 00:00:00,73.209,73.545,73.08,73.272,3231,62,0,USOILm,0.0
2023-05-29 04:00:00,73.269,73.341,73.017,73.192,2770,62,0,USOILm,0.0
2023-05-29 08:00:00,73.189,73.249,72.431,72.435,3800,62,0,USOILm,0.0
2023-05-29 12:00:00,72.425,72.576,72.034,72.522,4873,62,0,USOILm,0.0
2023-05-29 16:00:00,72.532,72.97,72.527,72.934,878,62,0,USOILm,0.0
2023-05-29 20:00:00,72.974,73.045,72.853,72.858,335,62,0,USOILm,0.0
2023-05-30 00:00:00,72.86,73.356,72.344,72.421,3784,62,0,USOILm,0.0
2023-05-30 04:00:00,72.412,72.585,72.116,72.256,4384,62,0,USOILm,0.0
2023-05-30 08:00:00,72.259,72.303,71.032,71.942,7347,62,0,USOILm,0.0
2023-05-30 12:00:00,71.944,72.015,69.479,69.581,12507,62,0,USOILm,0.0
2023-05-30 16:00:00,69.585,69.89,69.053,69.784,7267,62,0,USOILm,0.0
2023-05-30 20:00:00,69.793,69.815,69.53,69.57,734,62,0,USOILm,0.0
2023-05-31 00:00:00,69.559,69.689,69.188,69.276,3655,62,0,USOILm,0.0
2023-05-31 04:00:00,69.27,69.638,68.884,69.082,4610,62,0,USOILm,0.0
2023-05-31 08:00:00,69.075,69.706,67.37,67.613,8689,62,0,USOILm,0.0
2023-05-31 12:00:00,67.625,69.515,67.095,68.978,12664,62,0,USOILm,0.0
2023-05-31 16:00:00,68.984,69.326,67.84,67.845,7032,62,0,USOILm,0.0
2023-05-31 20:00:00,67.844,68.126,67.564,67.775,1026,62,0,USOILm,0.0
2023-06-01 00:00:00,67.756,68.679,67.683,68.618,4622,62,0,USOILm,0.0
2023-06-01 04:00:00,68.617,68.887,68.239,68.276,5387,62,0,USOILm,0.0
2023-06-01 08:00:00,68.266,68.53,67.594,67.965,6091,62,0,USOILm,0.0
2023-06-01 12:00:00,67.96,70.755,67.694,70.704,12160,62,0,USOILm,0.0
2023-06-01 16:00:00,70.709,71.067,70.013,70.065,5969,62,0,USOILm,0.0
2023-06-01 20:00:00,70.069,70.21,70.04,70.112,617,62,0,USOILm,0.0
2023-06-02 00:00:00,70.113,70.648,70.032,70.578,3135,62,0,USOILm,0.0
2023-06-02 04:00:00,70.58,71.012,70.41,70.86,4046,62,0,USOILm,0.0
2023-06-02 08:00:00,70.87,71.571,70.352,71.238,6373,62,0,USOILm,0.0
2023-06-02 12:00:00,71.23,72.18,71.137,71.683,10754,62,0,USOILm,0.0
2023-06-02 16:00:00,71.689,72.143,71.342,71.985,6360,62,0,USOILm,0.0
2023-06-02 20:00:00,71.993,72.05,71.926,72.01,402,62,0,USOILm,0.0
2023-06-05 00:00:00,73.399,73.399,72.293,72.698,5249,62,0,USOILm,0.0
2023-06-05 04:00:00,72.702,73.36,72.538,73.209,4930,62,0,USOILm,0.0
2023-06-05 08:00:00,73.22,73.817,72.891,73.392,6376,62,0,USOILm,0.0
2023-06-05 12:00:00,73.394,73.86,72.063,72.748,11469,62,0,USOILm,0.0
2023-06-05 16:00:00,72.739,73.085,71.865,71.921,6116,62,0,USOILm,0.0
2023-06-05 20:00:00,71.919,72.002,71.782,72.0,641,62,0,USOILm,0.0
2023-06-06 00:00:00,72.002,72.076,71.603,71.951,3399,62,0,USOILm,0.0
2023-06-06 04:00:00,71.95,72.047,70.686,70.974,4984,62,0,USOILm,0.0
2023-06-06 08:00:00,70.978,71.179,70.212,70.529,7057,62,0,USOILm,0.0
2023-06-06 12:00:00,70.523,72.356,70.52,71.776,10762,62,0,USOILm,0.0
2023-06-06 16:00:00,71.77,72.033,71.489,71.605,5246,62,0,USOILm,0.0
2023-06-06 20:00:00,71.607,71.819,71.461,71.794,795,62,0,USOILm,0.0
2023-06-07 00:00:00,71.798,71.99,71.382,71.502,3159,62,0,USOILm,0.0
2023-06-07 04:00:00,71.5,71.542,71.082,71.151,3928,62,0,USOILm,0.0
2023-06-07 08:00:00,71.162,72.759,71.131,72.475,5933,62,0,USOILm,0.0
2023-06-07 12:00:00,72.477,73.231,72.074,73.205,10300,62,0,USOILm,0.0
2023-06-07 16:00:00,73.195,73.198,72.46,72.645,5762,62,0,USOILm,0.0
2023-06-07 20:00:00,72.652,72.658,72.471,72.476,568,62,0,USOILm,0.0
2023-06-08 00:00:00,72.475,72.656,72.28,72.408,2931,62,0,USOILm,0.0
2023-06-08 04:00:00,72.407,72.914,72.357,72.614,3614,62,0,USOILm,0.0
2023-06-08 08:00:00,72.616,73.305,72.131,73.186,6122,62,0,USOILm,0.0
2023-06-08 12:00:00,73.189,73.304,69.225,69.445,12313,62,0,USOILm,0.0
2023-06-08 16:00:00,69.435,71.721,69.142,71.098,10364,62,0,USOILm,0.0
2023-06-08 20:00:00,71.1,71.139,70.937,70.953,685,62,0,USOILm,0.0
2023-06-09 00:00:00,70.948,71.274,70.819,70.982,3004,62,0,USOILm,0.0
2023-06-09 04:00:00,70.976,71.44,70.744,71.416,4018,62,0,USOILm,0.0
2023-06-09 08:00:00,71.41,71.761,71.073,71.666,6302,62,0,USOILm,0.0
2023-06-09 12:00:00,71.656,71.868,70.893,71.317,11054,62,0,USOILm,0.0
2023-06-09 16:00:00,71.315,71.47,70.213,70.402,7768,62,0,USOILm,0.0
2023-06-09 20:00:00,70.404,70.489,70.399,70.457,267,62,0,USOILm,0.0
2023-06-12 00:00:00,70.09,70.09,69.4,69.498,4058,62,0,USOILm,0.0
2023-06-12 04:00:00,69.497,69.682,68.711,68.832,5520,62,0,USOILm,0.0
2023-06-12 08:00:00,68.823,68.988,67.809,68.703,9099,62,0,USOILm,0.0
2023-06-12 12:00:00,68.705,68.801,66.952,68.013,13449,62,0,USOILm,0.0
2023-06-12 16:00:00,68.007,68.077,66.923,67.173,8199,62,0,USOILm,0.0
2023-06-12 20:00:00,67.174,67.557,67.166,67.532,1119,62,0,USOILm,0.0
2023-06-13 00:00:00,67.532,67.662,67.284,67.604,5081,62,0,USOILm,0.0
2023-06-13 04:00:00,67.611,67.896,67.418,67.643,5766,62,0,USOILm,0.0
2023-06-13 08:00:00,67.651,68.641,67.492,68.44,7906,62,0,USOILm,0.0
2023-06-13 12:00:00,68.437,69.922,68.388,69.299,12239,62,0,USOILm,0.0
2023-06-13 16:00:00,69.29,69.899,69.19,69.264,7233,62,0,USOILm,0.0
2023-06-13 20:00:00,69.265,69.502,69.249,69.319,885,62,0,USOILm,0.0
2023-06-14 00:00:00,69.318,69.628,69.199,69.618,3515,62,0,USOILm,0.0
2023-06-14 04:00:00,69.618,70.19,69.531,70.143,4577,62,0,USOILm,0.0
2023-06-14 08:00:00,70.141,70.608,69.86,70.018,7014,62,0,USOILm,0.0
2023-06-14 12:00:00,70.016,70.564,68.765,68.849,12415,62,0,USOILm,0.0
2023-06-14 16:00:00,68.849,69.607,68.239,68.907,10212,62,0,USOILm,0.0
2023-06-14 20:00:00,68.907,68.937,68.609,68.673,1025,62,0,USOILm,0.0
2023-06-15 00:00:00,68.674,68.711,68.182,68.217,4509,62,0,USOILm,0.0
2023-06-15 04:00:00,68.216,68.913,68.127,68.749,6399,62,0,USOILm,0.0
2023-06-15 08:00:00,68.758,69.385,68.369,69.108,8379,62,0,USOILm,0.0
2023-06-15 12:00:00,69.112,70.602,68.863,70.457,11592,62,0,USOILm,0.0
2023-06-15 16:00:00,70.446,71.122,70.282,70.715,7285,62,0,USOILm,0.0
2023-06-15 20:00:00,70.712,70.902,70.68,70.769,904,62,0,USOILm,0.0
2023-06-16 00:00:00,70.775,70.806,70.559,70.627,4321,62,0,USOILm,0.0
2023-06-16 04:00:00,70.628,71.028,70.528,70.579,5389,62,0,USOILm,0.0
2023-06-16 08:00:00,70.589,70.904,70.16,70.867,8076,62,0,USOILm,0.0
2023-06-16 12:00:00,70.863,71.46,70.529,71.219,11874,62,0,USOILm,0.0
2023-06-16 16:00:00,71.22,71.992,70.943,71.802,7319,62,0,USOILm,0.0
2023-06-16 20:00:00,71.806,71.882,71.758,71.758,373,62,0,USOILm,0.0
2023-06-19 00:00:00,71.44,71.44,70.791,70.918,4435,62,0,USOILm,0.0
2023-06-19 04:00:00,70.919,71.629,70.836,71.478,4507,62,0,USOILm,0.0
2023-06-19 08:00:00,71.49,71.855,71.372,71.832,5930,62,0,USOILm,0.0
2023-06-19 12:00:00,71.835,72.224,71.133,71.265,8023,62,0,USOILm,0.0
2023-06-19 16:00:00,71.273,71.349,70.973,71.291,1558,62,0,USOILm,0.0
2023-06-19 20:00:00,71.437,71.458,71.276,71.3,543,62,0,USOILm,0.0
2023-06-20 00:00:00,71.29,71.428,70.95,71.138,3954,62,0,USOILm,0.0
2023-06-20 04:00:00,71.139,71.806,70.828,71.552,5459,62,0,USOILm,0.0
2023-06-20 08:00:00,71.547,72.33,71.539,71.739,7808,62,0,USOILm,0.0
2023-06-20 12:00:00,71.74,71.82,69.746,70.306,13146,62,0,USOILm,0.0
2023-06-20 16:00:00,70.317,71.354,70.252,71.275,8268,62,0,USOILm,0.0
2023-06-20 20:00:00,71.278,71.309,70.789,70.894,934,62,0,USOILm,0.0
2023-06-21 00:00:00,70.897,71.547,70.876,71.433,4558,62,0,USOILm,0.0
2023-06-21 04:00:00,71.433,71.668,71.193,71.344,5530,62,0,USOILm,0.0
2023-06-21 08:00:00,71.357,71.685,70.983,71.094,7969,62,0,USOILm,0.0
2023-06-21 12:00:00,71.094,72.642,70.829,72.579,11663,62,0,USOILm,0.0
2023-06-21 16:00:00,72.578,72.67,72.36,72.585,6438,62,0,USOILm,0.0
2023-06-21 20:00:00,72.583,72.603,72.408,72.452,899,62,0,USOILm,0.0
2023-06-22 00:00:00,72.461,72.503,72.226,72.307,2054,62,0,USOILm,0.0
2023-06-22 04:00:00,72.307,72.403,72.077,72.261,4448,62,0,USOILm,0.0
2023-06-22 08:00:00,72.264,72.605,70.815,71.121,8089,62,0,USOILm,0.0
2023-06-22 12:00:00,71.119,71.22,69.265,69.465,12856,62,0,USOILm,0.0
2023-06-22 16:00:00,69.471,69.676,68.944,69.413,7917,62,0,USOILm,0.0
2023-06-22 20:00:00,69.413,69.555,69.333,69.333,984,62,0,USOILm,0.0
2023-06-23 00:00:00,69.333,69.548,68.759,68.795,2849,62,0,USOILm,0.0
2023-06-23 04:00:00,68.795,68.995,68.071,68.195,5608,62,0,USOILm,0.0
2023-06-23 08:00:00,68.193,68.884,68.127,68.685,8438,62,0,USOILm,0.0
2023-06-23 12:00:00,68.695,69.135,67.372,68.94,12473,62,0,USOILm,0.0
2023-06-23 16:00:00,68.944,69.345,68.696,69.269,7439,62,0,USOILm,0.0
2023-06-23 20:00:00,69.266,69.469,69.263,69.438,405,62,0,USOILm,0.0
2023-06-26 00:00:00,69.97,70.0,69.042,69.181,5459,62,0,USOILm,0.0
2023-06-26 04:00:00,69.182,69.932,69.017,69.383,5649,62,0,USOILm,0.0
2023-06-26 08:00:00,69.385,69.771,68.745,69.734,8641,62,0,USOILm,0.0
2023-06-26 12:00:00,69.741,70.07,68.818,69.67,12321,62,0,USOILm,0.0
2023-06-26 16:00:00,69.669,70.003,69.269,69.57,7463,62,0,USOILm,0.0
2023-06-26 20:00:00,69.573,69.647,69.432,69.494,828,62,0,USOILm,0.0
2023-06-27 00:00:00,69.506,69.837,69.329,69.777,3853,62,0,USOILm,0.0
2023-06-27 04:00:00,69.776,70.167,69.361,69.483,4921,62,0,USOILm,0.0
2023-06-27 08:00:00,69.493,69.983,67.783,68.083,9751,62,0,USOILm,0.0
2023-06-27 12:00:00,68.086,69.377,68.007,68.041,12772,62,0,USOILm,0.0
2023-06-27 16:00:00,68.04,68.473,67.551,67.762,8505,62,0,USOILm,0.0
2023-06-27 20:00:00,67.758,68.072,67.713,67.985,1428,62,0,USOILm,0.0
2023-06-28 00:00:00,67.988,68.278,67.797,68.225,4458,62,0,USOILm,0.0
2023-06-28 04:00:00,68.223,68.33,67.735,68.047,6223,62,0,USOILm,0.0
2023-06-28 08:00:00,68.058,68.489,67.122,67.732,9178,62,0,USOILm,0.0
2023-06-28 12:00:00,67.72,69.547,67.229,69.367,14020,62,0,USOILm,0.0
2023-06-28 16:00:00,69.378,69.765,69.079,69.253,7657,62,0,USOILm,0.0
2023-06-28 20:00:00,69.259,69.396,69.157,69.349,958,62,0,USOILm,0.0
2023-06-29 00:00:00,69.354,69.613,69.177,69.237,3686,62,0,USOILm,0.0
2023-06-29 04:00:00,69.235,69.436,69.01,69.105,4800,62,0,USOILm,0.0
2023-06-29 08:00:00,69.107,70.062,69.028,69.802,7434,62,0,USOILm,0.0
2023-06-29 12:00:00,69.798,70.626,68.998,69.627,12740,62,0,USOILm,0.0
2023-06-29 16:00:00,69.622,69.997,69.504,69.851,7425,62,0,USOILm,0.0
2023-06-29 20:00:00,69.851,69.877,69.77,69.782,677,62,0,USOILm,0.0
2023-06-30 00:00:00,69.782,70.108,69.638,69.998,3381,62,0,USOILm,0.0
2023-06-30 04:00:00,69.999,70.308,69.766,70.225,4264,62,0,USOILm,0.0
2023-06-30 08:00:00,70.226,70.762,69.757,69.937,7805,62,0,USOILm,0.0
2023-06-30 12:00:00,69.949,70.972,69.607,70.959,11752,62,0,USOILm,0.0
2023-06-30 16:00:00,70.965,71.069,70.272,70.592,7368,62,0,USOILm,0.0
2023-06-30 20:00:00,70.592,70.615,70.447,70.497,389,62,0,USOILm,0.0
2023-07-03 00:00:00,70.461,70.755,70.392,70.723,3247,62,0,USOILm,0.0
2023-07-03 04:00:00,70.725,70.739,70.274,70.596,4756,62,0,USOILm,0.0
2023-07-03 08:00:00,70.599,71.791,69.986,71.478,8858,62,0,USOILm,0.0
2023-07-03 12:00:00,71.476,71.741,70.083,71.047,11661,62,0,USOILm,0.0
2023-07-03 16:00:00,71.046,71.134,69.744,70.157,6227,62,0,USOILm,0.0
2023-07-03 20:00:00,70.152,70.286,70.061,70.124,668,62,0,USOILm,0.0
2023-07-04 00:00:00,70.121,70.34,69.982,70.289,3070,62,0,USOILm,0.0
2023-07-04 04:00:00,70.291,70.538,69.947,70.402,3637,62,0,USOILm,0.0
2023-07-04 08:00:00,70.411,71.064,70.289,71.063,5449,62,0,USOILm,0.0
2023-07-04 12:00:00,71.061,71.382,70.736,71.267,7120,62,0,USOILm,0.0
2023-07-04 16:00:00,71.267,71.356,71.113,71.292,1228,62,0,USOILm,0.0
2023-07-04 20:00:00,71.017,71.119,70.936,71.101,481,62,0,USOILm,0.0
2023-07-05 00:00:00,71.104,71.234,70.837,70.914,2809,62,0,USOILm,0.0
2023-07-05 04:00:00,70.911,71.219,70.773,70.943,3970,62,0,USOILm,0.0
2023-07-05 08:00:00,70.929,71.345,70.426,71.269,7309,62,0,USOILm,0.0
2023-07-05 12:00:00,71.27,72.108,71.027,72.004,11296,62,0,USOILm,0.0
2023-07-05 16:00:00,72.004,72.181,71.636,71.946,6234,62,0,USOILm,0.0
2023-07-05 20:00:00,71.945,71.983,71.841,71.958,726,62,0,USOILm,0.0
2023-07-06 00:00:00,71.959,72.066,71.714,71.742,2655,62,0,USOILm,0.0
2023-07-06 04:00:00,71.739,71.943,71.56,71.659,4554,62,0,USOILm,0.0
2023-07-06 08:00:00,71.652,72.316,71.556,71.981,6851,62,0,USOILm,0.0
2023-07-06 12:00:00,71.984,72.017,70.239,71.157,13637,62,0,USOILm,0.0
2023-07-06 16:00:00,71.146,71.983,70.682,71.835,7835,62,0,USOILm,0.0
2023-07-06 20:00:00,71.833,71.839,71.744,71.768,621,62,0,USOILm,0.0
2023-07-07 00:00:00,71.769,72.028,71.651,72.008,2617,62,0,USOILm,0.0
2023-07-07 04:00:00,72.01,72.325,71.988,72.176,4224,62,0,USOILm,0.0
2023-07-07 08:00:00,72.173,72.193,71.641,71.89,6014,62,0,USOILm,0.0
2023-07-07 12:00:00,71.887,73.034,71.189,72.959,11010,62,0,USOILm,0.0
2023-07-07 16:00:00,72.963,73.818,72.823,73.555,6394,62,0,USOILm,0.0
2023-07-07 20:00:00,73.555,73.623,73.531,73.574,393,62,0,USOILm,0.0
2023-07-10 00:00:00,73.476,73.686,73.198,73.234,3198,62,0,USOILm,0.0
2023-07-10 04:00:00,73.233,73.439,73.011,73.045,4176,62,0,USOILm,0.0
2023-07-10 08:00:00,73.036,73.675,72.895,73.282,6471,62,0,USOILm,0.0
2023-07-10 12:00:00,73.28,74.039,72.939,73.777,10287,62,0,USOILm,0.0
2023-07-10 16:00:00,73.775,73.807,72.628,73.112,6935,62,0,USOILm,0.0
2023-07-10 20:00:00,73.109,73.162,73.019,73.049,741,62,0,USOILm,0.0
2023-07-11 00:00:00,73.052,73.387,73.007,73.366,2985,62,0,USOILm,0.0
2023-07-11 04:00:00,73.367,73.524,73.191,73.38,3944,62,0,USOILm,0.0
2023-07-11 08:00:00,73.376,73.659,72.922,73.392,6584,62,0,USOILm,0.0
2023-07-11 12:00:00,73.393,74.762,73.168,74.492,9371,62,0,USOILm,0.0
2023-07-11 16:00:00,74.494,74.802,74.449,74.756,5299,62,0,USOILm,0.0
2023-07-11 20:00:00,74.746,74.751,74.559,74.636,901,62,0,USOILm,0.0
2023-07-12 00:00:00,74.632,74.986,74.615,74.725,2821,62,0,USOILm,0.0
2023-07-12 04:00:00,74.721,74.9,74.528,74.877,3824,62,0,USOILm,0.0
2023-07-12 08:00:00,74.866,75.083,74.639,74.97,6119,62,0,USOILm,0.0
2023-07-12 12:00:00,74.971,75.919,74.954,75.626,11602,62,0,USOILm,0.0
2023-07-12 16:00:00,75.618,75.795,75.071,75.762,6582,62,0,USOILm,0.0
2023-07-12 20:00:00,75.757,75.802,75.578,75.607,714,62,0,USOILm,0.0
2023-07-13 00:00:00,75.612,75.904,75.5,75.83,2668,62,0,USOILm,0.0
2023-07-13 04:00:00,75.828,75.845,75.586,75.785,4016,62,0,USOILm,0.0
2023-07-13 08:00:00,75.785,75.927,75.496,75.65,5682,62,0,USOILm,0.0
2023-07-13 12:00:00,75.652,76.731,75.21,75.926,10767,62,0,USOILm,0.0
2023-07-13 16:00:00,75.925,77.133,75.602,77.133,7075,62,0,USOILm,0.0
2023-07-13 20:00:00,77.129,77.139,76.915,77.036,928,62,0,USOILm,0.0
2023-07-14 00:00:00,77.037,77.085,76.733,76.8,3077,62,0,USOILm,0.0
2023-07-14 04:00:00,76.798,76.892,76.384,76.643,4051,62,0,USOILm,0.0
2023-07-14 08:00:00,76.654,76.861,76.416,76.598,6269,62,0,USOILm,0.0
2023-07-14 12:00:00,76.603,76.748,75.036,75.763,10705,62,0,USOILm,0.0
2023-07-14 16:00:00,75.769,75.81,75.161,75.195,6761,62,0,USOILm,0.0
2023-07-14 20:00:00,75.187,75.187,75.035,75.133,447,62,0,USOILm,0.0
2023-07-17 00:00:00,74.787,74.948,74.539,74.658,2976,62,0,USOILm,0.0
2023-07-17 04:00:00,74.657,74.658,74.193,74.257,4156,62,0,USOILm,0.0
2023-07-17 08:00:00,74.256,75.939,73.755,74.373,9491,62,0,USOILm,0.0
2023-07-17 12:00:00,74.379,75.01,74.112,74.188,11385,62,0,USOILm,0.0
2023-07-17 16:00:00,74.192,74.464,73.921,74.022,5688,62,0,USOILm,0.0
2023-07-17 20:00:00,74.025,74.109,73.957,74.107,705,62,0,USOILm,0.0
2023-07-18 00:00:00,74.103,74.379,74.078,74.315,3368,62,0,USOILm,0.0
2023-07-18 04:00:00,74.314,74.352,73.793,74.006,3899,62,0,USOILm,0.0
2023-07-18 08:00:00,73.996,74.614,73.876,74.289,6241,62,0,USOILm,0.0
2023-07-18 12:00:00,74.289,75.421,73.96,75.244,10083,62,0,USOILm,0.0
2023-07-18 16:00:00,75.236,75.855,75.165,75.634,5864,62,0,USOILm,0.0
2023-07-18 20:00:00,75.622,75.737,75.436,75.688,778,62,0,USOILm,0.0
2023-07-19 00:00:00,75.689,75.702,75.275,75.294,3065,62,0,USOILm,0.0
2023-07-19 04:00:00,75.304,75.608,75.275,75.475,4111,62,0,USOILm,0.0
2023-07-19 08:00:00,75.488,76.17,75.384,75.741,6112,62,0,USOILm,0.0
2023-07-19 12:00:00,75.749,76.808,75.602,75.942,10958,62,0,USOILm,0.0
2023-07-19 16:00:00,75.946,76.002,74.983,75.222,7095,62,0,USOILm,0.0
2023-07-19 20:00:00,75.223,75.361,75.101,75.133,843,62,0,USOILm,0.0
2023-07-20 00:00:00,75.136,75.5,75.09,75.336,3574,62,0,USOILm,0.0
2023-07-20 04:00:00,75.336,75.401,75.122,75.164,4424,62,0,USOILm,0.0
2023-07-20 08:00:00,75.162,75.688,75.085,75.574,6203,62,0,USOILm,0.0
2023-07-20 12:00:00,75.576,76.093,74.474,75.046,10251,62,0,USOILm,0.0
2023-07-20 16:00:00,75.057,75.857,74.921,75.672,7242,62,0,USOILm,0.0
2023-07-20 20:00:00,75.672,75.773,75.625,75.76,794,62,0,USOILm,0.0
2023-07-21 00:00:00,75.756,76.388,75.64,76.174,3522,62,0,USOILm,0.0
2023-07-21 04:00:00,76.167,76.437,76.127,76.373,3992,62,0,USOILm,0.0
2023-07-21 08:00:00,76.372,76.61,76.011,76.392,6579,62,0,USOILm,0.0
2023-07-21 12:00:00,76.401,76.771,75.808,76.564,10214,62,0,USOILm,0.0
2023-07-21 16:00:00,76.575,77.202,76.276,76.83,6002,62,0,USOILm,0.0
2023-07-21 20:00:00,76.826,76.885,76.78,76.853,360,62,0,USOILm,0.0
2023-07-24 00:00:00,76.489,76.937,76.461,76.86,4009,62,0,USOILm,0.0
2023-07-24 04:00:00,76.86,76.908,76.351,76.555,4351,62,0,USOILm,0.0
2023-07-24 08:00:00,76.558,77.724,76.504,77.383,7342,62,0,USOILm,0.0
2023-07-24 12:00:00,77.388,79.03,77.153,78.96,11244,62,0,USOILm,0.0
2023-07-24 16:00:00,78.963,79.159,78.568,78.806,6565,62,0,USOILm,0.0
2023-07-24 20:00:00,78.807,78.838,78.689,78.739,726,62,0,USOILm,0.0
2023-07-25 00:00:00,78.737,78.906,78.625,78.839,3654,62,0,USOILm,0.0
2023-07-25 04:00:00,78.837,78.958,78.465,78.501,4393,62,0,USOILm,0.0
2023-07-25 08:00:00,78.497,78.919,78.165,78.592,6464,62,0,USOILm,0.0
2023-07-25 12:00:00,78.592,79.666,78.212,79.604,10236,62,0,USOILm,0.0
2023-07-25 16:00:00,79.593,79.751,79.212,79.457,5923,62,0,USOILm,0.0
2023-07-25 20:00:00,79.456,79.509,79.057,79.138,1125,62,0,USOILm,0.0
2023-07-26 00:00:00,79.137,79.267,79.013,79.11,3498,62,0,USOILm,0.0
2023-07-26 04:00:00,79.11,79.414,78.93,79.311,4030,62,0,USOILm,0.0
2023-07-26 08:00:00,79.312,79.352,78.456,78.505,6409,62,0,USOILm,0.0
2023-07-26 12:00:00,78.507,79.588,78.486,78.749,10040,62,0,USOILm,0.0
2023-07-26 16:00:00,78.739,79.132,78.406,78.765,8311,62,0,USOILm,0.0
2023-07-26 20:00:00,78.769,78.881,78.687,78.834,836,62,0,USOILm,0.0
2023-07-27 00:00:00,78.833,79.534,78.775,79.5,3605,62,0,USOILm,0.0
2023-07-27 04:00:00,79.5,79.546,79.153,79.252,4520,62,0,USOILm,0.0
2023-07-27 08:00:00,79.262,79.594,79.109,79.412,6133,62,0,USOILm,0.0
2023-07-27 12:00:00,79.411,80.027,78.85,79.833,11409,62,0,USOILm,0.0
2023-07-27 16:00:00,79.823,80.391,79.352,79.643,7643,62,0,USOILm,0.0
2023-07-27 20:00:00,79.643,79.737,79.401,79.414,984,62,0,USOILm,0.0
2023-07-28 00:00:00,79.415,79.657,79.304,79.538,4464,62,0,USOILm,0.0
2023-07-28 04:00:00,79.539,79.987,79.425,79.78,5045,62,0,USOILm,0.0
2023-07-28 08:00:00,79.785,79.89,79.452,79.643,5902,62,0,USOILm,0.0
2023-07-28 12:00:00,79.64,80.178,78.887,79.688,10884,62,0,USOILm,0.0
2023-07-28 16:00:00,79.688,80.504,79.285,80.299,6871,62,0,USOILm,0.0
2023-07-28 20:00:00,80.3,80.482,80.279,80.472,360,62,0,USOILm,0.0
2023-07-31 00:00:00,80.208,80.363,79.946,79.972,4030,46,0,USOILm,0.0
2023-07-31 04:00:00,79.972,80.412,79.928,80.2,4536,46,0,USOILm,0.0
2023-07-31 08:00:00,80.192,81.223,80.165,81.086,6987,46,0,USOILm,0.0
2023-07-31 12:00:00,81.084,81.498,80.815,81.439,11274,46,0,USOILm,0.0
2023-07-31 16:00:00,81.438,81.758,80.863,81.634,6516,46,0,USOILm,0.0
2023-07-31 20:00:00,81.631,81.651,81.378,81.404,869,46,0,USOILm,0.0
2023-08-01 00:00:00,81.404,81.541,81.217,81.373,3079,46,0,USOILm,0.0
2023-08-01 04:00:00,81.373,81.437,80.954,81.022,3938,46,0,USOILm,0.0
2023-08-01 08:00:00,81.024,81.451,80.917,81.359,6271,46,0,USOILm,0.0
2023-08-01 12:00:00,81.352,81.399,80.368,80.915,12258,46,0,USOILm,0.0
2023-08-01 16:00:00,80.906,81.645,80.906,81.361,6901,46,0,USOILm,0.0
2023-08-01 20:00:00,81.36,82.133,81.354,81.972,2006,46,0,USOILm,0.0
2023-08-02 00:00:00,81.972,82.153,81.778,81.822,3862,46,0,USOILm,0.0
2023-08-02 04:00:00,81.829,81.995,81.463,81.465,4839,46,0,USOILm,0.0
2023-08-02 08:00:00,81.468,81.898,81.261,81.59,6923,46,0,USOILm,0.0
2023-08-02 12:00:00,81.586,81.754,78.988,79.012,15516,46,0,USOILm,0.0
2023-08-02 16:00:00,79.017,79.684,78.838,79.591,8368,46,0,USOILm,0.0
2023-08-02 20:00:00,79.591,79.599,79.404,79.504,802,46,0,USOILm,0.0
2023-08-03 00:00:00,79.507,79.709,79.287,79.334,3798,46,0,USOILm,0.0
2023-08-03 04:00:00,79.333,79.437,78.501,78.526,5753,46,0,USOILm,0.0
2023-08-03 08:00:00,78.527,79.386,78.472,79.15,8815,46,0,USOILm,0.0
2023-08-03 12:00:00,79.153,81.106,79.081,81.008,14487,46,0,USOILm,0.0
2023-08-03 16:00:00,81.013,81.578,80.798,81.431,7406,46,0,USOILm,0.0
2023-08-03 20:00:00,81.432,81.552,81.377,81.461,1164,46,0,USOILm,0.0
2023-08-04 00:00:00,81.46,81.703,81.228,81.388,4149,46,0,USOILm,0.0
2023-08-04 04:00:00,81.389,81.715,81.285,81.691,4685,46,0,USOILm,0.0
2023-08-04 08:00:00,81.692,81.928,81.444,81.595,6608,46,0,USOILm,0.0
2023-08-04 12:00:00,81.596,82.345,81.208,82.136,12521,46,0,USOILm,0.0
2023-08-04 16:00:00,82.137,82.854,82.132,82.279,6805,46,0,USOILm,0.0
2023-08-04 20:00:00,82.272,82.291,82.159,82.254,403,46,0,USOILm,0.0
2023-08-07 00:00:00,82.577,82.855,82.329,82.387,3699,46,0,USOILm,0.0
2023-08-07 04:00:00,82.387,82.436,82.145,82.242,4287,46,0,USOILm,0.0
2023-08-07 08:00:00,82.234,82.237,81.474,81.745,6753,46,0,USOILm,0.0
2023-08-07 12:00:00,81.746,82.122,81.207,81.6,11964,46,0,USOILm,0.0
2023-08-07 16:00:00,81.592,82.162,81.513,82.129,6545,46,0,USOILm,0.0
2023-08-07 20:00:00,82.129,82.221,82.038,82.064,762,46,0,USOILm,0.0
2023-08-08 00:00:00,82.063,82.078,81.556,81.733,3881,46,0,USOILm,0.0
2023-08-08 04:00:00,81.73,81.805,80.843,80.851,5521,46,0,USOILm,0.0
2023-08-08 08:00:00,80.85,81.096,79.775,79.837,8533,46,0,USOILm,0.0
2023-08-08 12:00:00,79.848,81.517,79.637,81.148,13520,46,0,USOILm,0.0
2023-08-08 16:00:00,81.148,82.655,81.106,82.39,7529,46,0,USOILm,0.0
2023-08-08 20:00:00,82.392,82.418,82.246,82.306,1085,46,0,USOILm,0.0
2023-08-09 00:00:00,82.306,82.423,82.24,82.285,3715,46,0,USOILm,0.0
2023-08-09 04:00:00,82.288,82.745,82.237,82.743,4456,46,0,USOILm,0.0
2023-08-09 08:00:00,82.743,83.521,82.412,83.236,8044,46,0,USOILm,0.0
2023-08-09 12:00:00,83.236,84.08,82.95,83.104,14271,46,0,USOILm,0.0
2023-08-09 16:00:00,83.096,83.896,82.587,83.702,8566,46,0,USOILm,0.0
2023-08-09 20:00:00,83.71,83.77,83.609,83.661,814,46,0,USOILm,0.0
2023-08-10 00:00:00,83.658,83.76,83.55,83.686,3068,46,0,USOILm,0.0
2023-08-10 04:00:00,83.686,84.291,83.686,83.948,4834,46,0,USOILm,0.0
2023-08-10 08:00:00,83.943,84.164,83.318,83.338,7025,46,0,USOILm,0.0
2023-08-10 12:00:00,83.327,83.685,82.744,83.088,14033,46,0,USOILm,0.0
2023-08-10 16:00:00,83.09,83.198,82.171,82.414,9396,46,0,USOILm,0.0
2023-08-10 20:00:00,82.422,82.45,82.335,82.406,841,46,0,USOILm,0.0
2023-08-11 00:00:00,82.409,82.66,82.191,82.309,4017,46,0,USOILm,0.0
2023-08-11 04:00:00,82.311,82.591,81.982,82.449,4568,46,0,USOILm,0.0
2023-08-11 08:00:00,82.448,82.915,81.803,82.787,8488,46,0,USOILm,0.0
2023-08-11 12:00:00,82.788,83.032,82.104,83.006,13577,46,0,USOILm,0.0
2023-08-11 16:00:00,83.014,83.244,82.522,82.563,7756,46,0,USOILm,0.0
2023-08-11 20:00:00,82.564,82.65,82.492,82.502,347,46,0,USOILm,0.0
2023-08-14 00:00:00,82.334,82.516,81.849,81.908,5189,46,0,USOILm,0.0
2023-08-14 04:00:00,81.906,82.331,81.443,82.293,5929,46,0,USOILm,0.0
2023-08-14 08:00:00,82.287,82.513,82.109,82.2,7469,46,0,USOILm,0.0
2023-08-14 12:00:00,82.199,82.582,81.246,81.976,14205,46,0,USOILm,0.0
2023-08-14 16:00:00,81.977,82.413,81.516,82.035,7542,46,0,USOILm,0.0
2023-08-14 20:00:00,82.027,82.071,81.77,81.844,809,46,0,USOILm,0.0
2023-08-15 00:00:00,81.836,82.152,81.787,82.044,4043,46,0,USOILm,0.0
2023-08-15 04:00:00,82.044,82.351,81.555,81.598,5470,46,0,USOILm,0.0
2023-08-15 08:00:00,81.6,82.012,81.072,81.095,8273,46,0,USOILm,0.0
2023-08-15 12:00:00,81.086,81.391,79.98,80.041,15005,46,0,USOILm,0.0
2023-08-15 16:00:00,80.049,80.663,79.995,80.502,7613,46,0,USOILm,0.0
2023-08-15 20:00:00,80.504,80.637,80.411,80.563,927,46,0,USOILm,0.0
2023-08-16 00:00:00,80.584,80.607,80.177,80.315,3547,46,0,USOILm,0.0
2023-08-16 04:00:00,80.314,80.681,80.053,80.316,4766,46,0,USOILm,0.0
2023-08-16 08:00:00,80.315,80.877,80.279,80.828,7067,46,0,USOILm,0.0
2023-08-16 12:00:00,80.82,80.958,80.088,80.362,12124,46,0,USOILm,0.0
2023-08-16 16:00:00,80.354,80.495,78.682,78.776,9392,46,0,USOILm,0.0
2023-08-16 20:00:00,78.783,78.95,78.743,78.756,1018,46,0,USOILm,0.0
2023-08-17 00:00:00,78.755,79.098,78.581,78.974,3934,46,0,USOILm,0.0
2023-08-17 04:00:00,78.968,79.5,78.738,79.49,4720,46,0,USOILm,0.0
2023-08-17 08:00:00,79.483,79.943,79.02,79.704,7604,46,0,USOILm,0.0
2023-08-17 12:00:00,79.699,80.585,79.54,80.12,11096,46,0,USOILm,0.0
2023-08-17 16:00:00,80.116,80.34,79.494,79.56,6677,46,0,USOILm,0.0
2023-08-17 20:00:00,79.561,79.632,79.432,79.535,898,46,0,USOILm,0.0
2023-08-18 00:00:00,79.535,80.144,79.406,79.937,4638,46,0,USOILm,0.0
2023-08-18 04:00:00,79.937,80.304,79.636,79.822,5305,46,0,USOILm,0.0
2023-08-18 08:00:00,79.82,80.049,79.169,79.215,7844,46,0,USOILm,0.0
2023-08-18 12:00:00,79.216,80.446,78.992,79.997,13080,46,0,USOILm,0.0
2023-08-18 16:00:00,80.005,80.907,79.951,80.582,7701,46,0,USOILm,0.0
2023-08-18 20:00:00,80.58,80.654,80.562,80.641,328,46,0,USOILm,0.0
2023-08-21 00:00:00,80.521,81.421,80.494,81.194,4931,46,0,USOILm,0.0
2023-08-21 04:00:00,81.193,81.371,81.019,81.158,4748,46,0,USOILm,0.0
2023-08-21 08:00:00,81.161,81.66,80.899,81.56,6723,46,0,USOILm,0.0
2023-08-21 12:00:00,81.569,81.636,80.356,80.874,11389,46,0,USOILm,0.0
2023-08-21 16:00:00,80.869,80.904,79.917,80.082,7436,46,0,USOILm,0.0
2023-08-21 20:00:00,80.082,80.164,80.01,80.032,703,46,0,USOILm,0.0
2023-08-22 00:00:00,80.03,80.23,79.856,79.917,3521,46,0,USOILm,0.0
2023-08-22 04:00:00,79.921,80.137,79.598,79.613,4281,46,0,USOILm,0.0
2023-08-22 08:00:00,79.62,80.136,79.541,79.636,6615,46,0,USOILm,0.0
2023-08-22 12:00:00,79.644,80.301,79.53,79.784,10960,46,0,USOILm,0.0
2023-08-22 16:00:00,79.78,80.143,79.4,79.714,5980,46,0,USOILm,0.0
2023-08-22 20:00:00,79.708,79.752,79.458,79.564,813,46,0,USOILm,0.0
2023-08-23 00:00:00,79.564,79.819,79.403,79.727,3216,46,0,USOILm,0.0
2023-08-23 04:00:00,79.727,79.765,78.982,79.081,4171,46,0,USOILm,0.0
2023-08-23 08:00:00,79.083,79.311,78.229,78.433,6491,46,0,USOILm,0.0
2023-08-23 12:00:00,78.434,79.312,77.551,78.918,12886,46,0,USOILm,0.0
2023-08-23 16:00:00,78.92,79.353,78.449,78.554,7252,46,0,USOILm,0.0
2023-08-23 20:00:00,78.553,78.577,78.354,78.533,1165,46,0,USOILm,0.0
2023-08-24 00:00:00,78.528,78.611,78.181,78.487,3864,46,0,USOILm,0.0
2023-08-24 04:00:00,78.486,78.763,78.17,78.177,4436,46,0,USOILm,0.0
2023-08-24 08:00:00,78.174,79.162,78.137,78.836,6491,46,0,USOILm,0.0
2023-08-24 12:00:00,78.839,78.937,77.508,78.622,12595,46,0,USOILm,0.0
2023-08-24 16:00:00,78.626,79.123,78.546,78.772,6592,46,0,USOILm,0.0
2023-08-24 20:00:00,78.772,78.812,78.682,78.785,764,46,0,USOILm,0.0
2023-08-25 00:00:00,78.784,79.337,78.727,79.094,3315,46,0,USOILm,0.0
2023-08-25 04:00:00,79.094,79.547,79.093,79.526,4381,46,0,USOILm,0.0
2023-08-25 08:00:00,79.52,80.046,79.385,79.972,5441,46,0,USOILm,0.0
2023-08-25 12:00:00,79.968,80.28,79.179,79.468,13194,46,0,USOILm,0.0
2023-08-25 16:00:00,79.468,80.173,78.04,79.901,10358,46,0,USOILm,0.0
2023-08-25 20:00:00,79.894,79.95,79.801,79.887,507,46,0,USOILm,0.0
2023-08-28 00:00:00,80.035,80.081,79.539,79.598,3844,46,0,USOILm,0.0
2023-08-28 04:00:00,79.597,80.137,79.573,80.123,3829,46,0,USOILm,0.0
2023-08-28 08:00:00,80.121,80.21,79.458,79.722,5716,46,0,USOILm,0.0
2023-08-28 12:00:00,79.723,80.683,79.59,80.036,11428,46,0,USOILm,0.0
2023-08-28 16:00:00,80.029,80.102,79.547,79.943,6997,46,0,USOILm,0.0
2023-08-28 20:00:00,79.951,79.994,79.784,79.857,713,46,0,USOILm,0.0
2023-08-29 00:00:00,79.861,79.928,79.59,79.843,3224,46,0,USOILm,0.0
2023-08-29 04:00:00,79.844,80.096,79.608,80.085,3819,46,0,USOILm,0.0
2023-08-29 08:00:00,80.092,80.624,80.01,80.432,5748,46,0,USOILm,0.0
2023-08-29 12:00:00,80.44,80.551,79.18,80.223,11775,46,0,USOILm,0.0
2023-08-29 16:00:00,80.224,81.055,80.114,80.992,6140,46,0,USOILm,0.0
2023-08-29 20:00:00,80.993,81.222,80.96,81.129,986,46,0,USOILm,0.0
2023-08-30 00:00:00,81.13,81.363,81.095,81.252,2947,46,0,USOILm,0.0
2023-08-30 04:00:00,81.251,81.484,81.225,81.383,3423,46,0,USOILm,0.0
2023-08-30 08:00:00,81.392,81.628,80.932,81.419,6079,46,0,USOILm,0.0
2023-08-30 12:00:00,81.424,81.79,80.672,81.073,11971,46,0,USOILm,0.0
2023-08-30 16:00:00,81.073,81.445,80.659,81.433,7601,46,0,USOILm,0.0
2023-08-30 20:00:00,81.436,81.471,81.325,81.351,592,46,0,USOILm,0.0
2023-08-31 00:00:00,81.35,81.534,81.217,81.353,2370,46,0,USOILm,0.0
2023-08-31 04:00:00,81.352,81.646,81.239,81.646,3218,46,0,USOILm,0.0
2023-08-31 08:00:00,81.635,82.098,81.435,82.007,5724,46,0,USOILm,0.0
2023-08-31 12:00:00,82.008,82.893,81.796,81.992,11841,46,0,USOILm,0.0
2023-08-31 16:00:00,81.999,83.321,81.918,83.18,7370,46,0,USOILm,0.0
2023-08-31 20:00:00,83.182,83.304,83.064,83.207,1016,46,0,USOILm,0.0
2023-09-01 00:00:00,83.208,83.447,83.142,83.408,3060,46,0,USOILm,0.0
2023-09-01 04:00:00,83.409,83.696,83.354,83.571,3431,46,0,USOILm,0.0
2023-09-01 08:00:00,83.573,84.372,83.375,84.184,5964,46,0,USOILm,0.0
2023-09-01 12:00:00,84.182,84.927,83.74,84.69,12972,46,0,USOILm,0.0
2023-09-01 16:00:00,84.69,85.449,84.619,85.43,7077,46,0,USOILm,0.0
2023-09-01 20:00:00,85.432,85.439,85.352,85.432,431,46,0,USOILm,0.0
2023-09-04 00:00:00,85.349,85.446,85.112,85.163,3605,46,0,USOILm,0.0
2023-09-04 04:00:00,85.162,85.267,84.957,85.246,3644,46,0,USOILm,0.0
2023-09-04 08:00:00,85.251,85.281,84.815,85.058,5015,46,0,USOILm,0.0
2023-09-04 12:00:00,85.066,85.543,84.989,85.446,6497,46,0,USOILm,0.0
2023-09-04 16:00:00,85.446,85.675,85.29,85.513,1508,46,0,USOILm,0.0
2023-09-04 20:00:00,85.332,85.357,85.264,85.317,519,46,0,USOILm,0.0
2023-09-05 00:00:00,85.319,85.568,85.146,85.424,3055,46,0,USOILm,0.0
2023-09-05 04:00:00,85.419,85.484,84.809,84.822,4110,46,0,USOILm,0.0
2023-09-05 08:00:00,84.825,85.046,84.558,84.851,6187,46,0,USOILm,0.0
2023-09-05 12:00:00,84.841,87.525,84.724,87.275,14182,46,0,USOILm,0.0
2023-09-05 16:00:00,87.274,87.357,85.994,86.282,8432,46,0,USOILm,0.0
2023-09-05 20:00:00,86.272,86.401,86.203,86.345,780,46,0,USOILm,0.0
2023-09-06 00:00:00,86.343,86.511,86.21,86.29,3294,46,0,USOILm,0.0
2023-09-06 04:00:00,86.291,86.342,85.813,85.895,4518,46,0,USOILm,0.0
2023-09-06 08:00:00,85.902,86.013,85.503,85.905,5905,46,0,USOILm,0.0
2023-09-06 12:00:00,85.905,86.764,85.726,86.668,12170,46,0,USOILm,0.0
2023-09-06 16:00:00,86.668,87.526,86.545,87.21,7699,46,0,USOILm,0.0
2023-09-06 20:00:00,87.211,87.213,86.96,87.131,830,46,0,USOILm,0.0
2023-09-07 00:00:00,87.136,87.193,86.693,86.753,3554,46,0,USOILm,0.0
2023-09-07 04:00:00,86.75,86.859,86.473,86.697,4078,46,0,USOILm,0.0
2023-09-07 08:00:00,86.69,86.786,86.282,86.499,5953,46,0,USOILm,0.0
2023-09-07 12:00:00,86.503,87.127,86.386,86.91,11908,46,0,USOILm,0.0
2023-09-07 16:00:00,86.917,86.917,85.867,86.493,7831,46,0,USOILm,0.0
2023-09-07 20:00:00,86.493,86.493,86.092,86.146,858,46,0,USOILm,0.0
2023-09-08 00:00:00,86.15,86.241,85.717,85.743,3674,46,0,USOILm,0.0
2023-09-08 04:00:00,85.737,86.129,85.638,86.034,4388,46,0,USOILm,0.0
2023-09-08 08:00:00,86.042,86.959,85.972,86.913,7224,46,0,USOILm,0.0
2023-09-08 12:00:00,86.915,87.257,86.291,87.057,10606,46,0,USOILm,0.0
2023-09-08 16:00:00,87.049,87.357,86.722,86.769,6911,46,0,USOILm,0.0
2023-09-08 20:00:00,86.777,86.815,86.72,86.732,373,46,0,USOILm,0.0
2023-09-11 00:00:00,86.459,86.584,86.205,86.512,4490,46,0,USOILm,0.0
2023-09-11 04:00:00,86.513,86.875,86.415,86.788,4784,46,0,USOILm,0.0
2023-09-11 08:00:00,86.792,86.813,86.315,86.481,7072,46,0,USOILm,0.0
2023-09-11 12:00:00,86.48,87.585,86.423,86.987,11133,46,0,USOILm,0.0
2023-09-11 16:00:00,86.988,87.126,86.578,86.685,6685,46,0,USOILm,0.0
2023-09-11 20:00:00,86.683,86.767,86.681,86.716,508,46,0,USOILm,0.0
2023-09-12 00:00:00,86.717,87.184,86.658,87.179,3290,46,0,USOILm,0.0
2023-09-12 04:00:00,87.183,87.282,86.877,87.08,4178,46,0,USOILm,0.0
2023-09-12 08:00:00,87.089,87.58,87.024,87.484,5884,46,0,USOILm,0.0
2023-09-12 12:00:00,87.477,88.646,87.399,88.451,10802,46,0,USOILm,0.0
2023-09-12 16:00:00,88.447,88.708,88.201,88.312,6434,46,0,USOILm,0.0
2023-09-12 20:00:00,88.312,88.332,88.098,88.163,777,46,0,USOILm,0.0
2023-09-13 00:00:00,88.164,88.506,88.163,88.385,3268,46,0,USOILm,0.0
2023-09-13 04:00:00,88.384,88.88,88.26,88.657,3964,46,0,USOILm,0.0
2023-09-13 08:00:00,88.662,88.967,88.546,88.618,5706,46,0,USOILm,0.0
2023-09-13 12:00:00,88.618,88.844,87.774,88.247,12364,46,0,USOILm,0.0
2023-09-13 16:00:00,88.249,88.366,87.697,88.175,6727,46,0,USOILm,0.0
2023-09-13 20:00:00,88.173,88.267,88.04,88.057,599,46,0,USOILm,0.0
2023-09-14 00:00:00,88.056,88.36,88.04,88.312,3004,46,0,USOILm,0.0
2023-09-14 04:00:00,88.313,88.662,88.298,88.641,3795,46,0,USOILm,0.0
2023-09-14 08:00:00,88.635,89.186,88.324,89.184,5917,46,0,USOILm,0.0
2023-09-14 12:00:00,89.185,89.651,89.027,89.452,10624,46,0,USOILm,0.0
2023-09-14 16:00:00,89.451,89.894,89.391,89.841,6447,46,0,USOILm,0.0
2023-09-14 20:00:00,89.841,90.164,89.831,89.913,1334,46,0,USOILm,0.0
2023-09-15 00:00:00,89.91,90.497,89.876,90.491,3812,46,0,USOILm,0.0
2023-09-15 04:00:00,90.49,90.536,90.002,90.081,4333,46,0,USOILm,0.0
2023-09-15 08:00:00,90.084,90.22,89.742,89.92,5621,46,0,USOILm,0.0
2023-09-15 12:00:00,89.918,90.246,88.613,89.851,11589,46,0,USOILm,0.0
2023-09-15 16:00:00,89.84,90.339,89.691,90.293,7199,46,0,USOILm,0.0
2023-09-15 20:00:00,90.292,90.356,90.292,90.332,417,46,0,USOILm,0.0
2023-09-18 00:00:00,90.091,90.44,90.027,90.373,3523,46,0,USOILm,0.0
2023-09-18 04:00:00,90.373,90.814,90.372,90.676,4523,46,0,USOILm,0.0
2023-09-18 08:00:00,90.677,90.698,90.044,90.396,6516,46,0,USOILm,0.0
2023-09-18 12:00:00,90.396,91.272,90.367,90.923,10381,46,0,USOILm,0.0
2023-09-18 16:00:00,90.918,91.013,89.833,90.786,7714,46,0,USOILm,0.0
2023-09-18 20:00:00,90.786,91.013,90.733,90.9,1318,46,0,USOILm,0.0
2023-09-19 00:00:00,90.898,91.122,90.733,91.106,3606,46,0,USOILm,0.0
2023-09-19 04:00:00,91.107,91.216,90.846,90.99,4792,46,0,USOILm,0.0
2023-09-19 08:00:00,91.0,91.5,90.868,91.004,6847,46,0,USOILm,0.0
2023-09-19 12:00:00,91.002,92.234,91.002,91.327,11201,46,0,USOILm,0.0
2023-09-19 16:00:00,91.319,91.376,90.171,90.703,8324,46,0,USOILm,0.0
2023-09-19 20:00:00,90.702,90.744,90.419,90.473,1119,46,0,USOILm,0.0
2023-09-20 00:00:00,90.46,90.502,89.145,89.222,4721,46,0,USOILm,0.0
2023-09-20 04:00:00,89.217,89.651,89.094,89.473,5654,46,0,USOILm,0.0
2023-09-20 08:00:00,89.476,89.767,88.781,89.466,7687,46,0,USOILm,0.0
2023-09-20 12:00:00,89.458,90.819,89.128,89.949,11941,46,0,USOILm,0.0
2023-09-20 16:00:00,89.947,90.6,89.026,89.044,10001,46,0,USOILm,0.0
2023-09-20 20:00:00,89.044,89.148,88.928,88.934,1203,46,0,USOILm,0.0
2023-09-21 00:00:00,88.933,88.989,88.617,88.741,4026,46,0,USOILm,0.0
2023-09-21 04:00:00,88.742,88.86,88.144,88.468,4510,46,0,USOILm,0.0
2023-09-21 08:00:00,88.469,89.014,88.129,88.982,7428,46,0,USOILm,0.0
2023-09-21 12:00:00,88.985,90.68,88.917,89.609,13367,46,0,USOILm,0.0
2023-09-21 16:00:00,89.611,90.06,89.228,89.288,8083,46,0,USOILm,0.0
2023-09-21 20:00:00,89.292,89.431,89.243,89.4,922,46,0,USOILm,0.0
2023-09-22 00:00:00,89.403,90.065,89.255,90.007,4382,46,0,USOILm,0.0
2023-09-22 04:00:00,90.004,90.045,89.52,89.745,4985,46,0,USOILm,0.0
2023-09-22 08:00:00,89.732,90.433,89.413,90.226,7450,46,0,USOILm,0.0
2023-09-22 12:00:00,90.22,90.903,89.535,89.748,11726,46,0,USOILm,0.0
2023-09-22 16:00:00,89.757,90.062,88.958,89.892,8965,46,0,USOILm,0.0
2023-09-22 20:00:00,89.898,89.973,89.863,89.865,410,46,0,USOILm,0.0
2023-09-25 00:00:00,90.113,90.113,89.592,89.641,3984,46,0,USOILm,0.0
2023-09-25 04:00:00,89.639,90.309,89.639,90.211,4888,46,0,USOILm,0.0
2023-09-25 08:00:00,90.213,90.308,89.326,89.347,7007,46,0,USOILm,0.0
2023-09-25 12:00:00,89.351,90.026,88.593,89.105,10996,46,0,USOILm,0.0
2023-09-25 16:00:00,89.106,89.7,89.081,89.456,7057,46,0,USOILm,0.0
2023-09-25 20:00:00,89.461,89.529,89.196,89.197,820,46,0,USOILm,0.0
2023-09-26 00:00:00,89.198,89.299,88.794,88.832,3623,46,0,USOILm,0.0
2023-09-26 04:00:00,88.832,88.918,87.719,88.157,5318,46,0,USOILm,0.0
2023-09-26 08:00:00,88.164,88.615,87.907,88.376,7093,46,0,USOILm,0.0
2023-09-26 12:00:00,88.377,90.102,88.377,89.947,11272,46,0,USOILm,0.0
2023-09-26 16:00:00,89.947,90.168,89.747,90.064,6863,46,0,USOILm,0.0
2023-09-26 20:00:00,90.061,90.119,89.8,89.958,1029,46,0,USOILm,0.0
2023-09-27 00:00:00,89.959,90.696,89.959,90.668,4054,46,0,USOILm,0.0
2023-09-27 04:00:00,90.67,90.834,90.302,90.68,4593,46,0,USOILm,0.0
2023-09-27 08:00:00,90.671,91.431,90.452,91.168,7234,46,0,USOILm,0.0
2023-09-27 12:00:00,91.165,93.071,91.067,92.734,12744,46,0,USOILm,0.0
2023-09-27 16:00:00,92.734,93.235,92.54,92.76,9289,46,0,USOILm,0.0
2023-09-27 20:00:00,92.76,92.87,92.729,92.851,1146,46,0,USOILm,0.0
2023-09-28 00:00:00,92.849,93.942,92.838,93.523,5792,46,0,USOILm,0.0
2023-09-28 04:00:00,93.522,93.621,93.209,93.281,5505,46,0,USOILm,0.0
2023-09-28 08:00:00,93.28,93.28,92.056,92.257,9108,46,0,USOILm,0.0
2023-09-28 12:00:00,92.253,92.416,91.383,91.917,12456,46,0,USOILm,0.0
2023-09-28 16:00:00,91.915,91.968,90.509,90.9,9377,46,0,USOILm,0.0
2023-09-28 20:00:00,90.903,90.946,90.763,90.771,1003,46,0,USOILm,0.0
2023-09-29 00:00:00,90.771,91.173,90.626,90.965,3224,46,0,USOILm,0.0
2023-09-29 04:00:00,90.965,91.085,90.618,90.727,4815,46,0,USOILm,0.0
2023-09-29 08:00:00,90.729,92.04,90.601,91.974,7953,46,0,USOILm,0.0
2023-09-29 12:00:00,91.963,92.098,89.697,90.186,13568,46,0,USOILm,0.0
2023-09-29 16:00:00,90.2,90.79,89.463,89.948,9886,46,0,USOILm,0.0
2023-09-29 20:00:00,89.952,90.016,89.877,89.878,492,46,0,USOILm,0.0
2023-10-02 00:00:00,90.079,90.171,89.826,90.099,2416,46,0,USOILm,0.0
2023-10-02 04:00:00,90.101,90.377,89.637,89.922,4340,46,0,USOILm,0.0
2023-10-02 08:00:00,89.93,90.846,89.852,90.271,7871,46,0,USOILm,0.0
2023-10-02 12:00:00,90.279,90.464,87.918,88.394,13820,46,0,USOILm,0.0
2023-10-02 16:00:00,88.386,88.831,87.622,87.893,8746,46,0,USOILm,0.0
2023-10-02 20:00:00,87.893,87.973,87.456,87.631,1133,46,0,USOILm,0.0
2023-10-03 00:00:00,87.629,87.634,86.872,87.324,3700,46,0,USOILm,0.0
2023-10-03 04:00:00,87.327,87.738,86.909,87.653,5544,46,0,USOILm,0.0
2023-10-03 08:00:00,87.645,88.06,87.303,87.45,8065,46,0,USOILm,0.0
2023-10-03 12:00:00,87.453,88.997,87.086,88.879,15300,46,0,USOILm,0.0
2023-10-03 16:00:00,88.877,89.136,88.052,88.537,8885,46,0,USOILm,0.0
2023-10-03 20:00:00,88.533,88.563,88.235,88.277,1043,46,0,USOILm,0.0
2023-10-04 00:00:00,88.284,88.485,87.922,88.095,3601,46,0,USOILm,0.0
2023-10-04 04:00:00,88.095,88.168,87.268,87.298,5234,46,0,USOILm,0.0
2023-10-04 08:00:00,87.299,87.75,86.331,86.659,9735,46,0,USOILm,0.0
2023-10-04 12:00:00,86.657,86.756,84.291,84.374,14728,46,0,USOILm,0.0
2023-10-04 16:00:00,84.383,84.509,83.161,83.606,10433,46,0,USOILm,0.0
2023-10-04 20:00:00,83.612,83.683,83.226,83.229,1351,46,0,USOILm,0.0
2023-10-05 00:00:00,83.231,83.709,83.138,83.605,3574,46,0,USOILm,0.0
2023-10-05 04:00:00,83.601,83.811,82.828,83.21,5541,46,0,USOILm,0.0
2023-10-05 08:00:00,83.21,83.425,81.345,82.119,10697,46,0,USOILm,0.0
2023-10-05 12:00:00,82.118,83.376,81.196,81.48,17193,46,0,USOILm,0.0
2023-10-05 16:00:00,81.481,82.275,81.199,81.482,11157,46,0,USOILm,0.0
2023-10-05 20:00:00,81.481,81.857,81.403,81.793,1314,46,0,USOILm,0.0
2023-10-06 00:00:00,81.792,81.885,81.503,81.537,3079,46,0,USOILm,0.0
2023-10-06 04:00:00,81.539,82.038,81.059,81.807,5595,46,0,USOILm,0.0
2023-10-06 08:00:00,81.8,81.8,81.043,81.301,9121,46,0,USOILm,0.0
2023-10-06 12:00:00,81.296,82.035,80.597,81.879,17838,46,0,USOILm,0.0
2023-10-06 16:00:00,81.867,82.154,81.337,81.692,9565,46,0,USOILm,0.0
2023-10-06 20:00:00,81.691,81.754,81.611,81.65,495,46,0,USOILm,0.0
2023-10-09 00:00:00,84.473,85.972,84.435,84.79,7262,46,0,USOILm,0.0
2023-10-09 04:00:00,84.789,84.849,83.805,83.853,7978,46,0,USOILm,0.0
2023-10-09 08:00:00,83.842,84.901,83.63,84.829,10787,46,0,USOILm,0.0
2023-10-09 12:00:00,84.834,85.395,84.056,85.021,15031,46,0,USOILm,0.0
2023-10-09 16:00:00,85.019,85.215,84.417,85.05,8714,27,0,USOILm,0.0
2023-10-09 20:00:00,85.047,85.126,84.966,85.027,1059,27,0,USOILm,0.0
2023-10-10 00:00:00,85.027,85.046,84.549,84.674,5580,27,0,USOILm,0.0
2023-10-10 04:00:00,84.676,84.789,83.984,84.563,6888,27,0,USOILm,0.0
2023-10-10 08:00:00,84.558,85.328,84.377,84.581,12233,27,0,USOILm,0.0
2023-10-10 12:00:00,84.586,84.979,83.762,84.361,20243,27,0,USOILm,0.0
2023-10-10 16:00:00,84.358,84.826,84.166,84.372,10972,27,0,USOILm,0.0
2023-10-10 20:00:00,84.37,84.501,84.356,84.499,897,27,0,USOILm,0.0
2023-10-11 00:00:00,84.5,84.767,84.483,84.699,3741,27,0,USOILm,0.0
2023-10-11 04:00:00,84.699,85.029,84.539,84.724,4708,27,0,USOILm,0.0
2023-10-11 08:00:00,84.716,84.722,83.535,83.927,10220,27,0,USOILm,0.0
2023-10-11 12:00:00,83.923,84.199,81.876,82.486,22690,27,0,USOILm,0.0
2023-10-11 16:00:00,82.489,83.359,82.073,82.815,12758,27,0,USOILm,0.0
2023-10-11 20:00:00,82.812,82.828,81.948,81.948,1495,27,0,USOILm,0.0
2023-10-12 00:00:00,81.947,82.075,81.606,81.906,4362,27,0,USOILm,0.0
2023-10-12 04:00:00,81.906,82.764,81.659,82.751,6255,27,0,USOILm,0.0
2023-10-12 08:00:00,82.738,83.505,82.61,83.495,9819,27,0,USOILm,0.0
2023-10-12 12:00:00,83.495,83.933,82.238,82.694,19933,27,0,USOILm,0.0
2023-10-12 16:00:00,82.685,82.752,81.44,82.469,15049,27,0,USOILm,0.0
2023-10-12 20:00:00,82.466,82.495,82.255,82.387,1077,27,0,USOILm,0.0
2023-10-13 00:00:00,82.392,82.638,82.288,82.474,3759,27,0,USOILm,0.0
2023-10-13 04:00:00,82.474,83.774,82.469,83.732,5503,27,0,USOILm,0.0
2023-10-13 08:00:00,83.728,85.316,83.706,85.241,11390,27,0,USOILm,0.0
2023-10-13 12:00:00,85.245,85.747,84.303,85.421,19512,27,0,USOILm,0.0
2023-10-13 16:00:00,85.426,86.619,85.232,86.431,11767,27,0,USOILm,0.0
2023-10-13 20:00:00,86.43,86.544,86.4,86.442,752,27,0,USOILm,0.0
2023-10-16 00:00:00,86.319,86.582,85.922,86.492,5864,27,0,USOILm,0.0
2023-10-16 04:00:00,86.493,86.534,85.928,86.219,7092,27,0,USOILm,0.0
2023-10-16 08:00:00,86.214,86.546,85.707,86.261,10706,27,0,USOILm,0.0
2023-10-16 12:00:00,86.266,86.982,85.048,85.519,18928,27,0,USOILm,0.0
2023-10-16 16:00:00,85.519,85.942,85.152,85.639,9286,27,0,USOILm,0.0
2023-10-16 20:00:00,85.635,85.765,85.343,85.436,1303,27,0,USOILm,0.0
2023-10-17 00:00:00,85.448,85.555,84.735,85.148,5466,27,0,USOILm,0.0
2023-10-17 04:00:00,85.148,85.661,84.987,85.392,6501,27,0,USOILm,0.0
2023-10-17 08:00:00,85.389,85.65,84.955,85.45,9751,27,0,USOILm,0.0
2023-10-17 12:00:00,85.455,86.084,84.366,85.063,17867,27,0,USOILm,0.0
2023-10-17 16:00:00,85.062,85.998,84.705,85.957,9914,27,0,USOILm,0.0
2023-10-17 20:00:00,85.959,86.926,85.839,86.924,2232,27,0,USOILm,0.0
2023-10-18 00:00:00,86.917,87.716,86.844,87.167,6470,27,0,USOILm,0.0
2023-10-18 04:00:00,87.167,87.461,86.747,87.034,6192,27,0,USOILm,0.0
2023-10-18 08:00:00,87.036,88.478,86.915,87.229,11340,27,0,USOILm,0.0
2023-10-18 12:00:00,87.227,87.264,86.181,86.915,17709,27,0,USOILm,0.0
2023-10-18 16:00:00,86.907,87.666,86.755,87.069,9935,27,0,USOILm,0.0
2023-10-18 20:00:00,87.074,87.218,86.963,86.979,1238,27,0,USOILm,0.0
2023-10-19 00:00:00,86.977,87.029,86.489,86.828,4335,27,0,USOILm,0.0
2023-10-19 04:00:00,86.826,87.08,86.177,86.179,6359,27,0,USOILm,0.0
2023-10-19 08:00:00,86.174,86.54,85.357,86.447,10780,27,0,USOILm,0.0
2023-10-19 12:00:00,86.438,87.52,85.954,87.355,14416,27,0,USOILm,0.0
2023-10-19 16:00:00,87.36,89.239,87.218,89.182,12285,27,0,USOILm,0.0
2023-10-19 20:00:00,89.179,89.372,88.946,88.958,2078,27,0,USOILm,0.0
2023-10-20 00:00:00,88.958,89.37,88.798,89.105,4850,27,0,USOILm,0.0
2023-10-20 04:00:00,89.104,89.284,88.672,88.778,5729,27,0,USOILm,0.0
2023-10-20 08:00:00,88.777,89.603,88.68,89.284,9145,27,0,USOILm,0.0
2023-10-20 12:00:00,89.286,89.437,88.503,88.945,14890,27,0,USOILm,0.0
2023-10-20 16:00:00,88.945,89.048,87.344,87.983,11753,27,0,USOILm,0.0
2023-10-20 20:00:00,87.984,88.032,87.917,87.99,516,27,0,USOILm,0.0
2023-10-23 00:00:00,87.487,87.655,86.795,86.894,5177,27,0,USOILm,0.0
2023-10-23 04:00:00,86.895,87.382,86.609,87.342,6274,27,0,USOILm,0.0
2023-10-23 08:00:00,87.345,87.979,87.083,87.375,9161,27,0,USOILm,0.0
2023-10-23 12:00:00,87.376,87.773,86.07,86.439,16549,27,0,USOILm,0.0
2023-10-23 16:00:00,86.436,86.481,85.144,85.758,11302,27,0,USOILm,0.0
2023-10-23 20:00:00,85.758,86.012,85.689,85.853,1353,27,0,USOILm,0.0
2023-10-24 00:00:00,85.849,85.961,85.558,85.695,4798,27,0,USOILm,0.0
2023-10-24 04:00:00,85.69,85.994,85.391,85.926,5380,27,0,USOILm,0.0
2023-10-24 08:00:00,85.922,85.945,84.821,85.501,10139,27,0,USOILm,0.0
2023-10-24 12:00:00,85.501,85.607,82.776,83.023,18453,27,0,USOILm,0.0
2023-10-24 16:00:00,83.015,83.833,82.746,83.42,11035,27,0,USOILm,0.0
2023-10-24 20:00:00,83.421,83.757,83.333,83.451,1423,27,0,USOILm,0.0
2023-10-25 00:00:00,83.449,83.609,83.246,83.524,4810,27,0,USOILm,0.0
2023-10-25 04:00:00,83.527,83.583,82.969,83.118,5486,27,0,USOILm,0.0
2023-10-25 08:00:00,83.111,83.8,82.962,83.698,9004,27,0,USOILm,0.0
2023-10-25 12:00:00,83.698,83.973,81.886,83.749,18287,27,0,USOILm,0.0
2023-10-25 16:00:00,83.756,85.338,83.673,85.033,13699,27,0,USOILm,0.0
2023-10-25 20:00:00,85.04,85.216,84.827,84.942,1728,27,0,USOILm,0.0
2023-10-26 00:00:00,84.93,85.315,84.857,84.947,4720,27,0,USOILm,0.0
2023-10-26 04:00:00,84.949,85.255,84.251,84.953,5907,27,0,USOILm,0.0
2023-10-26 08:00:00,84.963,84.963,83.382,83.466,8513,27,0,USOILm,0.0
2023-10-26 12:00:00,83.462,84.027,82.35,83.95,20864,27,0,USOILm,0.0
2023-10-26 16:00:00,83.943,83.946,82.779,83.246,11807,27,0,USOILm,0.0
2023-10-26 20:00:00,83.241,83.472,83.129,83.378,1367,27,0,USOILm,0.0
2023-10-27 00:00:00,83.379,84.133,83.274,83.995,5429,27,0,USOILm,0.0
2023-10-27 04:00:00,83.996,84.465,83.933,84.092,6329,27,0,USOILm,0.0
2023-10-27 08:00:00,84.086,85.048,83.923,84.098,8945,27,0,USOILm,0.0
2023-10-27 12:00:00,84.095,84.646,82.822,83.807,21053,27,0,USOILm,0.0
2023-10-27 16:00:00,83.806,85.536,83.372,84.818,14634,27,0,USOILm,0.0
2023-10-27 20:00:00,84.823,84.919,84.696,84.719,967,27,0,USOILm,0.0
2023-10-30 00:00:00,84.2,84.622,83.842,83.884,4791,27,0,USOILm,0.0
2023-10-30 04:00:00,83.884,84.178,83.552,83.831,5298,27,0,USOILm,0.0
2023-10-30 08:00:00,83.836,84.427,83.396,84.115,10469,27,0,USOILm,0.0
2023-10-30 12:00:00,84.115,84.247,82.028,82.281,18349,27,0,USOILm,0.0
2023-10-30 16:00:00,82.286,82.802,81.527,82.249,15416,27,0,USOILm,0.0
2023-10-30 20:00:00,82.25,82.47,82.116,82.316,1483,27,0,USOILm,0.0
2023-10-31 00:00:00,82.31,82.607,81.998,82.275,5254,27,0,USOILm,0.0
2023-10-31 04:00:00,82.274,82.732,82.181,82.203,5113,27,0,USOILm,0.0
2023-10-31 08:00:00,82.206,82.978,82.206,82.682,11028,27,0,USOILm,0.0
2023-10-31 12:00:00,82.68,83.06,81.621,82.511,18876,27,0,USOILm,0.0
2023-10-31 16:00:00,82.51,82.562,80.503,80.996,12961,27,0,USOILm,0.0
2023-10-31 20:00:00,80.992,81.329,80.991,81.079,1293,27,0,USOILm,0.0
2023-11-01 00:00:00,81.079,81.223,80.785,80.857,4442,27,0,USOILm,0.0
2023-11-01 04:00:00,80.858,81.356,80.772,81.218,4333,27,0,USOILm,0.0
2023-11-01 08:00:00,81.214,82.471,80.997,82.448,9415,27,0,USOILm,0.0
2023-11-01 12:00:00,82.453,83.071,81.543,82.001,16491,27,0,USOILm,0.0
2023-11-01 16:00:00,82.005,82.117,80.115,80.683,14866,27,0,USOILm,0.0
2023-11-01 20:00:00,80.689,80.802,80.558,80.678,1130,27,0,USOILm,0.0
2023-11-02 00:00:00,80.678,81.311,80.634,81.072,4189,27,0,USOILm,0.0
2023-11-02 04:00:00,81.072,81.31,80.858,81.213,4833,27,0,USOILm,0.0
2023-11-02 08:00:00,81.214,81.846,81.158,81.169,9025,27,0,USOILm,0.0
2023-11-02 12:00:00,81.169,81.944,80.087,81.919,18459,27,0,USOILm,0.0
2023-11-02 16:00:00,81.922,82.59,81.647,82.164,12053,27,0,USOILm,0.0
2023-11-02 20:00:00,82.165,82.465,82.153,82.317,1084,27,0,USOILm,0.0
2023-11-03 00:00:00,82.316,82.577,82.143,82.43,4098,27,0,USOILm,0.0
2023-11-03 04:00:00,82.43,82.786,82.413,82.73,3939,27,0,USOILm,0.0
2023-11-03 08:00:00,82.734,82.993,81.964,82.927,8728,27,0,USOILm,0.0
2023-11-03 12:00:00,82.923,83.336,80.707,81.633,22396,27,0,USOILm,0.0
2023-11-03 16:00:00,81.634,81.758,79.934,80.699,13733,27,0,USOILm,0.0
2023-11-03 20:00:00,80.702,80.79,80.534,80.567,594,27,0,USOILm,0.0
2023-11-06 00:00:00,80.818,80.964,80.611,80.712,4150,27,0,USOILm,0.0
2023-11-06 04:00:00,80.711,81.14,80.657,81.024,3558,27,0,USOILm,0.0
2023-11-06 08:00:00,81.024,81.876,80.999,81.351,8775,27,0,USOILm,0.0
2023-11-06 12:00:00,81.356,81.993,80.969,81.346,15531,27,0,USOILm,0.0
2023-11-06 16:00:00,81.341,81.808,80.585,80.955,12720,27,0,USOILm,0.0
2023-11-06 20:00:00,80.95,80.969,80.634,80.722,1919,27,0,USOILm,0.0
2023-11-07 00:00:00,80.724,80.747,80.168,80.295,4014,27,0,USOILm,0.0
2023-11-07 04:00:00,80.294,80.32,79.606,79.827,4919,27,0,USOILm,0.0
2023-11-07 08:00:00,79.826,79.83,78.776,79.241,10978,27,0,USOILm,0.0
2023-11-07 12:00:00,79.241,79.538,78.069,78.188,16371,27,0,USOILm,0.0
2023-11-07 16:00:00,78.193,78.483,77.167,77.234,12676,27,0,USOILm,0.0
2023-11-07 20:00:00,77.24,77.467,76.931,76.982,2647,27,0,USOILm,0.0
2023-11-08 00:00:00,76.981,77.437,76.435,77.146,5452,27,0,USOILm,0.0
2023-11-08 04:00:00,77.146,77.351,76.847,77.253,4787,27,0,USOILm,0.0
2023-11-08 08:00:00,77.258,77.406,76.465,76.69,10730,27,0,USOILm,0.0
2023-11-08 12:00:00,76.69,77.124,75.445,75.498,19715,27,0,USOILm,0.0
2023-11-08 16:00:00,75.51,76.249,74.915,75.519,19033,27,0,USOILm,0.0
2023-11-08 20:00:00,75.519,75.656,75.417,75.518,2180,27,0,USOILm,0.0
2023-11-09 00:00:00,75.518,76.004,75.436,75.498,4219,27,0,USOILm,0.0
2023-11-09 04:00:00,75.497,75.884,75.172,75.742,5144,27,0,USOILm,0.0
2023-11-09 08:00:00,75.74,76.069,75.577,75.728,9515,27,0,USOILm,0.0
2023-11-09 12:00:00,75.728,77.096,75.576,76.781,15661,27,0,USOILm,0.0
2023-11-09 16:00:00,76.778,76.783,75.428,75.475,14832,27,0,USOILm,0.0
2023-11-09 20:00:00,75.474,75.634,75.451,75.559,1796,27,0,USOILm,0.0
2023-11-10 00:00:00,75.559,76.043,75.34,75.968,4017,27,0,USOILm,0.0
2023-11-10 04:00:00,75.967,76.285,75.915,75.985,4576,27,0,USOILm,0.0
2023-11-10 08:00:00,75.984,76.644,75.857,76.615,8102,27,0,USOILm,0.0
2023-11-10 12:00:00,76.616,77.002,76.422,76.842,12563,27,0,USOILm,0.0
2023-11-10 16:00:00,76.842,77.699,76.7,77.119,12342,27,0,USOILm,0.0
2023-11-10 20:00:00,77.117,77.381,77.117,77.363,1556,27,0,USOILm,0.0
2023-11-13 00:00:00,76.857,76.896,76.38,76.44,4389,27,0,USOILm,0.0
2023-11-13 04:00:00,76.44,76.67,76.333,76.543,3440,27,0,USOILm,0.0
2023-11-13 08:00:00,76.542,77.464,76.182,77.307,8490,27,0,USOILm,0.0
2023-11-13 12:00:00,77.299,78.002,76.986,77.718,13428,27,0,USOILm,0.0
2023-11-13 16:00:00,77.719,78.444,77.671,78.355,10743,27,0,USOILm,0.0
2023-11-13 20:00:00,78.347,78.543,78.301,78.442,1601,27,0,USOILm,0.0
2023-11-14 00:00:00,78.44,78.64,78.314,78.472,3276,27,0,USOILm,0.0
2023-11-14 04:00:00,78.472,78.545,78.259,78.366,3249,27,0,USOILm,0.0
2023-11-14 08:00:00,78.366,78.509,77.974,78.027,8028,27,0,USOILm,0.0
2023-11-14 12:00:00,78.03,79.651,77.737,79.364,14716,27,0,USOILm,0.0
2023-11-14 16:00:00,79.37,79.404,77.8,78.156,13385,27,0,USOILm,0.0
2023-11-14 20:00:00,78.152,78.259,77.968,78.049,1387,27,0,USOILm,0.0
2023-11-15 00:00:00,78.048,78.432,77.602,78.396,3698,27,0,USOILm,0.0
2023-11-15 04:00:00,78.397,78.673,78.212,78.284,3509,27,0,USOILm,0.0
2023-11-15 08:00:00,78.285,78.343,77.433,77.906,8964,27,0,USOILm,0.0
2023-11-15 12:00:00,77.901,78.14,77.016,77.219,14908,27,0,USOILm,0.0
2023-11-15 16:00:00,77.215,77.526,76.521,76.572,12928,27,0,USOILm,0.0
2023-11-15 20:00:00,76.574,76.69,76.434,76.481,1969,27,0,USOILm,0.0
2023-11-16 00:00:00,76.483,76.571,76.001,76.116,3710,27,0,USOILm,0.0
2023-11-16 04:00:00,76.112,76.484,75.985,76.12,4142,27,0,USOILm,0.0
2023-11-16 08:00:00,76.121,76.783,75.898,76.635,8725,27,0,USOILm,0.0
2023-11-16 12:00:00,76.635,76.636,73.618,73.811,17747,27,0,USOILm,0.0
2023-11-16 16:00:00,73.806,73.86,72.371,73.067,13605,27,0,USOILm,0.0
2023-11-16 20:00:00,73.066,73.304,73.021,73.229,1903,27,0,USOILm,0.0
2023-11-17 00:00:00,73.229,73.369,72.906,73.198,4527,27,0,USOILm,0.0
2023-11-17 04:00:00,73.199,73.248,73.065,73.185,3481,27,0,USOILm,0.0
2023-11-17 08:00:00,73.18,74.1,73.069,74.094,9640,27,0,USOILm,0.0
2023-11-17 12:00:00,74.098,75.326,73.656,75.25,12858,27,0,USOILm,0.0
2023-11-17 16:00:00,75.254,76.17,75.047,75.883,12583,27,0,USOILm,0.0
2023-11-17 20:00:00,75.881,76.016,75.874,75.997,1348,27,0,USOILm,0.0
2023-11-20 00:00:00,76.24,76.666,75.915,76.574,5336,27,0,USOILm,0.0
2023-11-20 04:00:00,76.573,76.84,76.468,76.509,3769,27,0,USOILm,0.0
2023-11-20 08:00:00,76.514,77.346,76.236,77.247,9478,27,0,USOILm,0.0
2023-11-20 12:00:00,77.247,78.139,77.211,78.057,12059,27,0,USOILm,0.0
2023-11-20 16:00:00,78.057,78.439,77.591,77.754,9026,27,0,USOILm,0.0
2023-11-20 20:00:00,77.757,77.774,77.522,77.619,1654,27,0,USOILm,0.0
2023-11-21 00:00:00,77.613,77.798,77.422,77.431,3955,27,0,USOILm,0.0
2023-11-21 04:00:00,77.431,77.59,77.158,77.385,4292,27,0,USOILm,0.0
2023-11-21 08:00:00,77.39,77.781,77.012,77.469,9388,27,0,USOILm,0.0
2023-11-21 12:00:00,77.466,77.72,76.933,77.652,14384,27,0,USOILm,0.0
2023-11-21 16:00:00,77.658,77.926,77.062,77.907,9932,27,0,USOILm,0.0
2023-11-21 20:00:00,77.907,77.91,77.678,77.698,1389,27,0,USOILm,0.0
2023-11-22 00:00:00,77.697,77.991,77.464,77.679,3958,27,0,USOILm,0.0
2023-11-22 04:00:00,77.678,77.915,77.528,77.879,3744,27,0,USOILm,0.0
2023-11-22 08:00:00,77.873,77.962,76.624,76.877,9544,27,0,USOILm,0.0
2023-11-22 12:00:00,76.868,76.869,73.828,74.635,24605,27,0,USOILm,0.0
2023-11-22 16:00:00,74.635,77.163,74.427,76.88,14819,27,0,USOILm,0.0
2023-11-22 20:00:00,76.878,76.97,76.684,76.711,1762,27,0,USOILm,0.0
2023-11-23 00:00:00,76.709,76.835,75.821,76.218,4885,27,0,USOILm,0.0
2023-11-23 04:00:00,76.22,76.684,76.177,76.643,3484,27,0,USOILm,0.0
2023-11-23 08:00:00,76.644,76.76,75.878,76.418,9670,27,0,USOILm,0.0
2023-11-23 12:00:00,76.421,76.562,75.33,75.997,11307,27,0,USOILm,0.0
2023-11-23 16:00:00,75.999,76.596,75.867,76.332,4396,27,0,USOILm,0.0
2023-11-23 20:00:00,76.25,76.378,76.239,76.373,268,34,0,USOILm,0.0
2023-11-24 00:00:00,76.376,76.829,76.357,76.475,3963,27,0,USOILm,0.0
2023-11-24 04:00:00,76.477,76.707,76.357,76.568,3603,27,0,USOILm,0.0
2023-11-24 08:00:00,76.566,76.864,76.404,76.829,7299,27,0,USOILm,0.0
2023-11-24 12:00:00,76.829,77.09,76.021,77.086,12087,27,0,USOILm,0.0
2023-11-24 16:00:00,77.082,77.122,75.561,75.582,7894,27,0,USOILm,0.0
2023-11-27 00:00:00,75.78,75.78,74.832,74.97,5233,27,0,USOILm,0.0
2023-11-27 04:00:00,74.967,75.277,74.769,75.016,4266,27,0,USOILm,0.0
2023-11-27 08:00:00,75.015,75.329,74.145,74.673,10763,27,0,USOILm,0.0
2023-11-27 12:00:00,74.673,76.264,74.563,75.46,17392,27,0,USOILm,0.0
2023-11-27 16:00:00,75.455,75.64,74.591,75.02,14606,27,0,USOILm,0.0
2023-11-27 20:00:00,75.02,75.3,74.931,75.279,1566,27,0,USOILm,0.0
2023-11-28 00:00:00,75.279,75.448,75.061,75.199,3809,27,0,USOILm,0.0
2023-11-28 04:00:00,75.202,75.202,74.785,75.053,4310,27,0,USOILm,0.0
2023-11-28 08:00:00,75.058,75.959,75.05,75.664,7341,27,0,USOILm,0.0
2023-11-28 12:00:00,75.666,76.771,74.724,76.731,17630,27,0,USOILm,0.0
2023-11-28 16:00:00,76.728,77.055,76.318,76.479,9722,27,0,USOILm,0.0
2023-11-28 20:00:00,76.479,76.71,76.367,76.71,1720,27,0,USOILm,0.0
2023-11-29 00:00:00,76.705,76.997,76.45,76.603,3981,27,0,USOILm,0.0
2023-11-29 04:00:00,76.611,76.818,76.422,76.549,3911,27,0,USOILm,0.0
2023-11-29 08:00:00,76.545,77.797,76.406,77.757,10000,27,0,USOILm,0.0
2023-11-29 12:00:00,77.758,77.912,75.743,76.663,16442,27,0,USOILm,0.0
2023-11-29 16:00:00,76.659,77.986,76.536,77.942,15557,27,0,USOILm,0.0
2023-11-29 20:00:00,77.942,78.116,77.687,77.723,1987,27,0,USOILm,0.0
2023-11-30 00:00:00,77.724,77.991,77.491,77.809,4444,27,0,USOILm,0.0
2023-11-30 04:00:00,77.809,78.546,77.807,78.334,5489,27,0,USOILm,0.0
2023-11-30 08:00:00,78.347,79.605,77.958,78.581,16256,27,0,USOILm,0.0
2023-11-30 12:00:00,78.575,79.595,76.798,76.912,21700,27,0,USOILm,0.0
2023-11-30 16:00:00,76.919,77.084,75.088,76.153,21706,27,0,USOILm,0.0
2023-11-30 20:00:00,76.153,76.223,75.151,75.696,2609,28,0,USOILm,0.0
2023-12-01 00:00:00,75.696,75.98,75.383,75.824,4950,27,0,USOILm,0.0
2023-12-01 04:00:00,75.822,76.08,75.672,75.846,4572,27,0,USOILm,0.0
2023-12-01 08:00:00,75.841,76.468,75.522,76.238,12576,27,0,USOILm,0.0
2023-12-01 12:00:00,76.235,76.762,75.292,76.327,17122,27,0,USOILm,0.0
2023-12-01 16:00:00,76.336,76.558,74.034,74.453,17093,27,0,USOILm,0.0
2023-12-01 20:00:00,74.46,74.49,74.276,74.467,1679,29,0,USOILm,0.0
2023-12-04 00:00:00,74.92,74.939,73.673,73.79,6083,27,0,USOILm,0.0
2023-12-04 04:00:00,73.788,73.798,73.456,73.482,3987,27,0,USOILm,0.0
2023-12-04 08:00:00,73.481,74.016,72.982,73.843,11447,27,0,USOILm,0.0
2023-12-04 12:00:00,73.846,74.815,72.754,73.815,21254,27,0,USOILm,0.0
2023-12-04 16:00:00,73.82,74.362,73.131,73.422,15856,27,0,USOILm,0.0
2023-12-04 20:00:00,73.421,73.504,73.338,73.43,1661,27,0,USOILm,0.0
2023-12-05 00:00:00,73.426,73.601,73.233,73.238,4278,27,0,USOILm,0.0
2023-12-05 04:00:00,73.236,73.559,73.143,73.551,3864,27,0,USOILm,0.0
2023-12-05 08:00:00,73.557,74.207,73.063,73.132,9935,27,0,USOILm,0.0
2023-12-05 12:00:00,73.134,74.249,72.334,73.554,21661,27,0,USOILm,0.0
2023-12-05 16:00:00,73.55,74.035,72.363,72.654,16503,27,0,USOILm,0.0
2023-12-05 20:00:00,72.653,72.7,72.171,72.275,1906,27,0,USOILm,0.0
2023-12-06 00:00:00,72.271,72.738,72.238,72.476,4325,27,0,USOILm,0.0
2023-12-06 04:00:00,72.476,72.622,72.29,72.538,3646,27,0,USOILm,0.0
2023-12-06 08:00:00,72.54,72.746,71.47,71.774,10751,27,0,USOILm,0.0
2023-12-06 12:00:00,71.772,72.052,70.237,70.365,17836,27,0,USOILm,0.0
2023-12-06 16:00:00,70.36,70.36,69.287,69.546,14412,27,0,USOILm,0.0
2023-12-06 20:00:00,69.548,69.746,69.336,69.677,2156,27,0,USOILm,0.0
2023-12-07 00:00:00,69.677,69.98,69.624,69.933,4185,27,0,USOILm,0.0
2023-12-07 04:00:00,69.932,70.134,69.732,70.125,3622,27,0,USOILm,0.0
2023-12-07 08:00:00,70.125,70.571,69.783,69.96,10855,27,0,USOILm,0.0
2023-12-07 12:00:00,69.965,70.625,69.752,69.925,16205,27,0,USOILm,0.0
2023-12-07 16:00:00,69.931,70.256,68.995,69.699,14996,27,0,USOILm,0.0
2023-12-07 20:00:00,69.701,70.06,69.629,69.973,1575,26,0,USOILm,0.0
2023-12-08 00:00:00,69.976,70.67,69.682,70.666,6370,27,0,USOILm,0.0
2023-12-08 04:00:00,70.668,71.074,70.44,70.897,4388,27,0,USOILm,0.0
2023-12-08 08:00:00,70.899,71.426,70.44,70.68,9370,27,0,USOILm,0.0
2023-12-08 12:00:00,70.681,71.758,70.576,71.283,15488,27,0,USOILm,0.0
2023-12-08 16:00:00,71.288,71.554,70.725,71.43,11084,27,0,USOILm,0.0
2023-12-08 20:00:00,71.43,71.532,71.297,71.504,1391,27,0,USOILm,0.0
2023-12-11 00:00:00,71.418,71.85,71.393,71.801,4203,27,0,USOILm,0.0
2023-12-11 04:00:00,71.796,71.978,71.761,71.83,2854,27,0,USOILm,0.0
2023-12-11 08:00:00,71.827,71.958,70.57,71.007,8050,27,0,USOILm,0.0
2023-12-11 12:00:00,71.005,71.561,70.853,71.222,12240,27,0,USOILm,0.0
2023-12-11 16:00:00,71.222,71.896,70.767,71.546,12497,27,0,USOILm,0.0
2023-12-11 20:00:00,71.545,71.683,71.495,71.612,1125,27,0,USOILm,0.0
2023-12-12 00:00:00,71.611,71.844,71.486,71.792,2826,27,0,USOILm,0.0
2023-12-12 04:00:00,71.792,72.169,71.792,71.947,3160,27,0,USOILm,0.0
2023-12-12 08:00:00,71.942,72.0,71.191,71.404,8015,27,0,USOILm,0.0
2023-12-12 12:00:00,71.399,71.399,69.096,69.221,16920,27,0,USOILm,0.0
2023-12-12 16:00:00,69.215,69.229,68.466,68.915,11001,27,0,USOILm,0.0
2023-12-12 20:00:00,68.92,69.14,68.877,68.936,1783,27,0,USOILm,0.0
2023-12-13 00:00:00,68.935,69.01,68.345,68.527,3718,27,0,USOILm,0.0
2023-12-13 04:00:00,68.531,68.809,68.164,68.307,4302,27,0,USOILm,0.0
2023-12-13 08:00:00,68.302,69.149,67.966,69.038,10780,27,0,USOILm,0.0
2023-12-13 12:00:00,69.038,69.922,68.951,69.742,13778,27,0,USOILm,0.0
2023-12-13 16:00:00,69.746,69.943,69.23,69.714,12693,27,0,USOILm,0.0
2023-12-13 20:00:00,69.716,70.205,69.666,70.163,1965,27,0,USOILm,0.0
2023-12-14 00:00:00,70.163,70.355,69.832,69.84,3467,27,0,USOILm,0.0
2023-12-14 04:00:00,69.839,70.167,69.812,70.1,3044,27,0,USOILm,0.0
2023-12-14 08:00:00,70.088,71.214,70.041,70.893,8524,27,0,USOILm,0.0
2023-12-14 12:00:00,70.895,72.392,70.82,72.14,11591,27,0,USOILm,0.0
2023-12-14 16:00:00,72.134,72.709,71.736,71.84,11430,27,0,USOILm,0.0
2023-12-14 20:00:00,71.838,72.045,71.797,71.884,1595,27,0,USOILm,0.0
2023-12-15 00:00:00,71.888,72.378,71.87,72.316,3360,27,0,USOILm,0.0
2023-12-15 04:00:00,72.313,72.314,71.919,71.975,3740,27,0,USOILm,0.0
2023-12-15 08:00:00,71.97,72.417,71.79,72.16,8964,27,0,USOILm,0.0
2023-12-15 12:00:00,72.161,72.547,70.641,71.521,17356,27,0,USOILm,0.0
2023-12-15 16:00:00,71.527,72.204,71.424,71.824,13359,27,0,USOILm,0.0
2023-12-15 20:00:00,71.826,72.045,71.736,72.038,1413,27,0,USOILm,0.0
2023-12-18 00:00:00,72.529,72.65,71.972,72.111,3910,27,0,USOILm,0.0
2023-12-18 04:00:00,72.113,72.6,72.067,72.239,3594,27,0,USOILm,0.0
2023-12-18 08:00:00,72.235,72.535,71.011,72.492,11914,27,0,USOILm,0.0
2023-12-18 12:00:00,72.487,74.623,72.141,73.827,16605,27,0,USOILm,0.0
2023-12-18 16:00:00,73.821,74.102,72.439,72.937,12667,27,0,USOILm,0.0
2023-12-18 20:00:00,72.94,73.066,72.771,72.816,1429,27,0,USOILm,0.0
2023-12-19 00:00:00,72.816,73.105,72.742,72.783,3805,27,0,USOILm,0.0
2023-12-19 04:00:00,72.784,72.92,72.628,72.64,3458,27,0,USOILm,0.0
2023-12-19 08:00:00,72.638,72.986,72.169,72.858,10201,27,0,USOILm,0.0
2023-12-19 12:00:00,72.853,74.104,72.495,74.07,12814,27,0,USOILm,0.0
2023-12-19 16:00:00,74.064,74.452,73.633,74.17,10829,27,0,USOILm,0.0
2023-12-19 20:00:00,74.171,74.449,73.989,74.152,1842,27,0,USOILm,0.0
2023-12-20 00:00:00,74.154,74.169,73.931,73.962,2943,27,0,USOILm,0.0
2023-12-20 04:00:00,73.962,74.319,73.901,74.239,3096,27,0,USOILm,0.0
2023-12-20 08:00:00,74.24,75.068,74.231,74.956,8321,27,0,USOILm,0.0
2023-12-20 12:00:00,74.952,75.388,74.424,74.635,13015,27,0,USOILm,0.0
2023-12-20 16:00:00,74.631,75.241,73.652,73.938,13840,27,0,USOILm,0.0
2023-12-20 20:00:00,73.937,74.105,73.566,73.669,2556,27,0,USOILm,0.0
2023-12-21 00:00:00,73.671,74.094,73.568,73.932,3716,27,0,USOILm,0.0
2023-12-21 04:00:00,73.931,74.282,73.801,74.216,3756,27,0,USOILm,0.0
2023-12-21 08:00:00,74.217,74.615,73.842,73.974,7820,27,0,USOILm,0.0
2023-12-21 12:00:00,73.969,74.117,72.493,73.713,17580,27,0,USOILm,0.0
2023-12-21 16:00:00,73.714,74.027,73.079,73.826,13449,27,0,USOILm,0.0
2023-12-21 20:00:00,73.823,74.055,73.709,73.863,1495,27,0,USOILm,0.0
2023-12-22 00:00:00,73.862,74.788,73.859,74.654,3925,27,0,USOILm,0.0
2023-12-22 04:00:00,74.651,74.762,74.336,74.599,4906,27,0,USOILm,0.0
2023-12-22 08:00:00,74.607,74.908,74.424,74.53,8923,27,0,USOILm,0.0
2023-12-22 12:00:00,74.523,75.002,73.775,73.787,14247,27,0,USOILm,0.0
2023-12-22 16:00:00,73.799,74.205,73.419,73.689,13128,27,0,USOILm,0.0
2023-12-22 20:00:00,73.694,73.763,73.533,73.551,1022,27,0,USOILm,0.0
2023-12-26 00:00:00,73.811,73.866,73.496,73.669,3721,29,0,USOILm,0.0
2023-12-26 04:00:00,73.673,73.916,73.568,73.705,2803,81,0,USOILm,0.0
2023-12-26 08:00:00,73.702,73.953,73.136,73.607,5715,84,0,USOILm,0.0
2023-12-26 12:00:00,73.609,75.748,73.578,75.519,11785,28,0,USOILm,0.0
2023-12-26 16:00:00,75.522,76.213,75.411,75.467,9281,28,0,USOILm,0.0
2023-12-26 20:00:00,75.473,75.544,75.121,75.302,2794,28,0,USOILm,0.0
2023-12-27 00:00:00,75.304,75.564,75.201,75.458,4439,27,0,USOILm,0.0
2023-12-27 04:00:00,75.463,75.627,75.273,75.447,3608,27,0,USOILm,0.0
2023-12-27 08:00:00,75.454,75.704,74.945,75.143,9053,27,0,USOILm,0.0
2023-12-27 12:00:00,75.134,75.451,74.224,74.959,15765,27,0,USOILm,0.0
2023-12-27 16:00:00,74.959,75.086,73.984,74.14,13409,27,0,USOILm,0.0
2023-12-27 20:00:00,74.141,74.223,73.851,74.122,1976,27,0,USOILm,0.0
2023-12-28 00:00:00,74.124,74.481,74.061,74.15,3899,27,0,USOILm,0.0
2023-12-28 04:00:00,74.15,74.384,74.019,74.047,3862,27,0,USOILm,0.0
2023-12-28 08:00:00,74.045,74.385,72.996,73.402,11053,27,0,USOILm,0.0
2023-12-28 12:00:00,73.401,73.863,72.778,73.265,15378,27,0,USOILm,0.0
2023-12-28 16:00:00,73.261,73.909,71.798,72.097,15314,27,0,USOILm,0.0
2023-12-28 20:00:00,72.097,72.195,71.929,72.121,1969,27,0,USOILm,0.0
2023-12-29 00:00:00,72.12,72.221,71.822,71.943,4184,27,0,USOILm,0.0
2023-12-29 04:00:00,71.94,72.33,71.738,72.057,4436,27,0,USOILm,0.0
2023-12-29 08:00:00,72.05,72.545,71.784,72.149,9543,27,0,USOILm,0.0
2023-12-29 12:00:00,72.143,72.692,71.455,71.8,14625,27,0,USOILm,0.0
2023-12-29 16:00:00,71.803,72.425,71.436,71.679,12133,27,0,USOILm,0.0
2023-12-29 20:00:00,71.684,71.695,71.338,71.428,1146,27,0,USOILm,0.0
2024-01-02 00:00:00,72.05,73.031,72.027,72.802,6564,25,0,USOILm,0.0
2024-01-02 04:00:00,72.805,73.113,72.714,72.769,4061,27,0,USOILm,0.0
2024-01-02 08:00:00,72.768,73.625,72.541,73.321,11085,27,0,USOILm,0.0
2024-01-02 12:00:00,73.319,73.71,71.44,71.663,20847,27,0,USOILm,0.0
2024-01-02 16:00:00,71.656,71.835,70.181,70.603,18162,27,0,USOILm,0.0
2024-01-02 20:00:00,70.605,70.735,70.494,70.602,2408,27,0,USOILm,0.0
2024-01-03 00:00:00,70.605,70.814,70.412,70.481,3476,27,0,USOILm,0.0
2024-01-03 04:00:00,70.485,70.656,70.173,70.193,4090,27,0,USOILm,0.0
2024-01-03 08:00:00,70.185,70.589,69.423,70.556,13992,27,0,USOILm,0.0
2024-01-03 12:00:00,70.558,72.961,70.399,72.908,19647,27,0,USOILm,0.0
2024-01-03 16:00:00,72.907,72.982,72.231,72.92,14373,27,0,USOILm,0.0
2024-01-03 20:00:00,72.923,73.292,72.779,73.124,2394,27,0,USOILm,0.0
2024-01-04 00:00:00,73.123,73.357,72.971,73.124,4709,27,0,USOILm,0.0
2024-01-04 04:00:00,73.123,73.528,73.089,73.365,4026,27,0,USOILm,0.0
2024-01-04 08:00:00,73.37,74.063,73.37,73.598,9469,27,0,USOILm,0.0
2024-01-04 12:00:00,73.598,73.666,72.269,72.334,18310,27,0,USOILm,0.0
2024-01-04 16:00:00,72.329,72.53,71.178,72.143,18187,27,0,USOILm,0.0
2024-01-04 20:00:00,72.141,72.479,72.074,72.368,2182,27,0,USOILm,0.0
2024-01-05 00:00:00,72.367,72.83,72.284,72.652,4076,27,0,USOILm,0.0
2024-01-05 04:00:00,72.649,72.912,72.59,72.738,3985,27,0,USOILm,0.0
2024-01-05 08:00:00,72.737,73.277,72.455,72.771,10141,27,0,USOILm,0.0
2024-01-05 12:00:00,72.771,74.262,72.68,73.593,19643,27,0,USOILm,0.0
2024-01-05 16:00:00,73.589,74.212,73.402,73.706,13407,27,0,USOILm,0.0
2024-01-05 20:00:00,73.709,73.996,73.694,73.894,1276,27,0,USOILm,0.0
2024-01-08 00:00:00,73.793,73.863,72.888,73.009,4921,27,0,USOILm,0.0
2024-01-08 04:00:00,73.008,73.12,72.656,73.055,4231,27,0,USOILm,0.0
2024-01-08 08:00:00,73.055,73.27,71.567,71.858,11395,27,0,USOILm,0.0
2024-01-08 12:00:00,71.859,72.015,70.205,70.835,19314,27,0,USOILm,0.0
2024-01-08 16:00:00,70.842,71.154,70.263,71.122,12318,27,0,USOILm,0.0
2024-01-08 20:00:00,71.122,71.165,70.815,70.859,1820,27,0,USOILm,0.0
2024-01-09 00:00:00,70.857,71.191,70.714,71.002,4170,27,0,USOILm,0.0
2024-01-09 04:00:00,71.002,71.072,70.576,71.053,4168,27,0,USOILm,0.0
2024-01-09 08:00:00,71.052,72.544,71.048,72.503,10059,27,0,USOILm,0.0
2024-01-09 12:00:00,72.504,72.952,71.443,71.714,17002,27,0,USOILm,0.0
2024-01-09 16:00:00,71.716,72.785,71.616,72.213,13336,27,0,USOILm,0.0
2024-01-09 20:00:00,72.218,72.292,72.087,72.186,1691,27,0,USOILm,0.0
2024-01-10 00:00:00,72.184,72.681,72.157,72.527,3426,27,0,USOILm,0.0
2024-01-10 04:00:00,72.519,72.751,72.34,72.352,3738,27,0,USOILm,0.0
2024-01-10 08:00:00,72.359,72.562,71.714,72.481,10803,27,0,USOILm,0.0
2024-01-10 12:00:00,72.487,73.543,72.158,72.214,17986,27,0,USOILm,0.0
2024-01-10 16:00:00,72.222,72.517,71.06,71.346,15480,27,0,USOILm,0.0
2024-01-10 20:00:00,71.345,71.408,71.235,71.309,1529,27,0,USOILm,0.0
2024-01-11 00:00:00,71.313,71.767,71.222,71.66,4854,27,0,USOILm,0.0
2024-01-11 04:00:00,71.657,72.041,71.647,71.859,3874,27,0,USOILm,0.0
2024-01-11 08:00:00,71.86,72.885,71.364,72.8,10373,27,0,USOILm,0.0
2024-01-11 12:00:00,72.799,73.711,72.325,73.667,17677,27,0,USOILm,0.0
2024-01-11 16:00:00,73.667,73.791,71.856,72.164,16410,27,0,USOILm,0.0
2024-01-11 20:00:00,72.158,73.466,72.098,73.416,2659,27,0,USOILm,0.0
2024-01-12 00:00:00,73.424,73.997,73.244,73.464,6289,27,0,USOILm,0.0
2024-01-12 04:00:00,73.465,73.825,73.232,73.694,5316,27,0,USOILm,0.0
2024-01-12 08:00:00,73.694,75.262,73.479,74.888,12631,27,0,USOILm,0.0
2024-01-12 12:00:00,74.887,74.939,73.367,73.682,18855,27,0,USOILm,0.0
2024-01-12 16:00:00,73.673,73.763,72.475,72.729,15813,27,0,USOILm,0.0
2024-01-12 20:00:00,72.733,72.929,72.685,72.802,1594,27,0,USOILm,0.0
2024-01-15 00:00:00,72.657,73.011,72.384,72.837,4595,27,0,USOILm,0.0
2024-01-15 04:00:00,72.837,73.031,72.672,72.919,3149,27,0,USOILm,0.0
2024-01-15 08:00:00,72.93,72.934,71.991,72.043,8578,27,0,USOILm,0.0
2024-01-15 12:00:00,72.037,72.335,71.373,72.046,11233,27,0,USOILm,0.0
2024-01-15 16:00:00,72.05,72.68,71.972,72.523,6857,27,0,USOILm,0.0
2024-01-15 20:00:00,72.798,73.056,72.772,72.773,606,27,0,USOILm,0.0
2024-01-16 00:00:00,72.77,72.927,72.252,72.678,4917,27,0,USOILm,0.0
2024-01-16 04:00:00,72.677,72.724,72.335,72.494,4387,27,0,USOILm,0.0
2024-01-16 08:00:00,72.489,73.471,72.225,73.009,11436,27,0,USOILm,0.0
2024-01-16 12:00:00,73.01,73.66,71.842,72.169,19048,27,0,USOILm,0.0
2024-01-16 16:00:00,72.167,73.061,71.9,72.374,15735,27,0,USOILm,0.0
2024-01-16 20:00:00,72.371,72.376,71.875,72.013,1937,27,0,USOILm,0.0
2024-01-17 00:00:00,72.016,72.131,71.742,71.944,3502,27,0,USOILm,0.0
2024-01-17 04:00:00,71.941,72.078,71.68,71.77,4180,27,0,USOILm,0.0
2024-01-17 08:00:00,71.769,71.775,70.727,71.27,10277,27,0,USOILm,0.0
2024-01-17 12:00:00,71.268,71.919,70.613,71.691,16499,27,0,USOILm,0.0
2024-01-17 16:00:00,71.699,72.673,71.508,72.651,13626,27,0,USOILm,0.0
2024-01-17 20:00:00,72.655,72.85,72.588,72.808,2192,27,0,USOILm,0.0
2024-01-18 00:00:00,72.802,72.945,72.499,72.749,4749,27,0,USOILm,0.0
2024-01-18 04:00:00,72.751,73.147,72.751,73.032,4232,27,0,USOILm,0.0
2024-01-18 08:00:00,73.035,73.271,72.557,72.671,10192,27,0,USOILm,0.0
2024-01-18 12:00:00,72.671,73.343,72.084,73.148,15853,27,0,USOILm,0.0
2024-01-18 16:00:00,73.148,74.168,73.005,73.886,12624,27,0,USOILm,0.0
2024-01-18 20:00:00,73.884,73.954,73.791,73.817,1606,27,0,USOILm,0.0
2024-01-19 00:00:00,73.816,74.064,73.732,73.831,3640,27,0,USOILm,0.0
2024-01-19 04:00:00,73.826,74.169,73.805,74.025,3887,27,0,USOILm,0.0
2024-01-19 08:00:00,74.025,74.518,73.765,73.791,9706,27,0,USOILm,0.0
2024-01-19 12:00:00,73.797,74.592,73.517,74.005,13603,27,0,USOILm,0.0
2024-01-19 16:00:00,74.01,74.294,72.961,73.576,13341,27,0,USOILm,0.0
2024-01-19 20:00:00,73.575,73.634,73.392,73.392,1544,27,0,USOILm,0.0
2024-01-22 00:00:00,73.148,73.362,72.88,73.177,4884,27,0,USOILm,0.0
2024-01-22 04:00:00,73.176,73.176,72.837,72.91,4217,27,0,USOILm,0.0
2024-01-22 08:00:00,72.908,73.701,72.533,73.613,9529,27,0,USOILm,0.0
2024-01-22 12:00:00,73.619,74.499,73.244,74.385,13943,27,0,USOILm,0.0
2024-01-22 16:00:00,74.392,75.415,74.242,74.692,11040,27,0,USOILm,0.0
2024-01-22 20:00:00,74.693,74.777,74.404,74.612,1837,27,0,USOILm,0.0
2024-01-23 00:00:00,74.606,74.783,74.452,74.725,4449,27,0,USOILm,0.0
2024-01-23 04:00:00,74.725,75.097,74.583,75.074,4006,27,0,USOILm,0.0
2024-01-23 08:00:00,75.077,75.096,73.77,73.892,9619,27,0,USOILm,0.0
2024-01-23 12:00:00,73.891,74.89,73.385,74.819,14806,27,0,USOILm,0.0
2024-01-23 16:00:00,74.818,75.203,73.919,74.427,11721,27,0,USOILm,0.0
2024-01-23 20:00:00,74.428,74.592,74.4,74.401,1430,27,0,USOILm,0.0
2024-01-24 00:00:00,74.409,74.509,74.267,74.275,3190,27,0,USOILm,0.0
2024-01-24 04:00:00,74.273,74.725,74.171,74.703,3920,27,0,USOILm,0.0
2024-01-24 08:00:00,74.697,74.947,74.076,74.185,9727,27,0,USOILm,0.0
2024-01-24 12:00:00,74.178,75.246,73.926,75.01,17066,27,0,USOILm,0.0
2024-01-24 16:00:00,75.02,75.783,74.776,75.114,11695,27,0,USOILm,0.0
2024-01-24 20:00:00,75.112,75.43,75.105,75.392,1711,27,0,USOILm,0.0
2024-01-25 00:00:00,75.367,75.422,75.112,75.342,3781,27,0,USOILm,0.0
2024-01-25 04:00:00,75.342,75.618,75.284,75.6,3592,27,0,USOILm,0.0
2024-01-25 08:00:00,75.598,76.304,75.458,75.957,9585,27,0,USOILm,0.0
2024-01-25 12:00:00,75.954,76.619,75.524,76.032,13259,27,0,USOILm,0.0
2024-01-25 16:00:00,76.024,77.438,75.988,77.347,10425,27,0,USOILm,0.0
2024-01-25 20:00:00,77.345,77.362,76.969,77.066,1876,27,0,USOILm,0.0
2024-01-26 00:00:00,77.043,77.223,76.735,76.821,4510,27,0,USOILm,0.0
2024-01-26 04:00:00,76.821,76.984,76.647,76.744,4528,27,0,USOILm,0.0
2024-01-26 08:00:00,76.745,76.89,76.347,76.71,9025,27,0,USOILm,0.0
2024-01-26 12:00:00,76.712,77.563,76.361,77.136,12263,27,0,USOILm,0.0
2024-01-26 16:00:00,77.139,78.127,75.998,77.997,15728,27,0,USOILm,0.0
2024-01-26 20:00:00,77.997,78.186,77.872,78.035,2133,27,0,USOILm,0.0
2024-01-29 00:00:00,78.773,78.824,77.969,78.34,6667,27,0,USOILm,0.0
2024-01-29 04:00:00,78.334,78.433,78.034,78.13,4351,27,0,USOILm,0.0
2024-01-29 08:00:00,78.124,78.441,77.482,77.988,10004,27,0,USOILm,0.0
2024-01-29 12:00:00,78.0,78.147,76.475,77.152,15834,27,0,USOILm,0.0
2024-01-29 16:00:00,77.144,77.278,76.348,76.859,14162,27,0,USOILm,0.0
2024-01-29 20:00:00,76.864,77.009,76.804,76.943,1871,27,0,USOILm,0.0
2024-01-30 00:00:00,76.946,77.153,76.77,76.892,3561,27,0,USOILm,0.0
2024-01-30 04:00:00,76.89,77.235,76.669,76.769,3996,27,0,USOILm,0.0
2024-01-30 08:00:00,76.77,77.094,76.342,76.681,10399,27,0,USOILm,0.0
2024-01-30 12:00:00,76.685,77.533,75.777,77.474,17218,27,0,USOILm,0.0
2024-01-30 16:00:00,77.467,78.043,77.157,77.708,11380,27,0,USOILm,0.0
2024-01-30 20:00:00,77.707,77.848,77.598,77.69,1761,27,0,USOILm,0.0
2024-01-31 00:00:00,77.692,77.977,77.335,77.371,3929,27,0,USOILm,0.0
2024-01-31 04:00:00,77.372,77.667,77.162,77.271,4117,27,0,USOILm,0.0
2024-01-31 08:00:00,77.269,77.683,76.621,76.814,10403,27,0,USOILm,0.0
2024-01-31 12:00:00,76.813,77.399,75.921,76.796,17169,27,0,USOILm,0.0
2024-01-31 16:00:00,76.801,76.851,75.451,75.876,19109,27,0,USOILm,0.0
2024-01-31 20:00:00,75.874,75.97,75.459,75.787,3971,27,0,USOILm,0.0
2024-02-01 00:00:00,75.788,76.394,75.669,76.269,4542,27,0,USOILm,0.0
2024-02-01 04:00:00,76.269,76.275,75.721,75.908,4191,27,0,USOILm,0.0
2024-02-01 08:00:00,75.902,76.594,75.375,76.348,12242,27,0,USOILm,0.0
2024-02-01 12:00:00,76.354,76.821,75.875,76.173,18082,27,0,USOILm,0.0
2024-02-01 16:00:00,76.18,76.732,73.683,74.109,26994,27,0,USOILm,0.0
2024-02-01 20:00:00,74.112,74.267,73.763,74.219,3744,27,0,USOILm,0.0
2024-02-02 00:00:00,74.22,74.437,74.083,74.137,4594,27,0,USOILm,0.0
2024-02-02 04:00:00,74.131,74.3,73.832,74.131,4661,27,0,USOILm,0.0
2024-02-02 08:00:00,74.138,74.469,73.621,74.0,11189,27,0,USOILm,0.0
2024-02-02 12:00:00,73.993,74.107,71.819,72.207,20466,27,0,USOILm,0.0
2024-02-02 16:00:00,72.213,72.639,71.911,72.058,17640,27,0,USOILm,0.0
2024-02-02 20:00:00,72.064,72.316,71.98,72.312,1929,27,0,USOILm,0.0
2024-02-05 00:00:00,72.772,72.782,72.189,72.473,5080,27,0,USOILm,0.0
2024-02-05 04:00:00,72.472,72.793,72.274,72.299,4546,27,0,USOILm,0.0
2024-02-05 08:00:00,72.296,72.59,71.653,71.723,10189,27,0,USOILm,0.0
2024-02-05 12:00:00,71.722,72.564,71.445,71.823,15885,27,0,USOILm,0.0
2024-02-05 16:00:00,71.818,73.283,71.703,72.794,14258,27,0,USOILm,0.0
2024-02-05 20:00:00,72.8,72.913,72.684,72.695,1586,27,0,USOILm,0.0
2024-02-06 00:00:00,72.707,73.011,72.657,72.845,3073,27,0,USOILm,0.0
2024-02-06 04:00:00,72.848,73.111,72.834,73.111,3472,27,0,USOILm,0.0
2024-02-06 08:00:00,73.101,73.312,72.437,73.211,8995,27,0,USOILm,0.0
2024-02-06 12:00:00,73.209,73.747,73.092,73.13,13888,27,0,USOILm,0.0
2024-02-06 16:00:00,73.124,73.845,72.8,73.571,16670,27,0,USOILm,0.0
2024-02-06 20:00:00,73.572,73.614,73.405,73.433,1545,27,0,USOILm,0.0
2024-02-07 00:00:00,73.432,73.731,73.432,73.484,3055,27,0,USOILm,0.0
2024-02-07 04:00:00,73.483,73.59,73.255,73.38,3179,27,0,USOILm,0.0
2024-02-07 08:00:00,73.378,74.23,73.346,73.906,9159,27,0,USOILm,0.0
2024-02-07 12:00:00,73.919,74.148,73.408,73.635,13956,27,0,USOILm,0.0
2024-02-07 16:00:00,73.645,73.986,73.486,73.858,12749,27,0,USOILm,0.0
2024-02-07 20:00:00,73.857,74.2,73.847,74.025,1572,27,0,USOILm,0.0
2024-02-08 00:00:00,74.009,74.302,73.917,74.174,2726,27,0,USOILm,0.0
2024-02-08 04:00:00,74.175,74.317,74.087,74.131,3131,27,0,USOILm,0.0
2024-02-08 08:00:00,74.132,74.66,73.622,74.651,8702,27,0,USOILm,0.0
2024-02-08 12:00:00,74.65,75.697,74.546,75.337,11508,27,0,USOILm,0.0
2024-02-08 16:00:00,75.344,76.464,75.264,76.436,11655,27,0,USOILm,0.0
2024-02-08 20:00:00,76.436,76.494,76.252,76.344,1686,27,0,USOILm,0.0
2024-02-09 00:00:00,76.335,76.387,75.966,76.254,2957,27,0,USOILm,0.0
2024-02-09 04:00:00,76.253,76.277,76.003,76.165,3170,27,0,USOILm,0.0
2024-02-09 08:00:00,76.165,76.535,76.067,76.145,8110,27,0,USOILm,0.0
2024-02-09 12:00:00,76.152,77.167,75.877,76.34,13016,27,0,USOILm,0.0
2024-02-09 16:00:00,76.347,76.813,75.897,76.52,11691,27,0,USOILm,0.0
2024-02-09 20:00:00,76.518,76.537,76.414,76.457,1190,27,0,USOILm,0.0
2024-02-12 00:00:00,76.39,76.473,76.289,76.377,1481,27,0,USOILm,0.0
2024-02-12 04:00:00,76.378,76.589,76.348,76.447,2144,27,0,USOILm,0.0
2024-02-12 08:00:00,76.442,76.55,75.8,75.845,9149,27,0,USOILm,0.0
2024-02-12 12:00:00,75.844,76.988,75.49,76.564,12883,27,0,USOILm,0.0
2024-02-12 16:00:00,76.572,76.868,76.356,76.822,10392,27,0,USOILm,0.0
2024-02-12 20:00:00,76.824,76.971,76.763,76.867,1428,27,0,USOILm,0.0
2024-02-13 00:00:00,76.867,76.975,76.791,76.913,1533,27,0,USOILm,0.0
2024-02-13 04:00:00,76.914,77.213,76.877,77.041,2282,27,0,USOILm,0.0
2024-02-13 08:00:00,77.043,77.695,76.776,77.314,8483,27,0,USOILm,0.0
2024-02-13 12:00:00,77.32,77.656,76.787,77.32,15045,27,0,USOILm,0.0
2024-02-13 16:00:00,77.326,78.102,77.251,77.438,11731,27,0,USOILm,0.0
2024-02-13 20:00:00,77.442,77.62,77.314,77.412,1862,27,0,USOILm,0.0
2024-02-14 00:00:00,77.401,77.536,77.163,77.458,2533,27,0,USOILm,0.0
2024-02-14 04:00:00,77.465,77.768,77.328,77.573,3075,27,0,USOILm,0.0
2024-02-14 08:00:00,77.579,77.845,77.333,77.547,7814,27,0,USOILm,0.0
2024-02-14 12:00:00,77.549,78.417,76.938,77.552,14561,27,0,USOILm,0.0
2024-02-14 16:00:00,77.558,77.638,76.246,76.259,14464,27,0,USOILm,0.0
2024-02-14 20:00:00,76.257,76.352,76.11,76.215,1567,27,0,USOILm,0.0
2024-02-15 00:00:00,76.224,76.264,75.911,75.933,2430,27,0,USOILm,0.0
2024-02-15 04:00:00,75.929,76.191,75.859,75.869,2835,27,0,USOILm,0.0
2024-02-15 08:00:00,75.874,76.412,75.503,75.789,9993,27,0,USOILm,0.0
2024-02-15 12:00:00,75.789,77.504,75.683,77.368,14183,27,0,USOILm,0.0
2024-02-15 16:00:00,77.362,78.037,77.33,77.713,11013,27,0,USOILm,0.0
2024-02-15 20:00:00,77.713,77.764,77.519,77.583,1679,27,0,USOILm,0.0
2024-02-16 00:00:00,77.585,77.623,77.416,77.486,1893,27,0,USOILm,0.0
2024-02-16 04:00:00,77.487,77.598,77.424,77.479,2479,27,0,USOILm,0.0
2024-02-16 08:00:00,77.485,77.508,76.634,76.84,7612,27,0,USOILm,0.0
2024-02-16 12:00:00,76.845,78.114,76.722,77.598,15673,27,0,USOILm,0.0
2024-02-16 16:00:00,77.604,78.453,77.378,78.279,12563,27,0,USOILm,0.0
2024-02-16 20:00:00,78.279,78.313,78.176,78.204,1393,27,0,USOILm,0.0
2024-02-19 00:00:00,78.104,78.156,77.614,77.823,5101,27,0,USOILm,0.0
2024-02-19 04:00:00,77.827,77.937,77.706,77.894,2729,27,0,USOILm,0.0
2024-02-19 08:00:00,77.889,78.148,77.572,78.142,6007,27,0,USOILm,0.0
2024-02-19 12:00:00,78.139,78.491,78.051,78.445,6557,27,0,USOILm,0.0
2024-02-19 16:00:00,78.443,78.497,78.094,78.142,3480,27,0,USOILm,0.0
2024-02-19 20:00:00,78.057,78.108,77.95,78.035,378,27,0,USOILm,0.0
2024-02-20 00:00:00,78.033,78.369,77.983,78.29,3450,27,0,USOILm,0.0
2024-02-20 04:00:00,78.291,78.412,78.189,78.335,3185,27,0,USOILm,0.0
2024-02-20 08:00:00,78.334,78.46,77.437,77.622,8065,27,0,USOILm,0.0
2024-02-20 12:00:00,77.628,78.274,76.818,77.013,15147,27,0,USOILm,0.0
2024-02-20 16:00:00,77.02,77.513,76.746,77.22,13085,27,0,USOILm,0.0
2024-02-20 20:00:00,77.219,77.273,77.051,77.143,1396,27,0,USOILm,0.0
2024-02-21 00:00:00,77.142,77.258,76.988,77.222,2908,27,0,USOILm,0.0
2024-02-21 04:00:00,77.225,77.295,76.951,76.959,3433,27,0,USOILm,0.0
2024-02-21 08:00:00,76.956,76.967,76.23,76.542,9382,27,0,USOILm,0.0
2024-02-21 12:00:00,76.54,77.457,76.492,77.412,13755,27,0,USOILm,0.0
2024-02-21 16:00:00,77.42,77.898,77.15,77.828,12795,27,0,USOILm,0.0
2024-02-21 20:00:00,77.827,77.949,77.689,77.936,2143,27,0,USOILm,0.0
2024-02-22 00:00:00,77.933,78.012,77.718,77.919,3263,27,0,USOILm,0.0
2024-02-22 04:00:00,77.917,78.137,77.842,78.031,2803,27,0,USOILm,0.0
2024-02-22 08:00:00,78.031,78.243,77.567,77.701,7771,27,0,USOILm,0.0
2024-02-22 12:00:00,77.703,78.084,77.063,78.0,13539,27,0,USOILm,0.0
2024-02-22 16:00:00,77.992,78.719,77.992,78.364,10065,27,0,USOILm,0.0
2024-02-22 20:00:00,78.359,78.407,78.06,78.063,1291,27,0,USOILm,0.0
2024-02-23 00:00:00,78.063,78.191,77.955,77.956,2386,27,0,USOILm,0.0
2024-02-23 04:00:00,77.96,78.056,77.837,77.996,2567,27,0,USOILm,0.0
2024-02-23 08:00:00,77.992,78.036,77.033,77.176,8504,27,0,USOILm,0.0
2024-02-23 12:00:00,77.174,77.47,76.498,77.138,14555,27,0,USOILm,0.0
2024-02-23 16:00:00,77.145,77.23,76.205,76.583,11947,27,0,USOILm,0.0
2024-02-23 20:00:00,76.583,76.59,76.391,76.417,1295,27,0,USOILm,0.0
2024-02-26 00:00:00,76.294,76.297,75.909,75.919,3348,27,0,USOILm,0.0
2024-02-26 04:00:00,75.919,76.195,75.89,75.945,2632,27,0,USOILm,0.0
2024-02-26 08:00:00,75.944,76.219,75.719,76.031,7148,27,0,USOILm,0.0
2024-02-26 12:00:00,76.036,76.946,75.888,76.925,9773,27,0,USOILm,0.0
2024-02-26 16:00:00,76.925,77.846,76.721,77.529,9004,27,0,USOILm,0.0
2024-02-26 20:00:00,77.527,77.652,77.388,77.439,1350,27,0,USOILm,0.0
2024-02-27 00:00:00,77.441,77.565,77.282,77.308,2593,27,0,USOILm,0.0
2024-02-27 04:00:00,77.306,77.743,77.304,77.628,2637,27,0,USOILm,0.0
2024-02-27 08:00:00,77.625,77.676,76.973,77.109,7444,27,0,USOILm,0.0
2024-02-27 12:00:00,77.105,78.185,77.103,78.056,9712,27,0,USOILm,0.0
2024-02-27 16:00:00,78.061,78.691,77.779,78.477,10138,27,0,USOILm,0.0
2024-02-27 20:00:00,78.475,78.483,78.072,78.126,1691,27,0,USOILm,0.0
2024-02-28 00:00:00,78.133,78.357,78.095,78.308,2693,27,0,USOILm,0.0
2024-02-28 04:00:00,78.308,78.338,78.078,78.137,2608,27,0,USOILm,0.0
2024-02-28 08:00:00,78.137,78.206,77.521,77.741,6876,27,0,USOILm,0.0
2024-02-28 12:00:00,77.743,79.268,77.676,78.752,11577,27,0,USOILm,0.0
2024-02-28 16:00:00,78.746,78.823,77.719,78.075,13135,27,0,USOILm,0.0
2024-02-28 20:00:00,78.074,78.146,77.79,77.799,1673,27,0,USOILm,0.0
2024-02-29 00:00:00,77.789,78.157,77.74,78.136,2751,27,0,USOILm,0.0
2024-02-29 04:00:00,78.137,78.254,77.809,77.821,2594,27,0,USOILm,0.0
2024-02-29 08:00:00,77.822,78.297,77.592,77.867,8057,27,0,USOILm,0.0
2024-02-29 12:00:00,77.867,78.479,77.741,78.198,14303,27,0,USOILm,0.0
2024-02-29 16:00:00,78.201,78.814,77.606,77.674,11168,27,0,USOILm,0.0
2024-02-29 20:00:00,77.674,77.942,77.575,77.845,1684,27,0,USOILm,0.0
2024-03-01 00:00:00,77.845,78.141,77.845,78.075,2479,27,0,USOILm,0.0
2024-03-01 04:00:00,78.074,78.183,77.968,78.036,2407,27,0,USOILm,0.0
2024-03-01 08:00:00,78.036,79.1,77.646,78.981,8412,27,0,USOILm,0.0
2024-03-01 12:00:00,78.975,80.065,78.876,79.856,11575,27,0,USOILm,0.0
2024-03-01 16:00:00,79.862,80.326,79.34,79.494,10415,27,0,USOILm,0.0
2024-03-01 20:00:00,79.493,79.494,79.26,79.31,1398,27,0,USOILm,0.0
2024-03-04 00:00:00,79.44,79.799,79.376,79.455,4727,27,0,USOILm,0.0
2024-03-04 04:00:00,79.453,79.644,79.272,79.535,3257,27,0,USOILm,0.0
2024-03-04 08:00:00,79.534,79.892,78.95,78.975,8416,27,0,USOILm,0.0
2024-03-04 12:00:00,78.972,79.869,78.736,78.828,11825,27,0,USOILm,0.0
2024-03-04 16:00:00,78.827,79.151,78.191,78.49,11717,27,0,USOILm,0.0
2024-03-04 20:00:00,78.494,78.51,78.327,78.345,1465,27,0,USOILm,0.0
2024-03-05 00:00:00,78.331,78.357,78.021,78.114,3102,27,0,USOILm,0.0
2024-03-05 04:00:00,78.111,78.165,77.824,77.964,2938,27,0,USOILm,0.0
2024-03-05 08:00:00,77.97,78.511,77.807,78.147,8649,27,0,USOILm,0.0
2024-03-05 12:00:00,78.143,78.894,77.212,78.765,17653,27,0,USOILm,0.0
2024-03-05 16:00:00,78.776,78.953,77.376,77.656,14091,27,0,USOILm,0.0
2024-03-05 20:00:00,77.658,77.768,77.616,77.717,1538,27,0,USOILm,0.0
2024-03-06 00:00:00,77.711,77.771,77.486,77.771,2673,27,0,USOILm,0.0
2024-03-06 04:00:00,77.771,78.065,77.72,77.933,2792,27,0,USOILm,0.0
2024-03-06 08:00:00,77.933,78.443,77.817,78.354,7604,27,0,USOILm,0.0
2024-03-06 12:00:00,78.358,79.755,78.169,79.622,11441,27,0,USOILm,0.0
2024-03-06 16:00:00,79.628,80.001,78.453,78.457,11176,27,0,USOILm,0.0
2024-03-06 20:00:00,78.454,78.653,78.433,78.546,1400,27,0,USOILm,0.0
2024-03-07 00:00:00,78.537,78.828,78.458,78.569,2880,27,0,USOILm,0.0
2024-03-07 04:00:00,78.573,78.737,78.478,78.518,3011,27,0,USOILm,0.0
2024-03-07 08:00:00,78.516,78.566,77.832,78.035,10278,27,0,USOILm,0.0
2024-03-07 12:00:00,78.034,78.509,77.625,78.082,15119,27,0,USOILm,0.0
2024-03-07 16:00:00,78.091,79.058,77.94,78.43,12418,27,0,USOILm,0.0
2024-03-07 20:00:00,78.427,78.763,78.343,78.703,1903,27,0,USOILm,0.0
2024-03-08 00:00:00,78.707,78.938,78.704,78.892,2420,27,0,USOILm,0.0
2024-03-08 04:00:00,78.888,79.132,78.827,78.963,2817,27,0,USOILm,0.0
2024-03-08 08:00:00,78.967,79.442,77.92,77.933,9238,27,0,USOILm,0.0
2024-03-08 12:00:00,77.934,78.439,77.681,78.076,14747,27,0,USOILm,0.0
2024-03-08 16:00:00,78.081,78.13,77.162,77.531,12863,27,0,USOILm,0.0
2024-03-08 20:00:00,77.53,77.553,77.398,77.408,1296,27,0,USOILm,0.0
2024-03-11 00:00:00,77.374,77.418,76.826,77.011,3315,27,0,USOILm,0.0
2024-03-11 04:00:00,77.004,77.648,76.987,77.558,3551,27,0,USOILm,0.0
2024-03-11 08:00:00,77.554,77.94,77.151,77.242,9186,27,0,USOILm,0.0
2024-03-11 12:00:00,77.236,77.823,76.491,77.804,15753,27,0,USOILm,0.0
2024-03-11 16:00:00,77.809,78.106,77.333,77.778,8693,27,0,USOILm,0.0
2024-03-11 20:00:00,77.779,77.815,77.705,77.768,715,27,0,USOILm,0.0
2024-03-12 00:00:00,77.772,77.866,77.644,77.821,2506,27,0,USOILm,0.0
2024-03-12 04:00:00,77.826,78.102,77.724,78.063,2833,27,0,USOILm,0.0
2024-03-12 08:00:00,78.058,78.356,77.555,77.568,8326,27,0,USOILm,0.0
2024-03-12 12:00:00,77.568,78.352,77.051,78.058,16332,27,0,USOILm,0.0
2024-03-12 16:00:00,78.058,78.186,77.15,77.495,9525,27,0,USOILm,0.0
2024-03-12 20:00:00,77.491,77.722,77.416,77.699,802,27,0,USOILm,0.0
2024-03-13 00:00:00,77.696,77.774,77.605,77.728,2103,27,0,USOILm,0.0
2024-03-13 04:00:00,77.727,77.925,77.488,77.554,2766,27,0,USOILm,0.0
2024-03-13 08:00:00,77.554,78.47,77.324,78.414,7805,27,0,USOILm,0.0
2024-03-13 12:00:00,78.409,79.307,78.365,78.665,13530,27,0,USOILm,0.0
2024-03-13 16:00:00,78.659,79.494,78.572,79.331,7663,27,0,USOILm,0.0
2024-03-13 20:00:00,79.326,79.349,79.169,79.302,797,27,0,USOILm,0.0
2024-03-14 00:00:00,79.297,79.493,79.233,79.43,2340,27,0,USOILm,0.0
2024-03-14 04:00:00,79.431,79.609,79.225,79.604,3100,27,0,USOILm,0.0
2024-03-14 08:00:00,79.599,80.098,79.39,79.98,8113,27,0,USOILm,0.0
2024-03-14 12:00:00,79.98,80.893,79.772,80.599,12196,27,0,USOILm,0.0
2024-03-14 16:00:00,80.598,81.042,80.451,80.566,7708,27,0,USOILm,0.0
2024-03-14 20:00:00,80.565,80.596,80.406,80.491,900,27,0,USOILm,0.0
2024-03-15 00:00:00,80.49,80.678,80.332,80.579,3097,27,0,USOILm,0.0
2024-03-15 04:00:00,80.58,80.704,80.303,80.364,3688,27,0,USOILm,0.0
2024-03-15 08:00:00,80.371,80.434,79.998,80.239,7084,27,0,USOILm,0.0
2024-03-15 12:00:00,80.231,80.868,80.02,80.583,13355,27,0,USOILm,0.0
2024-03-15 16:00:00,80.584,80.781,80.359,80.514,7589,27,0,USOILm,0.0
2024-03-15 20:00:00,80.515,80.586,80.499,80.514,356,27,0,USOILm,0.0
2024-03-18 00:00:00,80.568,80.924,80.521,80.9,3537,27,0,USOILm,0.0
2024-03-18 04:00:00,80.899,81.16,80.868,81.096,3242,27,0,USOILm,0.0
2024-03-18 08:00:00,81.088,81.542,80.835,81.058,9326,27,0,USOILm,0.0
2024-03-18 12:00:00,81.062,81.812,80.68,81.797,13875,27,0,USOILm,0.0
2024-03-18 16:00:00,81.802,82.45,81.464,82.244,8265,27,0,USOILm,0.0
2024-03-18 20:00:00,82.239,82.324,82.059,82.125,1071,27,0,USOILm,0.0
2024-03-19 00:00:00,82.125,82.155,81.915,81.955,3413,27,0,USOILm,0.0
2024-03-19 04:00:00,81.955,82.139,81.81,81.874,3313,27,0,USOILm,0.0
2024-03-19 08:00:00,81.876,82.188,81.736,82.009,8401,27,0,USOILm,0.0
2024-03-19 12:00:00,82.009,83.041,81.916,82.872,11679,27,0,USOILm,0.0
2024-03-19 16:00:00,82.865,82.976,82.497,82.692,8153,27,0,USOILm,0.0
2024-03-19 20:00:00,82.691,82.703,82.324,82.37,1058,27,0,USOILm,0.0
2024-03-20 00:00:00,82.366,82.474,82.272,82.451,2640,27,0,USOILm,0.0
2024-03-20 04:00:00,82.451,82.555,82.23,82.247,2693,27,0,USOILm,0.0
2024-03-20 08:00:00,82.241,82.254,81.468,81.969,8644,27,0,USOILm,0.0
2024-03-20 12:00:00,81.962,81.97,80.784,81.062,15998,27,0,USOILm,0.0
2024-03-20 16:00:00,81.061,81.435,80.759,81.394,9719,27,0,USOILm,0.0
2024-03-20 20:00:00,81.392,81.562,81.344,81.526,891,27,0,USOILm,0.0
2024-03-21 00:00:00,81.52,81.653,81.431,81.635,3247,27,0,USOILm,0.0
2024-03-21 04:00:00,81.635,81.738,81.487,81.566,2695,27,0,USOILm,0.0
2024-03-21 08:00:00,81.568,81.8,80.585,80.673,8683,27,0,USOILm,0.0
2024-03-21 12:00:00,80.666,81.288,80.221,80.476,13391,27,0,USOILm,0.0
2024-03-21 16:00:00,80.473,81.019,80.441,80.947,7266,27,0,USOILm,0.0
2024-03-21 20:00:00,80.941,80.951,80.743,80.84,698,27,0,USOILm,0.0
2024-03-22 00:00:00,80.84,80.84,80.298,80.355,3438,27,0,USOILm,0.0
2024-03-22 04:00:00,80.356,80.619,80.331,80.615,3006,27,0,USOILm,0.0
2024-03-22 08:00:00,80.617,81.135,80.575,80.897,6925,27,0,USOILm,0.0
2024-03-22 12:00:00,80.895,81.335,80.505,80.682,12055,27,0,USOILm,0.0
2024-03-22 16:00:00,80.679,80.836,80.365,80.701,7828,27,0,USOILm,0.0
2024-03-22 20:00:00,80.694,80.773,80.66,80.742,374,27,0,USOILm,0.0
2024-03-25 00:00:00,80.739,81.122,80.695,81.036,3013,27,0,USOILm,0.0
2024-03-25 04:00:00,81.035,81.083,80.761,80.849,2776,27,0,USOILm,0.0
2024-03-25 08:00:00,80.853,81.261,80.582,80.779,7772,27,0,USOILm,0.0
2024-03-25 12:00:00,80.785,82.279,80.646,81.802,11964,27,0,USOILm,0.0
2024-03-25 16:00:00,81.795,81.992,81.515,81.798,6532,27,0,USOILm,0.0
2024-03-25 20:00:00,81.793,81.859,81.695,81.843,823,27,0,USOILm,0.0
2024-03-26 00:00:00,81.841,82.101,81.708,81.747,2949,27,0,USOILm,0.0
2024-03-26 04:00:00,81.744,81.885,81.537,81.543,2951,27,0,USOILm,0.0
2024-03-26 08:00:00,81.537,82.049,81.426,81.961,7279,27,0,USOILm,0.0
2024-03-26 12:00:00,81.96,82.154,81.227,81.86,10652,27,0,USOILm,0.0
2024-03-26 16:00:00,81.861,81.956,81.212,81.297,6807,27,0,USOILm,0.0
2024-03-26 20:00:00,81.296,81.296,80.947,81.066,897,27,0,USOILm,0.0
2024-03-27 00:00:00,81.056,81.095,80.59,80.76,2421,27,0,USOILm,0.0
2024-03-27 04:00:00,80.76,80.823,80.502,80.713,2807,27,0,USOILm,0.0
2024-03-27 08:00:00,80.706,81.13,80.34,81.068,7221,27,0,USOILm,0.0
2024-03-27 12:00:00,81.065,81.357,80.697,81.157,11078,27,0,USOILm,0.0
2024-03-27 16:00:00,81.151,81.491,80.805,81.487,6965,27,0,USOILm,0.0
2024-03-27 20:00:00,81.485,81.492,81.371,81.461,633,27,0,USOILm,0.0
2024-03-28 00:00:00,81.47,81.697,81.423,81.427,2597,27,0,USOILm,0.0
2024-03-28 04:00:00,81.428,81.655,81.384,81.556,3098,27,0,USOILm,0.0
2024-03-28 08:00:00,81.551,82.312,81.26,82.116,6706,27,0,USOILm,0.0
2024-03-28 12:00:00,82.116,82.506,81.951,82.313,10588,27,0,USOILm,0.0
2024-03-28 16:00:00,82.306,82.884,82.18,82.658,6792,27,0,USOILm,0.0
2024-03-28 20:00:00,82.663,82.732,82.646,82.725,297,27,0,USOILm,0.0
2024-04-01 00:00:00,82.804,83.156,82.594,83.128,2714,27,0,USOILm,0.0
2024-04-01 04:00:00,83.129,83.257,82.958,83.206,2241,27,0,USOILm,0.0
2024-04-01 08:00:00,83.206,83.212,82.435,82.474,5835,27,0,USOILm,0.0
2024-04-01 12:00:00,82.473,83.91,82.253,83.763,12811,27,0,USOILm,0.0
2024-04-01 16:00:00,83.77,83.995,83.203,83.474,7037,27,0,USOILm,0.0
2024-04-01 20:00:00,83.481,83.517,83.384,83.415,747,27,0,USOILm,0.0
2024-04-02 00:00:00,83.412,83.682,83.406,83.607,2810,27,0,USOILm,0.0
2024-04-02 04:00:00,83.601,84.3,83.589,84.269,3563,27,0,USOILm,0.0
2024-04-02 08:00:00,84.262,84.938,84.123,84.543,7853,27,0,USOILm,0.0
2024-04-02 12:00:00,84.54,84.721,83.695,84.538,13243,27,0,USOILm,0.0
2024-04-02 16:00:00,84.533,84.778,83.806,84.659,6502,27,0,USOILm,0.0
2024-04-02 20:00:00,84.658,85.092,84.604,84.937,1073,27,0,USOILm,0.0
2024-04-03 00:00:00,84.933,84.942,84.575,84.656,3029,27,0,USOILm,0.0
2024-04-03 04:00:00,84.657,84.817,84.531,84.662,3930,27,0,USOILm,0.0
2024-04-03 08:00:00,84.656,85.516,84.373,85.498,7284,27,0,USOILm,0.0
2024-04-03 12:00:00,85.496,85.671,85.042,85.28,11600,27,0,USOILm,0.0
2024-04-03 16:00:00,85.285,85.49,84.952,85.077,6236,27,0,USOILm,0.0
2024-04-03 20:00:00,85.074,85.183,85.028,85.069,816,27,0,USOILm,0.0
2024-04-04 00:00:00,85.07,85.28,85.043,85.179,1908,27,0,USOILm,0.0
2024-04-04 04:00:00,85.18,85.271,84.738,84.811,3711,27,0,USOILm,0.0
2024-04-04 08:00:00,84.822,85.084,84.583,84.975,7027,27,0,USOILm,0.0
2024-04-04 12:00:00,84.972,85.049,84.389,84.577,10979,27,0,USOILm,0.0
2024-04-04 16:00:00,84.576,86.725,84.22,86.12,10681,27,0,USOILm,0.0
2024-04-04 20:00:00,86.118,86.538,86.118,86.471,1578,27,0,USOILm,0.0
2024-04-05 00:00:00,86.461,86.494,86.135,86.291,3099,27,0,USOILm,0.0
2024-04-05 04:00:00,86.291,86.527,85.939,86.062,4509,27,0,USOILm,0.0
2024-04-05 08:00:00,86.061,86.379,85.865,86.152,7969,27,0,USOILm,0.0
2024-04-05 12:00:00,86.155,86.92,85.914,86.834,13767,27,0,USOILm,0.0
2024-04-05 16:00:00,86.84,87.102,86.086,86.185,8301,27,0,USOILm,0.0
2024-04-05 20:00:00,86.179,86.208,86.116,86.201,424,27,0,USOILm,0.0
2024-04-08 00:00:00,85.347,85.349,84.145,85.027,6356,27,0,USOILm,0.0
2024-04-08 04:00:00,85.027,85.387,84.822,85.338,5926,27,0,USOILm,0.0
2024-04-08 08:00:00,85.347,85.919,85.121,85.819,8773,27,0,USOILm,0.0
2024-04-08 12:00:00,85.822,86.472,84.851,84.92,13289,27,0,USOILm,0.0
2024-04-08 16:00:00,84.926,86.072,84.918,85.912,7770,27,0,USOILm,0.0
2024-04-08 20:00:00,85.913,86.029,85.825,85.998,646,27,0,USOILm,0.0
2024-04-09 00:00:00,85.981,86.263,85.865,85.902,2313,27,0,USOILm,0.0
2024-04-09 04:00:00,85.907,86.194,85.735,86.089,4096,27,0,USOILm,0.0
2024-04-09 08:00:00,86.096,86.299,85.594,85.749,7749,27,0,USOILm,0.0
2024-04-09 12:00:00,85.75,86.071,84.736,85.082,14873,27,0,USOILm,0.0
2024-04-09 16:00:00,85.085,85.204,84.485,84.774,7688,27,0,USOILm,0.0
2024-04-09 20:00:00,84.779,84.791,84.623,84.699,856,27,0,USOILm,0.0
2024-04-10 00:00:00,84.696,84.803,84.526,84.667,3234,27,0,USOILm,0.0
2024-04-10 04:00:00,84.663,85.09,84.615,85.011,4005,27,0,USOILm,0.0
2024-04-10 08:00:00,85.018,85.213,84.564,85.005,6753,27,0,USOILm,0.0
2024-04-10 12:00:00,85.008,85.395,83.988,84.757,17840,27,0,USOILm,0.0
2024-04-10 16:00:00,84.749,85.76,84.323,85.708,11825,27,0,USOILm,0.0
2024-04-10 20:00:00,85.707,85.742,85.565,85.637,995,27,0,USOILm,0.0
2024-04-11 00:00:00,85.623,85.865,85.522,85.802,3306,27,0,USOILm,0.0
2024-04-11 04:00:00,85.805,85.839,85.446,85.791,4492,27,0,USOILm,0.0
2024-04-11 08:00:00,85.786,86.001,84.93,85.191,8816,27,0,USOILm,0.0
2024-04-11 12:00:00,85.191,85.426,84.349,84.941,16045,27,0,USOILm,0.0
2024-04-11 16:00:00,84.936,85.16,84.483,85.089,10404,27,0,USOILm,0.0
2024-04-11 20:00:00,85.089,85.157,84.928,84.932,1043,27,0,USOILm,0.0
2024-04-12 00:00:00,84.945,85.393,84.872,85.121,3609,27,0,USOILm,0.0
2024-04-12 04:00:00,85.121,85.49,85.042,85.218,4245,27,0,USOILm,0.0
2024-04-12 08:00:00,85.222,85.704,85.135,85.621,7187,27,0,USOILm,0.0
2024-04-12 12:00:00,85.63,87.015,85.513,85.859,16888,27,0,USOILm,0.0
2024-04-12 16:00:00,85.851,85.871,84.775,85.077,12110,27,0,USOILm,0.0
2024-04-12 20:00:00,85.075,85.085,84.856,84.868,471,27,0,USOILm,0.0
2024-04-15 00:00:00,85.06,85.24,84.353,84.863,5099,55,0,USOILm,0.0
2024-04-15 04:00:00,84.867,84.927,83.844,83.884,5501,55,0,USOILm,0.0
2024-04-15 08:00:00,83.886,84.588,83.839,84.454,7751,55,0,USOILm,0.0
2024-04-15 12:00:00,84.454,84.798,83.521,83.979,13857,55,0,USOILm,0.0
2024-04-15 16:00:00,83.979,85.189,83.755,85.111,8797,55,0,USOILm,0.0
2024-04-15 20:00:00,85.114,85.421,85.058,85.235,1306,55,0,USOILm,0.0
2024-04-16 00:00:00,85.235,85.605,85.216,85.329,4672,55,0,USOILm,0.0
2024-04-16 04:00:00,85.331,85.509,84.866,84.96,4974,55,0,USOILm,0.0
2024-04-16 08:00:00,84.957,85.069,84.408,84.496,7687,55,0,USOILm,0.0
2024-04-16 12:00:00,84.492,85.169,84.207,84.956,11463,55,0,USOILm,0.0
2024-04-16 16:00:00,84.957,84.995,84.57,84.771,8526,55,0,USOILm,0.0
2024-04-16 20:00:00,84.771,84.894,84.666,84.878,1052,55,0,USOILm,0.0
2024-04-17 00:00:00,84.885,84.945,84.192,84.291,4105,55,0,USOILm,0.0
2024-04-17 04:00:00,84.292,84.592,84.163,84.478,4741,55,0,USOILm,0.0
2024-04-17 08:00:00,84.491,84.683,83.895,84.354,7289,55,0,USOILm,0.0
2024-04-17 12:00:00,84.36,84.406,82.685,82.782,12333,55,0,USOILm,0.0
2024-04-17 16:00:00,82.79,82.876,81.978,82.215,9985,55,0,USOILm,0.0
2024-04-17 20:00:00,82.225,82.357,82.103,82.22,1203,55,0,USOILm,0.0
2024-04-18 00:00:00,82.231,82.364,81.993,82.335,3854,55,0,USOILm,0.0
2024-04-18 04:00:00,82.335,82.391,81.465,81.684,4864,55,0,USOILm,0.0
2024-04-18 08:00:00,81.686,81.943,81.02,81.527,9477,55,0,USOILm,0.0
2024-04-18 12:00:00,81.524,82.607,81.436,82.02,13904,55,0,USOILm,0.0
2024-04-18 16:00:00,82.008,82.774,81.849,82.045,8003,55,0,USOILm,0.0
2024-04-18 20:00:00,82.043,82.05,81.789,81.942,887,55,0,USOILm,0.0
2024-04-19 00:00:00,81.961,85.493,81.791,84.148,11364,55,0,USOILm,0.0
2024-04-19 04:00:00,84.152,84.212,82.7,82.737,8991,55,0,USOILm,0.0
2024-04-19 08:00:00,82.745,82.751,81.073,81.422,10834,55,0,USOILm,0.0
2024-04-19 12:00:00,81.429,82.605,81.165,82.155,13105,55,0,USOILm,0.0
2024-04-19 16:00:00,82.157,82.763,81.951,82.026,8055,55,0,USOILm,0.0
2024-04-19 20:00:00,82.016,82.083,81.997,82.03,459,55,0,USOILm,0.0
2024-04-22 00:00:00,81.809,81.816,81.317,81.459,5376,55,0,USOILm,0.0
2024-04-22 04:00:00,81.463,81.527,80.602,80.725,5699,55,0,USOILm,0.0
2024-04-22 08:00:00,80.72,81.775,80.634,81.295,7875,55,0,USOILm,0.0
2024-04-22 12:00:00,81.302,82.067,80.681,81.982,12324,55,0,USOILm,0.0
2024-04-22 16:00:00,81.993,82.163,81.425,81.949,6668,55,0,USOILm,0.0
2024-04-22 20:00:00,81.946,82.014,81.833,81.922,846,55,0,USOILm,0.0
2024-04-23 00:00:00,81.923,82.303,81.699,82.043,5140,55,0,USOILm,0.0
2024-04-23 04:00:00,82.045,82.423,81.809,82.376,5346,55,0,USOILm,0.0
2024-04-23 08:00:00,82.364,82.847,81.086,81.157,8359,55,0,USOILm,0.0
2024-04-23 12:00:00,81.158,82.723,80.751,82.684,13317,55,0,USOILm,0.0
2024-04-23 16:00:00,82.684,83.252,82.635,83.128,6550,55,0,USOILm,0.0
2024-04-23 20:00:00,83.129,83.321,83.092,83.211,968,55,0,USOILm,0.0
2024-04-24 00:00:00,83.216,83.25,83.027,83.225,3833,55,0,USOILm,0.0
2024-04-24 04:00:00,83.231,83.484,83.062,83.187,4253,55,0,USOILm,0.0
2024-04-24 08:00:00,83.186,83.382,82.481,82.91,7285,55,0,USOILm,0.0
2024-04-24 12:00:00,82.919,83.339,82.267,82.627,12407,55,0,USOILm,0.0
2024-04-24 16:00:00,82.636,82.83,82.232,82.713,6915,55,0,USOILm,0.0
2024-04-24 20:00:00,82.71,82.729,82.435,82.457,1042,55,0,USOILm,0.0
2024-04-25 00:00:00,82.452,82.716,82.345,82.667,3658,55,0,USOILm,0.0
2024-04-25 04:00:00,82.666,82.901,82.59,82.873,3648,55,0,USOILm,0.0
2024-04-25 08:00:00,82.872,83.011,82.381,82.741,5508,55,0,USOILm,0.0
2024-04-25 12:00:00,82.744,83.08,81.763,82.294,12663,55,0,USOILm,0.0
2024-04-25 16:00:00,82.293,83.548,82.083,83.502,6494,55,0,USOILm,0.0
2024-04-25 20:00:00,83.504,83.55,83.431,83.443,938,55,0,USOILm,0.0
2024-04-26 00:00:00,83.445,83.664,83.412,83.51,2969,55,0,USOILm,0.0
2024-04-26 04:00:00,83.512,83.891,83.489,83.644,3850,55,0,USOILm,0.0
2024-04-26 08:00:00,83.644,83.917,83.278,83.818,5956,55,0,USOILm,0.0
2024-04-26 12:00:00,83.817,84.143,83.068,83.77,11115,55,0,USOILm,0.0
2024-04-26 16:00:00,83.772,83.814,83.355,83.404,5128,55,0,USOILm,0.0
2024-04-26 20:00:00,83.403,83.436,83.379,83.397,298,55,0,USOILm,0.0
2024-04-29 00:00:00,82.934,83.022,82.669,82.884,3926,55,0,USOILm,0.0
2024-04-29 04:00:00,82.881,83.07,82.693,83.068,3710,55,0,USOILm,0.0
2024-04-29 08:00:00,83.063,83.594,83.004,83.446,5020,55,0,USOILm,0.0
2024-04-29 12:00:00,83.446,83.538,82.264,82.727,10387,55,0,USOILm,0.0
2024-04-29 16:00:00,82.729,82.926,82.162,82.443,6368,55,0,USOILm,0.0
2024-04-29 20:00:00,82.442,82.494,82.163,82.319,941,55,0,USOILm,0.0
2024-04-30 00:00:00,82.32,82.368,82.14,82.268,3342,55,0,USOILm,0.0
2024-04-30 04:00:00,82.266,82.569,81.986,82.521,3607,55,0,USOILm,0.0
2024-04-30 08:00:00,82.527,82.809,82.325,82.639,5002,55,0,USOILm,0.0
2024-04-30 12:00:00,82.64,82.989,80.654,81.452,13192,55,0,USOILm,0.0
2024-04-30 16:00:00,81.449,81.839,81.112,81.254,7886,55,0,USOILm,0.0
2024-04-30 20:00:00,81.259,81.388,80.876,81.018,1454,55,0,USOILm,0.0
2024-05-01 00:00:00,81.017,81.091,80.739,80.793,1914,55,0,USOILm,0.0
2024-05-01 04:00:00,80.792,80.915,80.391,80.51,3247,55,0,USOILm,0.0
2024-05-01 08:00:00,80.512,80.75,80.028,80.204,6472,55,0,USOILm,0.0
2024-05-01 12:00:00,80.21,81.214,78.805,78.849,13198,55,0,USOILm,0.0
2024-05-01 16:00:00,78.849,79.219,78.524,78.719,11499,55,0,USOILm,0.0
2024-05-01 20:00:00,78.719,78.952,78.679,78.804,1254,55,0,USOILm,0.0
2024-05-02 00:00:00,78.804,79.155,78.759,79.152,3218,55,0,USOILm,0.0
2024-05-02 04:00:00,79.151,79.382,79.016,79.348,4188,55,0,USOILm,0.0
2024-05-02 08:00:00,79.347,79.552,78.935,79.432,7466,55,0,USOILm,0.0
2024-05-02 12:00:00,79.43,79.54,78.117,78.282,13376,55,0,USOILm,0.0
2024-05-02 16:00:00,78.284,79.165,78.186,78.695,8634,55,0,USOILm,0.0
2024-05-02 20:00:00,78.696,78.941,78.629,78.918,963,55,0,USOILm,0.0
2024-05-03 00:00:00,78.92,79.07,78.765,78.95,2522,55,0,USOILm,0.0
2024-05-03 04:00:00,78.946,79.111,78.767,78.958,3370,55,0,USOILm,0.0
2024-05-03 08:00:00,78.949,79.08,78.556,79.008,6097,55,0,USOILm,0.0
2024-05-03 12:00:00,79.016,79.323,77.982,78.105,13545,55,0,USOILm,0.0
2024-05-03 16:00:00,78.104,78.315,77.759,77.903,6311,55,0,USOILm,0.0
2024-05-03 20:00:00,77.907,77.912,77.737,77.747,315,55,0,USOILm,0.0
2024-05-06 00:00:00,78.127,78.337,77.792,78.12,4624,55,0,USOILm,0.0
2024-05-06 04:00:00,78.124,78.632,78.076,78.499,3232,55,0,USOILm,0.0
2024-05-06 08:00:00,78.496,78.806,78.474,78.791,5031,55,0,USOILm,0.0
2024-05-06 12:00:00,78.79,78.793,78.191,78.445,9082,55,0,USOILm,0.0
2024-05-06 16:00:00,78.441,78.73,77.64,78.368,8678,55,0,USOILm,0.0
2024-05-06 20:00:00,78.377,78.67,78.271,78.612,903,55,0,USOILm,0.0
2024-05-07 00:00:00,78.599,78.746,78.298,78.472,2945,55,0,USOILm,0.0
2024-05-07 04:00:00,78.472,78.507,78.038,78.167,3770,55,0,USOILm,0.0
2024-05-07 08:00:00,78.179,78.601,77.856,78.003,6685,55,0,USOILm,0.0
2024-05-07 12:00:00,77.996,78.168,77.354,78.142,10628,55,0,USOILm,0.0
2024-05-07 16:00:00,78.137,78.881,78.1,78.235,6811,55,0,USOILm,0.0
2024-05-07 20:00:00,78.235,78.338,77.968,78.063,967,55,0,USOILm,0.0
2024-05-08 00:00:00,78.053,78.079,77.753,77.847,2750,55,0,USOILm,0.0
2024-05-08 04:00:00,77.844,77.854,77.072,77.118,4156,55,0,USOILm,0.0
2024-05-08 08:00:00,77.108,77.456,76.688,77.214,7841,55,0,USOILm,0.0
2024-05-08 12:00:00,77.213,78.831,77.034,78.742,11336,55,0,USOILm,0.0
2024-05-08 16:00:00,78.743,78.914,78.344,78.843,5500,55,0,USOILm,0.0
2024-05-08 20:00:00,78.843,78.91,78.764,78.879,765,55,0,USOILm,0.0
2024-05-09 00:00:00,78.879,79.098,78.834,79.059,2583,55,0,USOILm,0.0
2024-05-09 04:00:00,79.063,79.202,78.908,79.196,2893,55,0,USOILm,0.0
2024-05-09 08:00:00,79.197,79.421,78.961,79.178,5230,55,0,USOILm,0.0
2024-05-09 12:00:00,79.175,79.343,78.54,78.589,9852,55,0,USOILm,0.0
2024-05-09 16:00:00,78.592,79.239,78.587,79.208,5288,55,0,USOILm,0.0
2024-05-09 20:00:00,79.204,79.278,79.157,79.218,678,55,0,USOILm,0.0
2024-05-10 00:00:00,79.216,79.41,79.184,79.358,2800,55,0,USOILm,0.0
2024-05-10 04:00:00,79.357,79.543,79.27,79.419,2979,55,0,USOILm,0.0
2024-05-10 08:00:00,79.425,79.52,79.041,79.352,5211,55,0,USOILm,0.0
2024-05-10 12:00:00,79.354,79.494,78.334,78.374,8800,55,0,USOILm,0.0
2024-05-10 16:00:00,78.376,78.407,77.834,77.949,6894,55,0,USOILm,0.0
2024-05-10 20:00:00,77.946,78.014,77.774,77.774,457,55,0,USOILm,0.0
2024-05-13 00:00:00,77.705,77.771,77.394,77.68,2966,55,0,USOILm,0.0
2024-05-13 04:00:00,77.664,78.095,77.543,78.073,3633,55,0,USOILm,0.0
2024-05-13 08:00:00,78.08,78.516,77.961,78.394,6049,55,0,USOILm,0.0
2024-05-13 12:00:00,78.389,79.029,78.239,78.452,9445,55,0,USOILm,0.0
2024-05-13 16:00:00,78.44,78.832,78.173,78.761,6418,55,0,USOILm,0.0
2024-05-13 20:00:00,78.76,78.775,78.639,78.654,734,55,0,USOILm,0.0
2024-05-14 00:00:00,78.654,78.892,78.57,78.748,2338,55,0,USOILm,0.0
2024-05-14 04:00:00,78.74,78.816,78.556,78.585,2869,55,0,USOILm,0.0
2024-05-14 08:00:00,78.592,78.801,78.293,78.431,5489,55,0,USOILm,0.0
2024-05-14 12:00:00,78.434,78.441,77.24,77.494,11928,55,0,USOILm,0.0
2024-05-14 16:00:00,77.495,77.826,77.371,77.743,5939,55,0,USOILm,0.0
2024-05-14 20:00:00,77.744,78.156,77.731,77.996,1038,55,0,USOILm,0.0
2024-05-15 00:00:00,77.987,78.316,77.856,78.191,2843,55,0,USOILm,0.0
2024-05-15 04:00:00,78.19,78.284,78.003,78.051,3880,55,0,USOILm,0.0
2024-05-15 08:00:00,78.058,78.198,77.101,77.265,7009,55,0,USOILm,0.0
2024-05-15 12:00:00,77.26,77.968,76.349,77.81,13173,55,0,USOILm,0.0
2024-05-15 16:00:00,77.811,78.423,77.669,78.418,6031,55,0,USOILm,0.0
2024-05-15 20:00:00,78.419,78.477,78.3,78.465,945,55,0,USOILm,0.0
2024-05-16 00:00:00,78.465,78.649,78.425,78.512,2956,55,0,USOILm,0.0
2024-05-16 04:00:00,78.507,78.654,78.355,78.39,3347,55,0,USOILm,0.0
2024-05-16 08:00:00,78.389,78.516,77.723,78.227,6880,55,0,USOILm,0.0
2024-05-16 12:00:00,78.23,79.273,78.07,78.839,9797,55,0,USOILm,0.0
2024-05-16 16:00:00,78.833,78.883,78.503,78.771,5461,55,0,USOILm,0.0
2024-05-16 20:00:00,78.766,78.916,78.74,78.878,741,55,0,USOILm,0.0
2024-05-17 00:00:00,78.872,79.057,78.733,78.901,3660,55,0,USOILm,0.0
2024-05-17 04:00:00,78.893,79.202,78.883,78.989,3879,55,0,USOILm,0.0
2024-05-17 08:00:00,78.987,79.055,78.55,78.715,6524,55,0,USOILm,0.0
2024-05-17 12:00:00,78.724,79.345,78.627,79.054,9632,55,0,USOILm,0.0
2024-05-17 16:00:00,79.056,79.601,78.959,79.478,4600,55,0,USOILm,0.0
2024-05-17 20:00:00,79.474,79.484,79.424,79.471,316,55,0,USOILm,0.0
2024-05-20 00:00:00,79.288,79.763,79.199,79.607,4272,55,0,USOILm,0.0
2024-05-20 04:00:00,79.606,79.878,79.51,79.865,3920,55,0,USOILm,0.0
2024-05-20 08:00:00,79.861,79.881,79.145,79.278,5678,55,0,USOILm,0.0
2024-05-20 12:00:00,79.282,80.023,78.712,79.251,10962,55,0,USOILm,0.0
2024-05-20 16:00:00,79.254,79.288,78.616,79.169,6631,55,0,USOILm,0.0
2024-05-20 20:00:00,79.171,79.196,79.089,79.163,709,55,0,USOILm,0.0
2024-05-21 00:00:00,79.168,79.216,78.674,78.799,3520,55,0,USOILm,0.0
2024-05-21 04:00:00,78.796,78.806,78.381,78.597,4046,55,0,USOILm,0.0
2024-05-21 08:00:00,78.606,78.92,77.714,77.802,8360,27,0,USOILm,0.0
2024-05-21 12:00:00,77.805,78.983,77.599,78.022,15036,27,0,USOILm,0.0
2024-05-21 16:00:00,78.013,78.868,77.941,78.572,8657,27,0,USOILm,0.0
2024-05-21 20:00:00,78.574,78.59,78.086,78.222,1180,27,0,USOILm,0.0
2024-05-22 00:00:00,78.224,78.276,77.827,77.976,3995,27,0,USOILm,0.0
2024-05-22 04:00:00,77.973,78.049,77.277,77.481,4375,27,0,USOILm,0.0
2024-05-22 08:00:00,77.488,78.229,77.37,77.693,8052,27,0,USOILm,0.0
2024-05-22 12:00:00,77.699,78.305,77.385,77.734,15540,27,0,USOILm,0.0
2024-05-22 16:00:00,77.737,78.226,77.178,77.243,8512,27,0,USOILm,0.0
2024-05-22 20:00:00,77.241,77.286,76.981,77.052,1078,27,0,USOILm,0.0
2024-05-23 00:00:00,77.052,77.164,76.727,77.034,3573,27,0,USOILm,0.0
2024-05-23 04:00:00,77.03,77.401,76.805,77.24,4419,27,0,USOILm,0.0
2024-05-23 08:00:00,77.249,78.163,77.249,77.954,7431,27,0,USOILm,0.0
2024-05-23 12:00:00,77.957,78.54,76.773,76.822,14427,27,0,USOILm,0.0
2024-05-23 16:00:00,76.815,77.259,76.322,76.755,9921,27,0,USOILm,0.0
2024-05-23 20:00:00,76.757,76.968,76.712,76.717,1218,27,0,USOILm,0.0
2024-05-24 00:00:00,76.713,76.885,76.623,76.748,3360,27,0,USOILm,0.0
2024-05-24 04:00:00,76.748,76.842,76.387,76.61,3929,27,0,USOILm,0.0
2024-05-24 08:00:00,76.618,76.671,76.021,76.516,7415,27,0,USOILm,0.0
2024-05-24 12:00:00,76.509,77.645,76.23,77.604,13535,27,0,USOILm,0.0
2024-05-24 16:00:00,77.597,77.887,77.393,77.604,6519,27,0,USOILm,0.0
2024-05-24 20:00:00,77.601,77.657,77.577,77.61,235,27,0,USOILm,0.0
2024-05-27 00:00:00,77.67,77.87,77.592,77.802,1427,42,0,USOILm,0.0
2024-05-27 04:00:00,77.805,77.903,77.683,77.703,1406,27,0,USOILm,0.0
2024-05-27 08:00:00,77.7,78.134,77.586,78.116,3875,27,0,USOILm,0.0
2024-05-27 12:00:00,78.118,78.637,78.052,78.552,5375,27,0,USOILm,0.0
2024-05-27 16:00:00,78.552,78.64,78.481,78.544,931,27,0,USOILm,0.0
2024-05-27 20:00:00,78.418,78.501,78.331,78.459,397,42,0,USOILm,0.0
2024-05-28 00:00:00,78.45,78.765,78.426,78.732,2156,27,0,USOILm,0.0
2024-05-28 04:00:00,78.732,78.747,78.472,78.609,2954,27,0,USOILm,0.0
2024-05-28 08:00:00,78.612,78.867,78.559,78.641,7051,27,0,USOILm,0.0
2024-05-28 12:00:00,78.636,79.586,78.564,79.575,12259,27,0,USOILm,0.0
2024-05-28 16:00:00,79.577,80.07,79.423,79.977,6138,27,0,USOILm,0.0
2024-05-28 20:00:00,79.975,80.089,79.951,80.011,839,27,0,USOILm,0.0
2024-05-29 00:00:00,80.012,80.085,79.838,79.9,3055,27,0,USOILm,0.0
2024-05-29 04:00:00,79.902,80.155,79.832,80.019,3777,27,0,USOILm,0.0
2024-05-29 08:00:00,80.027,80.4,80.027,80.195,6378,27,0,USOILm,0.0
2024-05-29 12:00:00,80.195,80.233,78.968,79.065,12535,27,0,USOILm,0.0
2024-05-29 16:00:00,79.058,79.242,78.815,78.83,5883,27,0,USOILm,0.0
2024-05-29 20:00:00,78.833,79.226,78.808,79.023,1025,27,0,USOILm,0.0
2024-05-30 00:00:00,79.025,79.185,78.879,79.023,3822,27,0,USOILm,0.0
2024-05-30 04:00:00,79.018,79.084,78.579,78.643,4328,27,0,USOILm,0.0
2024-05-30 08:00:00,78.644,79.131,78.564,78.865,7419,27,0,USOILm,0.0
2024-05-30 12:00:00,78.868,78.969,77.914,78.16,17022,27,0,USOILm,0.0
2024-05-30 16:00:00,78.164,78.198,77.478,77.748,10305,27,0,USOILm,0.0
2024-05-30 20:00:00,77.745,77.786,77.575,77.585,907,27,0,USOILm,0.0
2024-05-31 00:00:00,77.579,77.598,77.285,77.447,4223,27,0,USOILm,0.0
2024-05-31 04:00:00,77.444,77.739,77.416,77.549,4806,27,0,USOILm,0.0
2024-05-31 08:00:00,77.556,77.93,77.378,77.728,8876,27,0,USOILm,0.0
2024-05-31 12:00:00,77.728,78.436,76.501,76.761,15184,27,0,USOILm,0.0
2024-05-31 16:00:00,76.757,77.396,76.639,77.008,10580,27,0,USOILm,0.0
2024-05-31 20:00:00,77.011,77.122,77.003,77.122,481,27,0,USOILm,0.0
2024-06-03 00:00:00,76.625,77.355,76.548,76.796,5524,19,0,USOILm,0.0
2024-06-03 04:00:00,76.799,77.177,76.47,77.09,6700,19,0,USOILm,0.0
2024-06-03 08:00:00,77.085,77.151,76.555,76.797,9349,19,0,USOILm,0.0
2024-06-03 12:00:00,76.811,77.037,73.965,74.233,24394,19,0,USOILm,0.0
2024-06-03 16:00:00,74.232,74.557,73.907,73.964,12089,19,0,USOILm,0.0
2024-06-03 20:00:00,73.968,74.093,73.949,73.997,1240,19,0,USOILm,0.0
2024-06-04 00:00:00,73.99,74.04,73.519,73.535,5862,19,0,USOILm,0.0
2024-06-04 04:00:00,73.532,73.595,72.844,72.904,7464,19,0,USOILm,0.0
2024-06-04 08:00:00,72.911,73.211,72.462,72.804,12472,19,0,USOILm,0.0
2024-06-04 12:00:00,72.804,73.507,72.523,72.902,20617,19,0,USOILm,0.0
2024-06-04 16:00:00,72.904,73.542,72.904,73.171,8890,19,0,USOILm,0.0
2024-06-04 20:00:00,73.171,73.278,72.728,72.873,1085,19,0,USOILm,0.0
2024-06-05 00:00:00,72.872,73.226,72.871,73.086,2966,19,0,USOILm,0.0
2024-06-05 04:00:00,73.088,73.364,72.984,73.325,3668,19,0,USOILm,0.0
2024-06-05 08:00:00,73.321,73.533,72.738,73.404,7989,19,0,USOILm,0.0
2024-06-05 12:00:00,73.4,73.726,72.793,73.48,18845,19,0,USOILm,0.0
2024-06-05 16:00:00,73.485,74.057,73.37,73.96,7774,19,0,USOILm,0.0
2024-06-05 20:00:00,73.96,74.247,73.941,74.233,692,19,0,USOILm,0.0
2024-06-06 00:00:00,74.234,74.377,74.195,74.24,3232,19,0,USOILm,0.0
2024-06-06 04:00:00,74.242,74.618,74.171,74.566,3862,19,0,USOILm,0.0
2024-06-06 08:00:00,74.569,74.651,73.964,74.522,7491,19,0,USOILm,0.0
2024-06-06 12:00:00,74.517,75.494,73.872,75.449,16049,19,0,USOILm,0.0
2024-06-06 16:00:00,75.446,75.559,75.221,75.368,8043,19,0,USOILm,0.0
2024-06-06 20:00:00,75.366,75.479,75.3,75.463,551,19,0,USOILm,0.0
2024-06-07 00:00:00,75.462,75.662,75.178,75.521,3331,19,0,USOILm,0.0
2024-06-07 04:00:00,75.522,75.571,75.253,75.379,3842,19,0,USOILm,0.0
2024-06-07 08:00:00,75.376,75.855,75.021,75.808,7534,19,0,USOILm,0.0
2024-06-07 12:00:00,75.802,75.971,75.164,75.164,15488,19,0,USOILm,0.0
2024-06-07 16:00:00,75.164,75.596,74.983,75.078,7348,19,0,USOILm,0.0
2024-06-07 20:00:00,75.073,75.103,74.994,75.05,425,19,0,USOILm,0.0
2024-06-10 00:00:00,75.112,75.624,75.074,75.534,1933,19,0,USOILm,0.0
2024-06-10 04:00:00,75.533,75.742,75.314,75.656,4033,19,0,USOILm,0.0
2024-06-10 08:00:00,75.658,75.844,75.07,75.825,8571,19,0,USOILm,0.0
2024-06-10 12:00:00,75.825,77.185,75.539,77.179,15842,19,0,USOILm,0.0
2024-06-10 16:00:00,77.179,77.599,76.974,77.525,8224,19,0,USOILm,0.0
2024-06-10 20:00:00,77.527,77.773,77.513,77.686,658,19,0,USOILm,0.0
2024-06-11 00:00:00,77.689,77.792,77.175,77.268,4414,19,0,USOILm,0.0
2024-06-11 04:00:00,77.27,77.494,77.221,77.327,4434,19,0,USOILm,0.0
2024-06-11 08:00:00,77.341,77.543,76.97,77.16,8509,19,0,USOILm,0.0
2024-06-11 12:00:00,77.157,78.026,76.903,77.756,15724,19,0,USOILm,0.0
2024-06-11 16:00:00,77.766,77.966,77.506,77.564,7477,19,0,USOILm,0.0
2024-06-11 20:00:00,77.561,77.927,77.488,77.768,901,19,0,USOILm,0.0
2024-06-12 00:00:00,77.773,78.024,77.656,77.997,3025,19,0,USOILm,0.0
2024-06-12 04:00:00,78.0,78.201,77.968,78.16,3342,19,0,USOILm,0.0
2024-06-12 08:00:00,78.159,78.624,78.152,78.459,7073,19,0,USOILm,0.0
2024-06-12 12:00:00,78.464,78.968,77.576,77.968,16283,19,0,USOILm,0.0
2024-06-12 16:00:00,77.971,78.569,77.905,78.019,9774,19,0,USOILm,0.0
2024-06-12 20:00:00,78.019,78.12,77.93,77.932,665,19,0,USOILm,0.0
2024-06-13 00:00:00,77.933,78.015,77.719,77.907,3398,19,0,USOILm,0.0
2024-06-13 04:00:00,77.908,78.028,77.778,77.964,4044,19,0,USOILm,0.0
2024-06-13 08:00:00,77.964,78.118,77.362,77.422,7285,19,0,USOILm,0.0
2024-06-13 12:00:00,77.423,78.538,77.423,77.854,15793,19,0,USOILm,0.0
2024-06-13 16:00:00,77.85,78.544,77.715,77.759,8105,19,0,USOILm,0.0
2024-06-13 20:00:00,77.761,77.769,77.442,77.521,1311,19,0,USOILm,0.0
2024-06-14 00:00:00,77.52,77.931,77.414,77.854,3448,19,0,USOILm,0.0
2024-06-14 04:00:00,77.855,77.976,77.612,77.771,4828,19,0,USOILm,0.0
2024-06-14 08:00:00,77.777,78.755,77.606,78.698,8115,19,0,USOILm,0.0
2024-06-14 12:00:00,78.7,78.787,77.773,78.151,14721,19,0,USOILm,0.0
2024-06-14 16:00:00,78.16,78.444,78.011,78.05,7718,19,0,USOILm,0.0
2024-06-14 20:00:00,78.048,78.075,77.904,78.054,421,19,0,USOILm,0.0
2024-06-17 00:00:00,77.848,77.941,77.665,77.745,4386,19,0,USOILm,0.0
2024-06-17 04:00:00,77.746,78.04,77.546,77.949,3774,19,0,USOILm,0.0
2024-06-17 08:00:00,77.948,78.401,77.842,78.319,6363,19,0,USOILm,0.0
2024-06-17 12:00:00,78.321,79.087,78.153,78.787,12252,19,0,USOILm,0.0
2024-06-17 16:00:00,78.789,79.934,78.74,79.776,8128,19,0,USOILm,0.0
2024-06-17 20:00:00,79.775,79.83,79.659,79.708,918,19,0,USOILm,0.0
2024-06-18 00:00:00,79.704,79.849,79.438,79.484,4278,19,0,USOILm,0.0
2024-06-18 04:00:00,79.485,79.622,79.397,79.468,4203,19,0,USOILm,0.0
2024-06-18 08:00:00,79.472,79.703,79.095,79.642,7903,19,0,USOILm,0.0
2024-06-18 12:00:00,79.641,80.649,79.475,80.182,13150,19,0,USOILm,0.0
2024-06-18 16:00:00,80.18,80.768,79.949,80.606,9292,19,0,USOILm,0.0
2024-06-18 20:00:00,80.608,80.76,80.561,80.695,940,19,0,USOILm,0.0
2024-06-19 00:00:00,80.689,80.799,80.598,80.648,3502,19,0,USOILm,0.0
2024-06-19 04:00:00,80.645,80.726,80.28,80.42,4081,19,0,USOILm,0.0
2024-06-19 08:00:00,80.422,80.814,80.23,80.789,7116,19,0,USOILm,0.0
2024-06-19 12:00:00,80.789,81.082,80.421,80.453,8552,19,0,USOILm,0.0
2024-06-19 16:00:00,80.455,80.671,80.397,80.537,1690,19,0,USOILm,0.0
2024-06-19 20:00:00,80.419,80.534,80.394,80.476,310,29,0,USOILm,0.0
2024-06-20 00:00:00,80.486,80.526,80.333,80.383,2886,19,0,USOILm,0.0
2024-06-20 04:00:00,80.383,80.583,80.293,80.42,3598,19,0,USOILm,0.0
2024-06-20 08:00:00,80.417,80.779,80.388,80.759,7640,19,0,USOILm,0.0
2024-06-20 12:00:00,80.76,81.394,80.532,80.817,14389,19,0,USOILm,0.0
2024-06-20 16:00:00,80.816,81.384,80.725,81.287,7309,19,0,USOILm,0.0
2024-06-20 20:00:00,81.286,81.287,81.081,81.098,726,19,0,USOILm,0.0
2024-06-21 00:00:00,81.099,81.121,80.959,80.985,2957,19,0,USOILm,0.0
2024-06-21 04:00:00,80.986,81.198,80.832,80.958,3435,19,0,USOILm,0.0
2024-06-21 08:00:00,80.958,81.2,80.759,80.953,7228,19,0,USOILm,0.0
2024-06-21 12:00:00,80.967,81.614,80.882,80.937,13829,19,0,USOILm,0.0
2024-06-21 16:00:00,80.94,80.991,80.193,80.476,8727,19,0,USOILm,0.0
2024-06-21 20:00:00,80.478,80.513,80.457,80.472,335,19,0,USOILm,0.0
2024-06-24 00:00:00,80.067,80.481,80.054,80.471,3797,19,0,USOILm,0.0
2024-06-24 04:00:00,80.471,80.7,80.36,80.687,3178,19,0,USOILm,0.0
2024-06-24 08:00:00,80.687,80.966,80.58,80.925,5914,19,0,USOILm,0.0
2024-06-24 12:00:00,80.92,81.411,80.091,81.338,12860,19,0,USOILm,0.0
2024-06-24 16:00:00,81.339,81.573,81.304,81.485,6059,19,0,USOILm,0.0
2024-06-24 20:00:00,81.488,81.507,81.417,81.453,617,19,0,USOILm,0.0
2024-06-25 00:00:00,81.45,81.661,81.31,81.419,2958,19,0,USOILm,0.0
2024-06-25 04:00:00,81.42,81.554,81.264,81.295,3629,19,0,USOILm,0.0
2024-06-25 08:00:00,81.307,81.485,80.682,80.706,7325,19,0,USOILm,0.0
2024-06-25 12:00:00,80.707,81.562,80.707,80.912,12602,19,0,USOILm,0.0
2024-06-25 16:00:00,80.917,81.007,80.474,80.596,6929,19,0,USOILm,0.0
2024-06-25 20:00:00,80.597,80.631,80.31,80.479,842,19,0,USOILm,0.0
2024-06-26 00:00:00,80.48,80.955,80.414,80.95,2840,19,0,USOILm,0.0
2024-06-26 04:00:00,80.951,81.128,80.778,80.825,3335,19,0,USOILm,0.0
2024-06-26 08:00:00,80.827,81.365,80.721,80.985,6688,19,0,USOILm,0.0
2024-06-26 12:00:00,80.986,81.199,79.951,80.446,17179,19,0,USOILm,0.0
2024-06-26 16:00:00,80.445,81.253,80.273,80.405,8217,19,0,USOILm,0.0
2024-06-26 20:00:00,80.405,80.667,80.355,80.359,751,19,0,USOILm,0.0
2024-06-27 00:00:00,80.363,80.436,80.232,80.393,2445,19,0,USOILm,0.0
2024-06-27 04:00:00,80.392,80.894,80.378,80.883,2871,19,0,USOILm,0.0
2024-06-27 08:00:00,80.884,81.355,80.818,81.14,7307,19,0,USOILm,0.0
2024-06-27 12:00:00,81.139,81.72,80.974,81.148,15993,19,0,USOILm,0.0
2024-06-27 16:00:00,81.145,81.609,80.832,81.524,8491,19,0,USOILm,0.0
2024-06-27 20:00:00,81.527,81.535,81.449,81.477,639,19,0,USOILm,0.0
2024-06-28 00:00:00,81.479,81.858,81.449,81.81,3017,19,0,USOILm,0.0
2024-06-28 04:00:00,81.806,82.062,81.783,82.018,3069,19,0,USOILm,0.0
2024-06-28 08:00:00,82.024,82.304,81.686,81.713,8016,19,0,USOILm,0.0
2024-06-28 12:00:00,81.714,81.865,80.61,81.231,15512,19,0,USOILm,0.0
2024-06-28 16:00:00,81.229,81.404,80.838,81.104,8058,19,0,USOILm,0.0
2024-06-28 20:00:00,81.109,81.15,81.092,81.109,376,19,0,USOILm,0.0
2024-07-01 00:00:00,81.275,81.579,81.177,81.497,3112,19,0,USOILm,0.0
2024-07-01 04:00:00,81.492,81.819,81.344,81.71,3661,19,0,USOILm,0.0
2024-07-01 08:00:00,81.716,81.845,81.269,81.644,7336,19,0,USOILm,0.0
2024-07-01 12:00:00,81.654,82.489,81.28,82.449,14634,19,0,USOILm,0.0
2024-07-01 16:00:00,82.447,83.118,82.322,82.972,8065,19,0,USOILm,0.0
2024-07-01 20:00:00,82.974,83.016,82.835,82.858,784,19,0,USOILm,0.0
2024-07-02 00:00:00,82.867,83.063,82.828,82.963,2396,19,0,USOILm,0.0
2024-07-02 04:00:00,82.964,83.135,82.784,83.11,3808,19,0,USOILm,0.0
2024-07-02 08:00:00,83.1,83.555,82.922,83.474,7614,19,0,USOILm,0.0
2024-07-02 12:00:00,83.473,83.765,82.568,82.633,16327,19,0,USOILm,0.0
2024-07-02 16:00:00,82.631,83.014,82.245,82.547,8571,19,0,USOILm,0.0
2024-07-02 20:00:00,82.551,82.929,82.469,82.5,857,19,0,USOILm,0.0
2024-07-03 00:00:00,82.5,82.745,82.397,82.698,2142,19,0,USOILm,0.0
2024-07-03 04:00:00,82.694,82.838,82.542,82.589,3636,19,0,USOILm,0.0
2024-07-03 08:00:00,82.593,82.688,82.214,82.382,7023,19,0,USOILm,0.0
2024-07-03 12:00:00,82.38,82.971,81.958,82.494,16049,19,0,USOILm,0.0
2024-07-03 16:00:00,82.494,83.423,82.305,83.239,7096,19,0,USOILm,0.0
2024-07-03 20:00:00,83.235,83.245,83.111,83.118,560,19,0,USOILm,0.0
2024-07-04 00:00:00,83.119,83.15,82.832,82.841,2091,19,0,USOILm,0.0
2024-07-04 04:00:00,82.841,82.909,82.561,82.562,2831,19,0,USOILm,0.0
2024-07-04 08:00:00,82.563,83.06,82.563,82.845,5161,19,0,USOILm,0.0
2024-07-04 12:00:00,82.843,83.515,82.773,83.451,7309,19,0,USOILm,0.0
2024-07-04 16:00:00,83.451,83.562,83.338,83.549,1354,19,0,USOILm,0.0
2024-07-04 20:00:00,83.466,83.466,83.335,83.345,201,29,0,USOILm,0.0
2024-07-05 00:00:00,83.351,83.515,83.046,83.15,1523,29,0,USOILm,0.0
2024-07-05 04:00:00,83.143,83.65,83.07,83.492,2403,19,0,USOILm,0.0
2024-07-05 08:00:00,83.495,83.595,83.209,83.373,5975,19,0,USOILm,0.0
2024-07-05 12:00:00,83.369,83.924,83.125,83.657,13211,19,0,USOILm,0.0
2024-07-05 16:00:00,83.653,83.699,82.533,82.629,9521,19,0,USOILm,0.0
2024-07-05 20:00:00,82.623,82.852,82.577,82.797,597,19,0,USOILm,0.0
2024-07-08 00:00:00,82.636,82.66,82.161,82.379,3653,19,0,USOILm,0.0
2024-07-08 04:00:00,82.38,82.413,81.918,82.156,4652,19,0,USOILm,0.0
2024-07-08 08:00:00,82.16,82.216,81.546,81.927,7802,19,0,USOILm,0.0
2024-07-08 12:00:00,81.925,82.293,81.65,81.754,14188,19,0,USOILm,0.0
2024-07-08 16:00:00,81.755,82.088,81.554,81.695,6808,19,0,USOILm,0.0
2024-07-08 20:00:00,81.7,81.764,81.598,81.663,596,19,0,USOILm,0.0
2024-07-09 00:00:00,81.663,81.76,81.458,81.496,1909,19,0,USOILm,0.0
2024-07-09 04:00:00,81.494,81.841,81.344,81.359,3609,19,0,USOILm,0.0
2024-07-09 08:00:00,81.363,81.499,81.116,81.41,5923,19,0,USOILm,0.0
2024-07-09 12:00:00,81.413,81.88,80.737,81.004,14789,19,0,USOILm,0.0
2024-07-09 16:00:00,81.015,81.515,80.649,80.943,9395,19,0,USOILm,0.0
2024-07-09 20:00:00,80.947,81.105,80.911,81.009,697,19,0,USOILm,0.0
2024-07-10 00:00:00,81.009,81.02,80.581,80.62,2112,19,0,USOILm,0.0
2024-07-10 04:00:00,80.615,80.617,80.137,80.522,3661,19,0,USOILm,0.0
2024-07-10 08:00:00,80.527,81.121,80.423,80.655,6948,19,0,USOILm,0.0
2024-07-10 12:00:00,80.655,81.838,80.311,81.78,14377,19,0,USOILm,0.0
2024-07-10 16:00:00,81.786,81.812,81.041,81.594,8248,19,0,USOILm,0.0
2024-07-10 20:00:00,81.594,81.619,81.482,81.588,557,19,0,USOILm,0.0
2024-07-11 00:00:00,81.593,82.014,81.559,81.889,2865,19,0,USOILm,0.0
2024-07-11 04:00:00,81.888,81.948,81.5,81.524,3562,19,0,USOILm,0.0
2024-07-11 08:00:00,81.519,81.754,81.2,81.258,6626,19,0,USOILm,0.0
2024-07-11 12:00:00,81.258,81.831,80.792,81.592,17385,19,0,USOILm,0.0
2024-07-11 16:00:00,81.593,82.014,81.054,81.981,9047,19,0,USOILm,0.0
2024-07-11 20:00:00,81.988,81.988,81.709,81.853,773,19,0,USOILm,0.0
2024-07-12 00:00:00,81.855,81.978,81.623,81.738,2835,19,0,USOILm,0.0
2024-07-12 04:00:00,81.741,82.26,81.649,82.191,4011,19,0,USOILm,0.0
2024-07-12 08:00:00,82.193,82.495,82.018,82.221,6221,19,0,USOILm,0.0
2024-07-12 12:00:00,82.219,82.371,81.332,81.488,14782,19,0,USOILm,0.0
2024-07-12 16:00:00,81.497,81.713,81.078,81.196,8455,19,0,USOILm,0.0
2024-07-12 20:00:00,81.2,81.249,81.145,81.158,379,19,0,USOILm,0.0
2024-07-15 00:00:00,81.142,81.3,80.543,81.256,4010,19,0,USOILm,0.0
2024-07-15 04:00:00,81.254,81.29,80.774,80.866,3766,19,0,USOILm,0.0
2024-07-15 08:00:00,80.878,81.34,80.852,80.961,7162,19,0,USOILm,0.0
2024-07-15 12:00:00,80.961,81.266,80.469,80.919,15403,19,0,USOILm,0.0
2024-07-15 16:00:00,80.925,81.188,80.739,80.988,8105,19,0,USOILm,0.0
2024-07-15 20:00:00,80.983,81.005,80.805,80.805,475,19,0,USOILm,0.0
2024-07-16 00:00:00,80.807,80.877,80.598,80.642,2212,19,0,USOILm,0.0
2024-07-16 04:00:00,80.641,80.673,80.177,80.291,3039,19,0,USOILm,0.0
2024-07-16 08:00:00,80.284,80.369,79.39,79.405,6632,19,0,USOILm,0.0
2024-07-16 12:00:00,79.397,80.249,79.26,79.968,15616,19,0,USOILm,0.0
2024-07-16 16:00:00,79.97,80.223,79.609,79.861,8581,19,0,USOILm,0.0
2024-07-16 20:00:00,79.864,79.895,79.65,79.66,712,19,0,USOILm,0.0
2024-07-17 00:00:00,79.665,79.847,79.421,79.733,3019,19,0,USOILm,0.0
2024-07-17 04:00:00,79.735,80.105,79.435,80.049,3994,19,0,USOILm,0.0
2024-07-17 08:00:00,80.036,80.148,79.624,80.148,6589,19,0,USOILm,0.0
2024-07-17 12:00:00,80.142,81.407,80.081,81.388,13672,19,0,USOILm,0.0
2024-07-17 16:00:00,81.392,81.492,81.142,81.428,8389,19,0,USOILm,0.0
2024-07-17 20:00:00,81.429,81.638,81.404,81.618,767,19,0,USOILm,0.0
2024-07-18 00:00:00,81.619,81.995,81.541,81.802,3498,19,0,USOILm,0.0
2024-07-18 04:00:00,81.801,82.19,81.752,81.986,4410,19,0,USOILm,0.0
2024-07-18 08:00:00,81.995,82.028,81.1,81.179,7177,19,0,USOILm,0.0
2024-07-18 12:00:00,81.181,81.539,80.537,81.426,16635,19,0,USOILm,0.0
2024-07-18 16:00:00,81.432,81.805,80.577,80.629,8555,19,0,USOILm,0.0
2024-07-18 20:00:00,80.632,80.836,80.632,80.666,1003,19,0,USOILm,0.0
2024-07-19 00:00:00,80.665,80.766,80.383,80.654,3742,19,0,USOILm,0.0
2024-07-19 04:00:00,80.653,80.693,80.341,80.659,4077,19,0,USOILm,0.0
2024-07-19 08:00:00,80.657,81.205,80.578,80.951,6998,19,0,USOILm,0.0
2024-07-19 12:00:00,80.945,81.064,79.684,79.792,16571,19,0,USOILm,0.0
2024-07-19 16:00:00,79.794,79.83,78.471,78.633,12440,19,0,USOILm,0.0
2024-07-19 20:00:00,78.636,78.661,78.554,78.601,570,19,0,USOILm,0.0
2024-07-22 00:00:00,78.86,78.963,78.603,78.932,4178,19,0,USOILm,0.0
2024-07-22 04:00:00,78.931,78.943,78.609,78.706,4648,19,0,USOILm,0.0
2024-07-22 08:00:00,78.706,78.814,77.985,77.994,7932,19,0,USOILm,0.0
2024-07-22 12:00:00,77.993,78.291,77.398,78.023,16037,19,0,USOILm,0.0
2024-07-22 16:00:00,78.024,78.296,77.875,78.151,8147,19,0,USOILm,0.0
2024-07-22 20:00:00,78.156,78.238,78.0,78.036,580,19,0,USOILm,0.0
2024-07-23 00:00:00,78.035,78.383,77.994,78.201,2897,19,0,USOILm,0.0
2024-07-23 04:00:00,78.205,78.27,78.038,78.139,4047,19,0,USOILm,0.0
2024-07-23 08:00:00,78.142,78.504,77.71,77.928,7313,19,0,USOILm,0.0
2024-07-23 12:00:00,77.925,77.943,76.209,76.297,17753,19,0,USOILm,0.0
2024-07-23 16:00:00,76.292,77.177,76.246,77.11,10073,19,0,USOILm,0.0
2024-07-23 20:00:00,77.115,77.263,77.036,77.079,978,19,0,USOILm,0.0
2024-07-24 00:00:00,77.078,77.122,76.834,76.994,3270,19,0,USOILm,0.0
2024-07-24 04:00:00,76.996,77.193,76.811,77.078,4660,19,0,USOILm,0.0
2024-07-24 08:00:00,77.085,77.669,77.032,77.605,7140,19,0,USOILm,0.0
2024-07-24 12:00:00,77.609,77.917,76.72,77.55,17400,19,0,USOILm,0.0
2024-07-24 16:00:00,77.556,77.845,77.181,77.272,9809,19,0,USOILm,0.0
2024-07-24 20:00:00,77.272,77.312,77.081,77.168,756,19,0,USOILm,0.0
2024-07-25 00:00:00,77.17,77.179,76.562,76.672,4123,19,0,USOILm,0.0
2024-07-25 04:00:00,76.671,76.841,76.509,76.84,4533,19,0,USOILm,0.0
2024-07-25 08:00:00,76.843,76.985,75.779,75.806,9344,19,0,USOILm,0.0
2024-07-25 12:00:00,75.802,77.803,75.741,77.796,21283,19,0,USOILm,0.0
2024-07-25 16:00:00,77.791,78.127,77.629,77.834,8634,19,0,USOILm,0.0
2024-07-25 20:00:00,77.84,77.918,77.761,77.878,703,19,0,USOILm,0.0
2024-07-26 00:00:00,77.88,78.198,77.772,78.046,4246,19,0,USOILm,0.0
2024-07-26 04:00:00,78.048,78.109,77.76,77.788,3955,19,0,USOILm,0.0
2024-07-26 08:00:00,77.793,77.926,77.386,77.519,6518,19,0,USOILm,0.0
2024-07-26 12:00:00,77.518,77.588,75.812,76.538,19276,19,0,USOILm,0.0
2024-07-26 16:00:00,76.539,77.11,76.126,76.385,11535,19,0,USOILm,0.0
2024-07-26 20:00:00,76.384,76.503,76.185,76.254,780,19,0,USOILm,0.0
2024-07-29 00:00:00,76.821,76.999,76.566,76.913,5662,19,0,USOILm,0.0
2024-07-29 04:00:00,76.911,77.237,76.631,76.815,5493,19,0,USOILm,0.0
2024-07-29 08:00:00,76.805,76.84,76.092,76.116,8660,19,0,USOILm,0.0
2024-07-29 12:00:00,76.117,77.173,75.145,75.283,21946,19,0,USOILm,0.0
2024-07-29 16:00:00,75.275,75.554,74.963,75.41,11435,19,0,USOILm,0.0
2024-07-29 20:00:00,75.417,75.513,75.191,75.193,888,19,0,USOILm,0.0
2024-07-30 00:00:00,75.198,75.24,74.907,74.954,3971,19,0,USOILm,0.0
2024-07-30 04:00:00,74.955,75.37,74.873,75.367,4551,19,0,USOILm,0.0
2024-07-30 08:00:00,75.372,75.509,74.771,74.814,7669,19,0,USOILm,0.0
2024-07-30 12:00:00,74.813,75.105,74.241,74.276,20987,19,0,USOILm,0.0
2024-07-30 16:00:00,74.28,74.968,74.224,74.683,13654,19,0,USOILm,0.0
2024-07-30 20:00:00,74.686,74.933,74.621,74.845,1086,19,0,USOILm,0.0
2024-07-31 00:00:00,74.846,75.502,74.737,75.395,4805,19,0,USOILm,0.0
2024-07-31 04:00:00,75.392,75.937,75.387,75.665,6205,19,0,USOILm,0.0
2024-07-31 08:00:00,75.66,76.98,75.518,76.872,9404,19,0,USOILm,0.0
2024-07-31 12:00:00,76.867,77.065,76.087,76.829,20409,19,0,USOILm,0.0
2024-07-31 16:00:00,76.834,78.005,76.823,77.873,13021,19,0,USOILm,0.0
2024-07-31 20:00:00,77.868,78.084,77.824,77.931,1650,19,0,USOILm,0.0
2024-08-01 00:00:00,77.932,78.159,77.711,77.909,6220,19,0,USOILm,0.0
2024-08-01 04:00:00,77.91,78.271,77.722,78.001,7259,19,0,USOILm,0.0
2024-08-01 08:00:00,78.02,78.155,77.726,77.803,9410,19,0,USOILm,0.0
2024-08-01 12:00:00,77.804,78.087,76.484,76.575,21120,19,0,USOILm,0.0
2024-08-01 16:00:00,76.577,76.787,75.75,76.433,13576,19,0,USOILm,0.0
2024-08-01 20:00:00,76.438,76.499,76.153,76.241,1488,19,0,USOILm,0.0
2024-08-02 00:00:00,76.231,76.543,75.952,76.385,5768,19,0,USOILm,0.0
2024-08-02 04:00:00,76.387,76.701,76.173,76.652,6847,19,0,USOILm,0.0
2024-08-02 08:00:00,76.645,76.723,75.022,75.234,9616,19,0,USOILm,0.0
2024-08-02 12:00:00,75.234,75.261,72.708,73.149,30818,19,0,USOILm,0.0
2024-08-02 16:00:00,73.153,73.538,72.469,73.402,15030,19,0,USOILm,0.0
2024-08-02 20:00:00,73.407,73.633,73.39,73.564,955,19,0,USOILm,0.0
2024-08-05 00:00:00,73.407,73.441,72.367,73.114,10283,19,0,USOILm,0.0
2024-08-05 04:00:00,73.116,73.15,71.853,72.403,15332,19,0,USOILm,0.0
2024-08-05 08:00:00,72.397,72.628,71.166,71.224,22448,19,0,USOILm,0.0
2024-08-05 12:00:00,71.222,72.992,71.187,72.562,34799,19,0,USOILm,0.0
2024-08-05 16:00:00,72.553,73.296,72.257,73.257,14626,19,0,USOILm,0.0
2024-08-05 20:00:00,73.254,73.777,73.204,73.646,1800,19,0,USOILm,0.0
2024-08-06 00:00:00,73.646,74.022,73.327,73.482,7715,19,0,USOILm,0.0
2024-08-06 04:00:00,73.483,73.688,72.459,72.583,8303,19,0,USOILm,0.0
2024-08-06 08:00:00,72.589,73.081,72.258,72.358,13931,19,0,USOILm,0.0
2024-08-06 12:00:00,72.357,73.34,71.693,73.009,27790,19,0,USOILm,0.0
2024-08-06 16:00:00,73.015,73.252,72.432,72.444,13101,19,0,USOILm,0.0
2024-08-06 20:00:00,72.44,72.609,72.092,72.236,1725,19,0,USOILm,0.0
2024-08-07 00:00:00,72.233,72.7,71.98,72.654,6033,19,0,USOILm,0.0
2024-08-07 04:00:00,72.655,73.049,72.387,72.874,7002,19,0,USOILm,0.0
2024-08-07 08:00:00,72.877,74.221,72.64,74.181,12029,19,0,USOILm,0.0
2024-08-07 12:00:00,74.185,75.025,73.588,74.999,22164,19,0,USOILm,0.0
2024-08-07 16:00:00,74.997,75.035,74.225,74.564,13644,19,0,USOILm,0.0
2024-08-07 20:00:00,74.56,74.745,74.371,74.622,1437,19,0,USOILm,0.0
2024-08-08 00:00:00,74.627,74.821,74.408,74.743,6973,19,0,USOILm,0.0
2024-08-08 04:00:00,74.741,74.821,73.925,74.173,8633,19,0,USOILm,0.0
2024-08-08 08:00:00,74.173,74.587,73.775,74.454,12860,19,0,USOILm,0.0
2024-08-08 12:00:00,74.459,75.279,74.21,74.88,21681,19,0,USOILm,0.0
2024-08-08 16:00:00,74.888,75.565,74.822,75.176,11038,19,0,USOILm,0.0
2024-08-08 20:00:00,75.178,75.235,74.979,75.158,835,19,0,USOILm,0.0
2024-08-09 00:00:00,75.16,75.446,74.947,75.383,4453,19,0,USOILm,0.0
2024-08-09 04:00:00,75.383,75.423,75.102,75.161,4711,19,0,USOILm,0.0
2024-08-09 08:00:00,75.158,75.74,74.906,75.694,8557,19,0,USOILm,0.0
2024-08-09 12:00:00,75.689,75.829,74.947,75.703,17269,19,0,USOILm,0.0
2024-08-09 16:00:00,75.699,76.028,75.488,75.924,9224,19,0,USOILm,0.0
2024-08-09 20:00:00,75.926,75.95,75.862,75.922,506,19,0,USOILm,0.0
2024-08-12 00:00:00,75.68,76.068,75.617,75.941,3933,19,0,USOILm,0.0
2024-08-12 04:00:00,75.949,76.378,75.937,76.342,3749,19,0,USOILm,0.0
2024-08-12 08:00:00,76.343,76.676,76.181,76.624,6677,19,0,USOILm,0.0
2024-08-12 12:00:00,76.624,77.6,76.467,77.538,15144,19,0,USOILm,0.0
2024-08-12 16:00:00,77.538,78.775,77.417,78.209,11322,19,0,USOILm,0.0
2024-08-12 20:00:00,78.205,78.302,78.085,78.09,1149,19,0,USOILm,0.0
2024-08-13 00:00:00,78.089,78.206,77.786,77.937,5584,19,0,USOILm,0.0
2024-08-13 04:00:00,77.935,78.243,77.881,78.132,5571,19,0,USOILm,0.0
2024-08-13 08:00:00,78.142,78.584,77.965,78.054,8801,19,0,USOILm,0.0
2024-08-13 12:00:00,78.053,78.324,76.947,77.041,18563,19,0,USOILm,0.0
2024-08-13 16:00:00,77.04,77.261,76.776,77.095,9603,19,0,USOILm,0.0
2024-08-13 20:00:00,77.099,77.288,76.957,77.243,1038,19,0,USOILm,0.0
2024-08-14 00:00:00,77.241,77.583,77.087,77.397,5192,19,0,USOILm,0.0
2024-08-14 04:00:00,77.393,77.489,77.133,77.287,4660,19,0,USOILm,0.0
2024-08-14 08:00:00,77.301,77.597,76.489,76.832,7991,19,0,USOILm,0.0
2024-08-14 12:00:00,76.833,77.356,76.01,76.467,19165,19,0,USOILm,0.0
2024-08-14 16:00:00,76.47,76.551,75.703,76.005,10162,19,0,USOILm,0.0
2024-08-14 20:00:00,76.011,76.148,75.906,76.0,949,19,0,USOILm,0.0
2024-08-15 00:00:00,76.012,76.118,75.698,76.024,5471,19,0,USOILm,0.0
2024-08-15 04:00:00,76.026,76.321,75.816,76.221,4462,19,0,USOILm,0.0
2024-08-15 08:00:00,76.224,76.599,75.916,76.543,7458,19,0,USOILm,0.0
2024-08-15 12:00:00,76.547,77.363,76.237,77.226,16773,19,0,USOILm,0.0
2024-08-15 16:00:00,77.221,77.289,76.702,76.793,7645,19,0,USOILm,0.0
2024-08-15 20:00:00,76.799,76.853,76.63,76.71,814,19,0,USOILm,0.0
2024-08-16 00:00:00,76.714,76.868,76.584,76.671,3692,19,0,USOILm,0.0
2024-08-16 04:00:00,76.672,76.753,76.473,76.732,4131,19,0,USOILm,0.0
2024-08-16 08:00:00,76.737,76.823,74.481,74.823,10143,19,0,USOILm,0.0
2024-08-16 12:00:00,74.815,75.956,74.755,75.646,18098,19,0,USOILm,0.0
2024-08-16 16:00:00,75.645,75.869,75.17,75.58,8838,19,0,USOILm,0.0
2024-08-16 20:00:00,75.576,75.65,75.479,75.512,562,19,0,USOILm,0.0
2024-08-19 00:00:00,75.163,75.503,75.04,75.326,5454,19,0,USOILm,0.0
2024-08-19 04:00:00,75.329,75.4,74.79,74.793,5577,19,0,USOILm,0.0
2024-08-19 08:00:00,74.802,75.231,74.502,74.946,9082,19,0,USOILm,0.0
2024-08-19 12:00:00,74.948,75.642,74.613,74.761,16902,19,0,USOILm,0.0
2024-08-19 16:00:00,74.771,74.835,73.383,73.678,14139,19,0,USOILm,0.0
2024-08-19 20:00:00,73.674,73.801,73.573,73.596,794,19,0,USOILm,0.0
2024-08-20 00:00:00,73.589,73.687,72.953,72.978,4619,19,0,USOILm,0.0
2024-08-20 04:00:00,72.98,73.221,72.758,72.887,5542,19,0,USOILm,0.0
2024-08-20 08:00:00,72.903,73.875,72.456,73.784,11160,19,0,USOILm,0.0
2024-08-20 12:00:00,73.783,74.254,72.958,73.141,20959,19,0,USOILm,0.0
2024-08-20 16:00:00,73.149,73.499,72.983,73.09,9661,19,0,USOILm,0.0
2024-08-20 20:00:00,73.089,73.163,72.895,72.964,925,19,0,USOILm,0.0
2024-08-21 00:00:00,72.965,73.149,72.753,72.892,3335,19,0,USOILm,0.0
2024-08-21 04:00:00,72.891,73.238,72.761,72.879,4208,19,0,USOILm,0.0
2024-08-21 08:00:00,72.877,73.506,72.774,73.235,8160,19,0,USOILm,0.0
2024-08-21 12:00:00,73.229,74.001,72.246,72.276,20077,19,0,USOILm,0.0
2024-08-21 16:00:00,72.281,72.41,71.349,71.821,12532,19,0,USOILm,0.0
2024-08-21 20:00:00,71.818,71.878,71.656,71.656,940,19,0,USOILm,0.0
2024-08-22 00:00:00,71.658,71.79,71.438,71.69,3581,19,0,USOILm,0.0
2024-08-22 04:00:00,71.685,71.782,71.485,71.532,4421,19,0,USOILm,0.0
2024-08-22 08:00:00,71.538,72.207,71.448,72.169,10159,19,0,USOILm,0.0
2024-08-22 12:00:00,72.167,73.144,71.816,73.063,19522,19,0,USOILm,0.0
2024-08-22 16:00:00,73.065,73.34,72.631,72.726,9189,19,0,USOILm,0.0
2024-08-22 20:00:00,72.732,72.898,72.684,72.898,686,19,0,USOILm,0.0
2024-08-23 00:00:00,72.892,72.98,72.627,72.841,3705,19,0,USOILm,0.0
2024-08-23 04:00:00,72.842,73.192,72.768,73.14,4112,19,0,USOILm,0.0
2024-08-23 08:00:00,73.135,74.198,73.065,74.157,7047,19,0,USOILm,0.0
2024-08-23 12:00:00,74.155,74.599,73.78,74.482,16836,19,0,USOILm,0.0
2024-08-23 16:00:00,74.477,74.818,74.399,74.623,7048,19,0,USOILm,0.0
2024-08-23 20:00:00,74.62,74.665,74.587,74.655,322,19,0,USOILm,0.0
2024-08-26 00:00:00,75.11,75.191,74.988,75.042,2766,17,0,USOILm,0.0
2024-08-26 04:00:00,75.046,75.37,74.971,75.324,3011,17,0,USOILm,0.0
2024-08-26 08:00:00,75.338,76.77,75.205,76.654,9032,17,0,USOILm,0.0
2024-08-26 12:00:00,76.656,77.205,76.472,76.671,14676,17,0,USOILm,0.0
2024-08-26 16:00:00,76.665,77.109,76.497,76.674,7317,17,0,USOILm,0.0
2024-08-26 20:00:00,76.671,76.746,76.607,76.734,855,17,0,USOILm,0.0
2024-08-27 00:00:00,76.73,76.764,76.392,76.683,3427,17,0,USOILm,0.0
2024-08-27 04:00:00,76.681,77.004,76.61,76.618,4254,17,0,USOILm,0.0
2024-08-27 08:00:00,76.622,76.796,76.071,76.557,8120,17,0,USOILm,0.0
2024-08-27 12:00:00,76.562,76.622,75.431,75.504,17541,17,0,USOILm,0.0
2024-08-27 16:00:00,75.498,75.499,75.012,75.327,8503,17,0,USOILm,0.0
2024-08-27 20:00:00,75.321,75.475,75.244,75.362,921,17,0,USOILm,0.0
2024-08-28 00:00:00,75.366,75.508,75.075,75.213,3242,17,0,USOILm,0.0
2024-08-28 04:00:00,75.215,75.241,74.871,74.934,4617,17,0,USOILm,0.0
2024-08-28 08:00:00,74.926,74.975,73.447,74.0,12246,17,0,USOILm,0.0
2024-08-28 12:00:00,73.994,75.047,73.665,74.361,23126,17,0,USOILm,0.0
2024-08-28 16:00:00,74.356,74.737,73.971,74.257,10070,17,0,USOILm,0.0
2024-08-28 20:00:00,74.258,74.31,73.705,73.963,1123,17,0,USOILm,0.0
2024-08-29 00:00:00,73.966,74.313,73.934,74.181,3344,17,0,USOILm,0.0
2024-08-29 04:00:00,74.182,74.318,74.006,74.206,4670,17,0,USOILm,0.0
2024-08-29 08:00:00,74.213,74.516,73.529,74.48,10199,17,0,USOILm,0.0
2024-08-29 12:00:00,74.475,76.262,74.27,75.139,24537,17,0,USOILm,0.0
2024-08-29 16:00:00,75.134,75.524,74.945,75.465,11658,17,0,USOILm,0.0
2024-08-29 20:00:00,75.465,75.475,75.082,75.082,866,17,0,USOILm,0.0
2024-08-30 00:00:00,75.082,75.559,75.039,75.509,4291,17,0,USOILm,0.0
2024-08-30 04:00:00,75.512,75.945,75.444,75.68,5793,17,0,USOILm,0.0
2024-08-30 08:00:00,75.697,75.835,74.962,75.282,12336,17,0,USOILm,0.0
2024-08-30 12:00:00,75.279,75.446,73.005,73.507,30209,17,0,USOILm,0.0
2024-08-30 16:00:00,73.51,73.629,72.896,73.095,12680,17,0,USOILm,0.0
2024-08-30 20:00:00,73.095,73.2,73.084,73.151,640,17,0,USOILm,0.0
2024-09-02 00:00:00,72.517,72.918,72.423,72.554,3520,17,0,USOILm,0.0
2024-09-02 04:00:00,72.551,73.084,72.462,72.987,4247,17,0,USOILm,0.0
2024-09-02 08:00:00,72.987,73.41,72.812,72.991,9574,17,0,USOILm,0.0
2024-09-02 12:00:00,72.992,73.787,72.877,73.787,12251,17,0,USOILm,0.0
2024-09-02 16:00:00,73.788,73.88,73.473,73.485,2956,17,0,USOILm,0.0
2024-09-02 20:00:00,73.146,73.233,73.042,73.223,549,26,0,USOILm,0.0
2024-09-03 00:00:00,73.229,73.599,73.179,73.362,4591,17,0,USOILm,0.0
2024-09-03 04:00:00,73.365,73.718,73.193,73.265,5868,17,0,USOILm,0.0
2024-09-03 08:00:00,73.269,73.462,71.587,71.992,17850,17,0,USOILm,0.0
2024-09-03 12:00:00,71.992,72.484,69.995,70.216,29224,17,0,USOILm,0.0
2024-09-03 16:00:00,70.22,70.46,69.693,69.947,11935,17,0,USOILm,0.0
2024-09-03 20:00:00,69.938,70.006,69.791,69.802,1303,17,0,USOILm,0.0
2024-09-04 00:00:00,69.803,69.866,69.281,69.446,6427,17,0,USOILm,0.0
2024-09-04 04:00:00,69.445,69.659,68.832,68.86,7479,17,0,USOILm,0.0
2024-09-04 08:00:00,68.857,70.949,68.783,70.357,20553,17,0,USOILm,0.0
2024-09-04 12:00:00,70.355,70.424,68.888,69.434,33708,17,0,USOILm,0.0
2024-09-04 16:00:00,69.431,69.492,68.426,68.491,12601,17,0,USOILm,0.0
2024-09-04 20:00:00,68.495,68.907,68.425,68.818,1370,17,0,USOILm,0.0
2024-09-05 00:00:00,68.823,69.211,68.79,68.87,5357,17,0,USOILm,0.0
2024-09-05 04:00:00,68.873,69.223,68.873,69.102,6424,17,0,USOILm,0.0
2024-09-05 08:00:00,69.106,69.596,68.88,69.068,11666,17,0,USOILm,0.0
2024-09-05 12:00:00,69.066,70.295,68.846,68.99,27527,17,0,USOILm,0.0
2024-09-05 16:00:00,68.986,69.2,68.36,68.761,13391,17,0,USOILm,0.0
2024-09-05 20:00:00,68.764,68.895,68.69,68.889,888,17,0,USOILm,0.0
2024-09-06 00:00:00,68.89,68.957,68.621,68.695,4864,17,0,USOILm,0.0
2024-09-06 04:00:00,68.694,69.176,68.592,69.066,6301,17,0,USOILm,0.0
2024-09-06 08:00:00,69.07,69.226,68.475,69.062,12454,17,0,USOILm,0.0
2024-09-06 12:00:00,69.062,69.63,67.077,67.156,29485,17,0,USOILm,0.0
2024-09-06 16:00:00,67.152,67.716,66.713,67.698,16184,17,0,USOILm,0.0
2024-09-06 20:00:00,67.692,67.717,67.564,67.605,724,17,0,USOILm,0.0
2024-09-09 00:00:00,67.791,68.245,67.625,68.015,7037,17,0,USOILm,0.0
2024-09-09 04:00:00,68.019,68.27,67.66,68.096,7569,17,0,USOILm,0.0
2024-09-09 08:00:00,68.102,68.291,67.464,68.02,13952,17,0,USOILm,0.0
2024-09-09 12:00:00,68.018,68.048,66.795,67.741,27569,17,0,USOILm,0.0
2024-09-09 16:00:00,67.743,68.36,67.638,67.971,12660,17,0,USOILm,0.0
2024-09-09 20:00:00,67.971,68.242,67.971,68.148,1158,17,0,USOILm,0.0
2024-09-10 00:00:00,68.149,68.473,67.932,67.983,5736,17,0,USOILm,0.0
2024-09-10 04:00:00,67.982,68.049,67.586,67.957,6349,17,0,USOILm,0.0
2024-09-10 08:00:00,67.965,67.996,66.961,67.241,14326,17,0,USOILm,0.0
2024-09-10 12:00:00,67.242,68.159,64.749,65.018,36796,17,0,USOILm,0.0
2024-09-10 16:00:00,65.019,65.741,64.944,65.69,14444,17,0,USOILm,0.0
2024-09-10 20:00:00,65.686,65.905,65.67,65.702,1444,17,0,USOILm,0.0
2024-09-11 00:00:00,65.702,65.885,65.382,65.646,6779,17,0,USOILm,0.0
2024-09-11 04:00:00,65.645,66.534,65.488,66.341,9169,17,0,USOILm,0.0
2024-09-11 08:00:00,66.334,67.001,66.194,66.736,12441,17,0,USOILm,0.0
2024-09-11 12:00:00,66.735,66.799,65.095,66.669,33952,17,0,USOILm,0.0
2024-09-11 16:00:00,66.665,67.286,66.349,66.543,14778,17,0,USOILm,0.0
2024-09-11 20:00:00,66.537,66.789,66.526,66.656,1034,17,0,USOILm,0.0
2024-09-12 00:00:00,66.654,67.104,66.632,67.094,6130,17,0,USOILm,0.0
2024-09-12 04:00:00,67.095,67.851,67.024,67.65,6898,17,0,USOILm,0.0
2024-09-12 08:00:00,67.656,68.003,67.229,67.692,12424,17,0,USOILm,0.0
2024-09-12 12:00:00,67.689,69.036,67.127,68.562,27514,17,0,USOILm,0.0
2024-09-12 16:00:00,68.56,68.808,68.138,68.503,12578,17,0,USOILm,0.0
2024-09-12 20:00:00,68.496,68.584,68.383,68.53,840,17,0,USOILm,0.0
2024-09-13 00:00:00,68.531,68.692,68.409,68.528,5480,17,0,USOILm,0.0
2024-09-13 04:00:00,68.527,68.729,68.428,68.456,6335,17,0,USOILm,0.0
2024-09-13 08:00:00,68.464,69.055,68.401,68.99,11279,17,0,USOILm,0.0
2024-09-13 12:00:00,68.986,69.432,68.439,68.495,19794,17,0,USOILm,0.0
2024-09-13 16:00:00,68.493,68.616,67.657,68.37,12221,17,0,USOILm,0.0
2024-09-13 20:00:00,68.364,68.417,68.276,68.335,606,17,0,USOILm,0.0
2024-09-16 00:00:00,67.924,68.08,67.795,67.895,3033,17,0,USOILm,0.0
2024-09-16 04:00:00,67.899,68.61,67.737,68.393,4396,17,0,USOILm,0.0
2024-09-16 08:00:00,68.403,68.634,67.884,68.402,10162,17,0,USOILm,0.0
2024-09-16 12:00:00,68.405,69.649,68.15,68.864,19072,17,0,USOILm,0.0
2024-09-16 16:00:00,68.855,69.414,68.668,69.322,9875,17,0,USOILm,0.0
2024-09-16 20:00:00,69.32,69.39,69.232,69.261,772,17,0,USOILm,0.0
2024-09-17 00:00:00,69.261,69.476,69.193,69.394,2039,17,0,USOILm,0.0
2024-09-17 04:00:00,69.393,69.565,68.928,68.929,3764,17,0,USOILm,0.0
2024-09-17 08:00:00,68.935,69.3,68.515,69.167,9301,17,0,USOILm,0.0
2024-09-17 12:00:00,69.169,70.195,68.801,70.161,17016,17,0,USOILm,0.0
2024-09-17 16:00:00,70.152,70.646,69.836,70.094,10226,17,0,USOILm,0.0
2024-09-17 20:00:00,70.091,70.166,69.818,69.856,1187,17,0,USOILm,0.0
2024-09-18 00:00:00,69.862,69.962,69.503,69.657,7962,17,0,USOILm,0.0
2024-09-18 04:00:00,69.658,69.699,69.318,69.465,6152,17,0,USOILm,0.0
2024-09-18 08:00:00,69.488,69.521,68.533,69.301,11732,17,0,USOILm,0.0
2024-09-18 12:00:00,69.306,70.208,68.988,69.378,22057,17,0,USOILm,0.0
2024-09-18 16:00:00,69.379,70.255,68.896,68.984,18431,17,0,USOILm,0.0
2024-09-18 20:00:00,68.98,69.303,68.91,69.3,1698,17,0,USOILm,0.0
2024-09-19 00:00:00,69.299,69.863,69.074,69.863,8214,17,0,USOILm,0.0
2024-09-19 04:00:00,69.867,70.735,69.773,70.731,6607,17,0,USOILm,0.0
2024-09-19 08:00:00,70.735,70.946,70.238,70.539,10146,17,0,USOILm,0.0
2024-09-19 12:00:00,70.54,71.359,70.052,71.183,19949,17,0,USOILm,0.0
2024-09-19 16:00:00,71.187,71.445,70.877,70.974,8948,17,0,USOILm,0.0
2024-09-19 20:00:00,70.975,71.056,70.896,70.896,738,17,0,USOILm,0.0
2024-09-20 00:00:00,70.902,70.959,70.645,70.891,4531,17,0,USOILm,0.0
2024-09-20 04:00:00,70.898,71.034,70.65,70.703,4669,17,0,USOILm,0.0
2024-09-20 08:00:00,70.717,71.026,70.422,70.736,9062,17,0,USOILm,0.0
2024-09-20 12:00:00,70.736,71.266,70.244,70.82,17889,17,0,USOILm,0.0
2024-09-20 16:00:00,70.821,71.298,70.737,71.101,9483,17,0,USOILm,0.0
2024-09-20 20:00:00,71.105,71.124,70.965,71.069,579,17,0,USOILm,0.0
2024-09-23 00:00:00,70.855,71.447,70.825,71.381,5431,17,0,USOILm,0.0
2024-09-23 04:00:00,71.378,71.499,70.541,70.889,6681,17,0,USOILm,0.0
2024-09-23 08:00:00,70.887,71.267,70.618,71.197,11858,17,0,USOILm,0.0
2024-09-23 12:00:00,71.201,71.644,69.718,69.866,21718,17,0,USOILm,0.0
2024-09-23 16:00:00,69.868,70.429,69.349,70.398,12597,17,0,USOILm,0.0
2024-09-23 20:00:00,70.402,70.541,70.356,70.443,765,17,0,USOILm,0.0
2024-09-24 00:00:00,70.441,71.019,70.258,70.938,6200,17,0,USOILm,0.0
2024-09-24 04:00:00,70.939,71.37,70.879,71.188,5912,17,0,USOILm,0.0
2024-09-24 08:00:00,71.193,72.166,71.155,71.807,10586,17,0,USOILm,0.0
2024-09-24 12:00:00,71.81,72.204,70.921,71.317,18812,17,0,USOILm,0.0
2024-09-24 16:00:00,71.312,71.505,71.062,71.355,9665,17,0,USOILm,0.0
2024-09-24 20:00:00,71.351,71.406,71.22,71.384,997,17,0,USOILm,0.0
2024-09-25 00:00:00,71.383,71.533,70.957,71.096,5452,17,0,USOILm,0.0
2024-09-25 04:00:00,71.098,71.193,70.835,71.007,6095,17,0,USOILm,0.0
2024-09-25 08:00:00,71.025,71.405,70.219,70.25,12266,17,0,USOILm,0.0
2024-09-25 12:00:00,70.244,70.888,69.705,69.997,26175,17,0,USOILm,0.0
2024-09-25 16:00:00,70.002,70.052,69.093,69.607,16142,17,0,USOILm,0.0
2024-09-25 20:00:00,69.607,69.698,69.273,69.41,1205,17,0,USOILm,0.0
2024-09-26 00:00:00,69.41,69.821,69.382,69.59,4864,17,0,USOILm,0.0
2024-09-26 04:00:00,69.593,69.612,66.997,68.03,17765,17,0,USOILm,0.0
2024-09-26 08:00:00,68.021,68.576,67.301,67.452,19378,17,0,USOILm,0.0
2024-09-26 12:00:00,67.452,68.286,66.791,68.126,33835,17,0,USOILm,0.0
2024-09-26 16:00:00,68.126,68.134,67.101,67.176,14306,17,0,USOILm,0.0
2024-09-26 20:00:00,67.182,67.384,67.129,67.167,989,17,0,USOILm,0.0
2024-09-27 00:00:00,67.166,67.372,66.875,67.326,6182,17,0,USOILm,0.0
2024-09-27 04:00:00,67.329,67.795,67.193,67.7,8726,17,0,USOILm,0.0
2024-09-27 08:00:00,67.695,67.929,67.341,67.613,12208,17,0,USOILm,0.0
2024-09-27 12:00:00,67.62,68.235,66.931,67.904,20203,17,0,USOILm,0.0
2024-09-27 16:00:00,67.899,68.411,67.356,68.347,13428,17,0,USOILm,0.0
2024-09-27 20:00:00,68.343,68.419,68.283,68.408,662,17,0,USOILm,0.0
2024-09-30 00:00:00,68.079,68.774,67.888,68.241,10624,17,0,USOILm,0.0
2024-09-30 04:00:00,68.24,69.114,68.193,68.381,10361,17,0,USOILm,0.0
2024-09-30 08:00:00,68.385,68.699,67.388,67.743,14221,17,0,USOILm,0.0
2024-09-30 12:00:00,67.747,68.943,67.53,68.772,24404,17,0,USOILm,0.0
2024-09-30 16:00:00,68.783,68.822,67.838,68.065,13521,17,0,USOILm,0.0
2024-09-30 20:00:00,68.06,68.203,68.013,68.127,958,17,0,USOILm,0.0
2024-10-01 00:00:00,68.128,68.233,67.973,68.155,2756,17,0,USOILm,0.0
2024-10-01 04:00:00,68.154,68.159,67.167,67.197,6363,17,0,USOILm,0.0
2024-10-01 08:00:00,67.188,67.79,66.167,67.426,17382,17,0,USOILm,0.0
2024-10-01 12:00:00,67.414,71.107,66.861,70.592,39162,17,0,USOILm,0.0
2024-10-01 16:00:00,70.597,71.662,69.508,70.136,25470,17,0,USOILm,0.0
2024-10-01 20:00:00,70.143,70.79,70.139,70.546,2486,17,0,USOILm,0.0
2024-10-02 00:00:00,70.55,70.857,70.327,70.637,5198,17,0,USOILm,0.0
2024-10-02 04:00:00,70.639,71.586,70.595,71.277,9947,17,0,USOILm,0.0
2024-10-02 08:00:00,71.294,72.206,70.985,71.679,14387,17,0,USOILm,0.0
2024-10-02 12:00:00,71.674,72.141,69.717,69.726,24211,17,0,USOILm,0.0
2024-10-02 16:00:00,69.721,70.759,69.647,70.718,13285,17,0,USOILm,0.0
2024-10-02 20:00:00,70.711,70.781,70.493,70.574,1180,17,0,USOILm,0.0
2024-10-03 00:00:00,70.57,70.809,70.426,70.761,3894,17,0,USOILm,0.0
2024-10-03 04:00:00,70.766,71.092,70.508,70.641,6009,17,0,USOILm,0.0
2024-10-03 08:00:00,70.642,71.582,70.276,71.098,17922,17,0,USOILm,0.0
2024-10-03 12:00:00,71.093,73.62,71.013,72.805,28183,17,0,USOILm,0.0
2024-10-03 16:00:00,72.801,73.756,72.664,73.566,16143,17,0,USOILm,0.0
2024-10-03 20:00:00,73.569,73.648,73.271,73.528,1636,17,0,USOILm,0.0
2024-10-04 00:00:00,73.525,73.611,73.253,73.306,5373,17,0,USOILm,0.0
2024-10-04 04:00:00,73.308,74.135,73.145,73.928,7355,17,0,USOILm,0.0
2024-10-04 08:00:00,73.933,74.706,73.82,74.487,14330,17,0,USOILm,0.0
2024-10-04 12:00:00,74.491,74.491,73.433,74.443,25162,17,0,USOILm,0.0
2024-10-04 16:00:00,74.453,75.12,73.705,74.079,14263,17,0,USOILm,0.0
2024-10-04 20:00:00,74.084,74.447,74.029,74.295,653,17,0,USOILm,0.0
2024-10-07 00:00:00,73.487,73.806,73.33,73.711,5209,17,0,USOILm,0.0
2024-10-07 04:00:00,73.712,74.852,73.629,74.608,6594,17,0,USOILm,0.0
2024-10-07 08:00:00,74.621,75.949,74.621,75.379,14813,17,0,USOILm,0.0
2024-10-07 12:00:00,75.379,76.667,74.562,76.667,21856,17,0,USOILm,0.0
2024-10-07 16:00:00,76.662,76.935,76.144,76.839,11787,17,0,USOILm,0.0
2024-10-07 20:00:00,76.837,77.925,76.591,76.741,4036,17,0,USOILm,0.0
2024-10-08 00:00:00,76.737,76.907,74.935,75.432,11137,17,0,USOILm,0.0
2024-10-08 04:00:00,75.433,75.692,75.083,75.244,8370,17,0,USOILm,0.0
2024-10-08 08:00:00,75.263,75.586,74.715,75.062,14515,17,0,USOILm,0.0
2024-10-08 12:00:00,75.063,75.442,72.723,73.103,28878,17,0,USOILm,0.0
2024-10-08 16:00:00,73.101,74.183,72.309,73.472,18896,17,0,USOILm,0.0
2024-10-08 20:00:00,73.473,73.679,73.148,73.455,2549,17,0,USOILm,0.0
2024-10-09 00:00:00,73.46,73.757,73.099,73.361,9044,17,0,USOILm,0.0
2024-10-09 04:00:00,73.361,73.865,73.269,73.637,9442,17,0,USOILm,0.0
2024-10-09 08:00:00,73.632,73.986,72.465,72.893,15253,17,0,USOILm,0.0
2024-10-09 12:00:00,72.885,73.34,71.17,72.764,33308,17,0,USOILm,0.0
2024-10-09 16:00:00,72.773,73.063,71.822,72.914,16067,17,0,USOILm,0.0
2024-10-09 20:00:00,72.922,72.942,72.719,72.832,1809,17,0,USOILm,0.0
2024-10-10 00:00:00,72.839,73.428,72.819,73.263,7799,17,0,USOILm,0.0
2024-10-10 04:00:00,73.261,73.393,72.937,73.294,6182,17,0,USOILm,0.0
2024-10-10 08:00:00,73.311,73.994,73.152,73.315,10972,17,0,USOILm,0.0
2024-10-10 12:00:00,73.315,74.931,73.26,74.823,25089,17,0,USOILm,0.0
2024-10-10 16:00:00,74.819,75.613,74.68,75.32,12223,17,0,USOILm,0.0
2024-10-10 20:00:00,75.326,75.358,74.794,75.046,2356,17,0,USOILm,0.0
2024-10-11 00:00:00,75.034,75.247,74.746,75.038,5062,26,0,USOILm,0.0
2024-10-11 04:00:00,75.041,75.23,73.963,74.416,7440,17,0,USOILm,0.0
2024-10-11 08:00:00,74.426,74.868,74.137,74.619,13076,17,0,USOILm,0.0
2024-10-11 12:00:00,74.614,75.41,74.235,74.85,20162,17,0,USOILm,0.0
2024-10-11 16:00:00,74.845,75.25,74.441,74.979,12025,17,0,USOILm,0.0
2024-10-11 20:00:00,74.98,75.184,74.925,75.015,782,17,0,USOILm,0.0
2024-10-14 00:00:00,73.633,74.233,73.49,74.07,10102,17,0,USOILm,0.0
2024-10-14 04:00:00,74.073,74.239,73.54,73.639,6381,17,0,USOILm,0.0
2024-10-14 08:00:00,73.643,74.044,72.841,73.314,13443,17,0,USOILm,0.0
2024-10-14 12:00:00,73.321,74.157,73.006,73.272,21906,17,0,USOILm,0.0
2024-10-14 16:00:00,73.276,73.765,73.085,73.432,10206,17,0,USOILm,0.0
2024-10-14 20:00:00,73.437,73.517,71.11,71.146,2718,17,0,USOILm,0.0
2024-10-15 00:00:00,71.149,71.459,70.983,71.165,9357,17,0,USOILm,0.0
2024-10-15 04:00:00,71.16,71.161,70.23,70.378,10119,17,0,USOILm,0.0
2024-10-15 08:00:00,70.385,70.481,69.242,70.214,16490,17,0,USOILm,0.0
2024-10-15 12:00:00,70.217,70.567,69.304,69.358,25929,17,0,USOILm,0.0
2024-10-15 16:00:00,69.355,70.543,69.339,70.375,12661,17,0,USOILm,0.0
2024-10-15 20:00:00,70.379,70.559,70.304,70.457,973,17,0,USOILm,0.0
2024-10-16 00:00:00,70.453,70.544,70.141,70.248,6139,17,0,USOILm,0.0
2024-10-16 04:00:00,70.252,70.705,70.11,70.128,6638,17,0,USOILm,0.0
2024-10-16 08:00:00,70.117,70.375,69.511,69.707,11900,17,0,USOILm,0.0
2024-10-16 12:00:00,69.711,70.39,69.127,69.855,21903,17,0,USOILm,0.0
2024-10-16 16:00:00,69.85,70.148,69.717,69.965,9281,17,0,USOILm,0.0
2024-10-16 20:00:00,69.964,70.174,69.933,70.113,864,17,0,USOILm,0.0
2024-10-17 00:00:00,70.115,70.516,69.93,70.025,4534,17,0,USOILm,0.0
2024-10-17 04:00:00,70.027,70.166,69.517,69.614,5306,17,0,USOILm,0.0
2024-10-17 08:00:00,69.616,70.242,69.601,69.909,8849,17,0,USOILm,0.0
2024-10-17 12:00:00,69.911,70.369,69.566,69.921,18974,17,0,USOILm,0.0
2024-10-17 16:00:00,69.915,70.231,68.867,70.173,11915,17,0,USOILm,0.0
2024-10-17 20:00:00,70.168,70.293,70.085,70.237,795,17,0,USOILm,0.0
2024-10-18 00:00:00,70.243,70.573,70.152,70.257,6325,17,0,USOILm,0.0
2024-10-18 04:00:00,70.26,70.638,70.066,70.135,6332,17,0,USOILm,0.0
2024-10-18 08:00:00,70.133,70.417,69.574,69.986,11389,17,0,USOILm,0.0
2024-10-18 12:00:00,69.99,70.208,68.138,68.564,23327,17,0,USOILm,0.0
2024-10-18 16:00:00,68.571,69.461,68.548,68.895,12975,17,0,USOILm,0.0
2024-10-18 20:00:00,68.89,68.89,68.723,68.785,828,17,0,USOILm,0.0
2024-10-21 00:00:00,68.782,69.054,68.496,69.052,6957,17,0,USOILm,0.0
2024-10-21 04:00:00,69.053,69.318,68.878,69.306,5803,17,0,USOILm,0.0
2024-10-21 08:00:00,69.297,70.298,69.182,70.147,9820,17,0,USOILm,0.0
2024-10-21 12:00:00,70.146,70.254,69.207,69.851,19192,17,0,USOILm,0.0
2024-10-21 16:00:00,69.842,70.336,69.753,69.77,9086,17,0,USOILm,0.0
2024-10-21 20:00:00,69.766,69.953,69.755,69.932,853,17,0,USOILm,0.0
2024-10-22 00:00:00,69.93,69.949,69.559,69.798,6188,17,0,USOILm,0.0
2024-10-22 04:00:00,69.797,69.9,69.277,69.568,6954,17,0,USOILm,0.0
2024-10-22 08:00:00,69.569,70.866,69.466,70.595,14634,17,0,USOILm,0.0
2024-10-22 12:00:00,70.601,71.778,70.31,71.718,23913,17,0,USOILm,0.0
2024-10-22 16:00:00,71.72,72.012,71.386,71.417,10339,17,0,USOILm,0.0
2024-10-22 20:00:00,71.414,71.425,71.264,71.351,888,17,0,USOILm,0.0
2024-10-23 00:00:00,71.352,71.574,71.272,71.514,4418,17,0,USOILm,0.0
2024-10-23 04:00:00,71.515,71.638,71.095,71.12,5563,17,0,USOILm,0.0
2024-10-23 08:00:00,71.117,71.245,70.045,70.356,11776,17,0,USOILm,0.0
2024-10-23 12:00:00,70.362,71.389,70.241,70.617,20835,17,0,USOILm,0.0
2024-10-23 16:00:00,70.605,70.949,70.314,70.923,10202,17,0,USOILm,0.0
2024-10-23 20:00:00,70.928,71.103,70.873,71.09,972,17,0,USOILm,0.0
2024-10-24 00:00:00,71.077,71.685,71.035,71.569,5338,17,0,USOILm,0.0
2024-10-24 04:00:00,71.565,71.924,71.392,71.879,5753,17,0,USOILm,0.0
2024-10-24 08:00:00,71.885,72.218,70.934,70.958,11642,17,0,USOILm,0.0
2024-10-24 12:00:00,70.956,71.449,69.856,69.904,21641,17,0,USOILm,0.0
2024-10-24 16:00:00,69.91,70.452,69.677,70.432,9036,17,0,USOILm,0.0
2024-10-24 20:00:00,70.43,70.431,70.261,70.326,935,17,0,USOILm,0.0
2024-10-25 00:00:00,70.324,70.585,70.172,70.182,5187,17,0,USOILm,0.0
2024-10-25 04:00:00,70.183,70.501,70.001,70.041,5256,17,0,USOILm,0.0
2024-10-25 08:00:00,70.037,70.755,69.851,70.616,9912,17,0,USOILm,0.0
2024-10-25 12:00:00,70.618,71.793,70.593,71.5,16934,17,0,USOILm,0.0
2024-10-25 16:00:00,71.507,71.771,71.014,71.537,9881,17,0,USOILm,0.0
2024-10-25 20:00:00,71.544,71.566,71.453,71.499,526,17,0,USOILm,0.0
2024-10-28 00:00:00,68.641,68.747,68.215,68.371,7076,17,0,USOILm,0.0
2024-10-28 04:00:00,68.368,68.659,68.239,68.442,5169,17,0,USOILm,0.0
2024-10-28 08:00:00,68.447,68.47,67.024,67.233,15139,17,0,USOILm,0.0
2024-10-28 12:00:00,67.23,68.036,66.798,67.804,17863,17,0,USOILm,0.0
2024-10-28 16:00:00,67.804,67.967,67.184,67.806,11479,17,0,USOILm,0.0
2024-10-28 20:00:00,67.801,67.895,67.736,67.795,1199,17,0,USOILm,0.0
2024-10-29 00:00:00,67.799,67.801,67.231,67.255,4457,17,0,USOILm,0.0
2024-10-29 04:00:00,67.253,67.571,67.033,67.529,4184,17,0,USOILm,0.0
2024-10-29 08:00:00,67.525,68.346,67.284,68.051,12777,17,0,USOILm,0.0
2024-10-29 12:00:00,68.056,68.245,66.564,66.96,18890,17,0,USOILm,0.0
2024-10-29 16:00:00,66.953,67.247,66.807,67.089,10930,17,0,USOILm,0.0
2024-10-29 20:00:00,67.084,67.382,67.044,67.267,1013,17,0,USOILm,0.0
2024-10-30 00:00:00,67.257,67.463,67.104,67.447,4944,17,0,USOILm,0.0
2024-10-30 04:00:00,67.449,67.688,67.415,67.616,4249,17,0,USOILm,0.0
2024-10-30 08:00:00,67.613,68.001,67.371,67.763,11063,17,0,USOILm,0.0
2024-10-30 12:00:00,67.767,68.938,67.694,68.702,22433,17,0,USOILm,0.0
2024-10-30 16:00:00,68.707,68.847,68.066,68.702,10192,17,0,USOILm,0.0
2024-10-30 20:00:00,68.708,68.9,68.618,68.73,1311,17,0,USOILm,0.0
2024-10-31 00:00:00,68.731,68.826,68.568,68.799,4574,17,0,USOILm,0.0
2024-10-31 04:00:00,68.799,68.905,68.449,68.56,4065,17,0,USOILm,0.0
2024-10-31 08:00:00,68.557,68.995,68.08,68.877,14130,17,0,USOILm,0.0
2024-10-31 12:00:00,68.883,69.523,68.757,69.205,17820,17,0,USOILm,0.0
2024-10-31 16:00:00,69.205,70.544,68.697,70.29,17515,17,0,USOILm,0.0
2024-10-31 20:00:00,70.292,70.419,70.119,70.315,1946,17,0,USOILm,0.0
2024-11-01 00:00:00,70.32,70.432,70.066,70.337,6197,17,0,USOILm,0.0
2024-11-01 04:00:00,70.339,70.63,70.214,70.625,4625,17,0,USOILm,0.0
2024-11-01 08:00:00,70.621,71.162,70.262,70.506,12902,17,0,USOILm,0.0
2024-11-01 12:00:00,70.496,71.041,69.649,69.948,23163,17,0,USOILm,0.0
2024-11-01 16:00:00,69.956,70.112,69.171,69.22,12148,17,0,USOILm,0.0
2024-11-01 20:00:00,69.227,69.34,69.204,69.213,458,17,0,USOILm,0.0
2024-11-04 00:00:00,70.29,70.575,70.095,70.448,5303,17,0,USOILm,0.0
2024-11-04 04:00:00,70.448,70.695,70.38,70.445,3286,17,0,USOILm,0.0
2024-11-04 08:00:00,70.444,71.545,70.442,71.463,9566,17,0,USOILm,0.0
2024-11-04 12:00:00,71.462,71.465,70.43,70.572,15072,17,0,USOILm,0.0
2024-11-04 16:00:00,70.564,71.36,70.507,71.286,12011,17,0,USOILm,0.0
2024-11-04 20:00:00,71.285,71.533,71.159,71.195,2290,17,0,USOILm,0.0
2024-11-05 00:00:00,71.197,71.364,71.028,71.317,3662,17,0,USOILm,0.0
2024-11-05 04:00:00,71.32,71.382,71.084,71.353,3207,17,0,USOILm,0.0
2024-11-05 08:00:00,71.354,71.752,71.18,71.452,9346,17,0,USOILm,0.0
2024-11-05 12:00:00,71.448,72.185,71.419,72.116,12362,17,0,USOILm,0.0
2024-11-05 16:00:00,72.123,72.361,71.13,71.83,11851,17,0,USOILm,0.0
2024-11-05 20:00:00,71.826,71.965,71.662,71.745,2034,17,0,USOILm,0.0
2024-11-06 00:00:00,71.75,71.787,70.88,70.993,5246,17,0,USOILm,0.0
2024-11-06 04:00:00,70.997,71.078,69.918,70.971,7524,17,0,USOILm,0.0
2024-11-06 08:00:00,70.964,71.078,70.0,70.878,13307,17,0,USOILm,0.0
2024-11-06 12:00:00,70.878,72.29,69.463,72.208,22693,17,0,USOILm,0.0
2024-11-06 16:00:00,72.214,72.318,71.24,71.415,17204,17,0,USOILm,0.0
2024-11-06 20:00:00,71.412,71.712,71.394,71.394,1930,17,0,USOILm,0.0
2024-11-07 00:00:00,71.392,71.985,71.326,71.91,4951,17,0,USOILm,0.0
2024-11-07 04:00:00,71.914,71.945,71.234,71.321,4335,17,0,USOILm,0.0
2024-11-07 08:00:00,71.322,71.408,70.372,70.567,10457,17,0,USOILm,0.0
2024-11-07 12:00:00,70.57,71.335,70.453,71.278,19334,17,0,USOILm,0.0
2024-11-07 16:00:00,71.276,72.539,71.129,71.948,17088,17,0,USOILm,0.0
2024-11-07 20:00:00,71.945,72.03,71.677,71.884,2106,17,0,USOILm,0.0
2024-11-08 00:00:00,71.883,71.96,71.435,71.466,4009,17,0,USOILm,0.0
2024-11-08 04:00:00,71.462,71.69,71.351,71.421,3347,17,0,USOILm,0.0
2024-11-08 08:00:00,71.421,71.448,70.683,71.15,10801,17,0,USOILm,0.0
2024-11-08 12:00:00,71.149,71.3,69.847,70.052,17081,17,0,USOILm,0.0
2024-11-08 16:00:00,70.046,70.335,69.74,70.253,13045,17,0,USOILm,0.0
2024-11-08 20:00:00,70.253,70.352,70.186,70.193,1012,17,0,USOILm,0.0
2024-11-11 00:00:00,70.029,70.114,69.744,69.859,3823,17,0,USOILm,0.0
2024-11-11 04:00:00,69.857,70.175,69.718,70.095,3971,17,0,USOILm,0.0
2024-11-11 08:00:00,70.1,70.337,68.773,69.051,12443,17,0,USOILm,0.0
2024-11-11 12:00:00,69.049,69.14,67.95,67.976,16075,17,0,USOILm,0.0
2024-11-11 16:00:00,67.99,68.199,67.802,68.049,11781,17,0,USOILm,0.0
2024-11-11 20:00:00,68.053,68.151,67.953,68.081,1715,17,0,USOILm,0.0
2024-11-12 00:00:00,68.083,68.209,67.698,67.818,3674,17,0,USOILm,0.0
2024-11-12 04:00:00,67.811,68.056,67.65,68.002,3977,17,0,USOILm,0.0
2024-11-12 08:00:00,67.998,68.663,67.915,68.429,10418,17,0,USOILm,0.0
2024-11-12 12:00:00,68.433,68.984,67.882,67.943,15391,17,0,USOILm,0.0
2024-11-12 16:00:00,67.937,68.494,67.663,68.138,13541,17,0,USOILm,0.0
2024-11-12 20:00:00,68.139,68.189,67.828,67.912,1927,17,0,USOILm,0.0
2024-11-13 00:00:00,67.917,68.295,67.861,68.137,3528,17,0,USOILm,0.0
2024-11-13 04:00:00,68.135,68.212,67.944,68.074,3485,17,0,USOILm,0.0
2024-11-13 08:00:00,68.069,68.692,67.863,68.261,8813,17,0,USOILm,0.0
2024-11-13 12:00:00,68.268,68.394,66.794,67.808,19671,17,0,USOILm,0.0
2024-11-13 16:00:00,67.819,68.629,67.802,68.042,14350,17,0,USOILm,0.0
2024-11-13 20:00:00,68.044,68.086,67.729,67.873,2438,17,0,USOILm,0.0
2024-11-14 00:00:00,67.878,68.197,67.837,67.85,3744,17,0,USOILm,0.0
2024-11-14 04:00:00,67.855,68.074,67.765,67.991,4146,17,0,USOILm,0.0
2024-11-14 08:00:00,67.987,68.771,67.903,68.517,9643,17,0,USOILm,0.0
2024-11-14 12:00:00,68.523,69.234,68.351,68.64,14874,17,0,USOILm,0.0
2024-11-14 16:00:00,68.652,69.122,67.946,68.518,14090,17,0,USOILm,0.0
2024-11-14 20:00:00,68.521,68.528,68.328,68.41,1725,17,0,USOILm,0.0
2024-11-15 00:00:00,68.414,68.421,68.031,68.149,3346,17,0,USOILm,0.0
2024-11-15 04:00:00,68.151,68.152,67.353,67.364,3763,17,0,USOILm,0.0
2024-11-15 08:00:00,67.365,68.342,67.317,68.337,9877,17,0,USOILm,0.0
2024-11-15 12:00:00,68.333,68.501,67.669,68.224,15269,17,0,USOILm,0.0
2024-11-15 16:00:00,68.219,68.444,66.706,66.959,14576,17,0,USOILm,0.0
2024-11-15 20:00:00,66.96,66.976,66.823,66.887,1642,17,0,USOILm,0.0
2024-11-18 00:00:00,66.72,67.26,66.702,67.216,5186,17,0,USOILm,0.0
2024-11-18 04:00:00,67.217,67.24,66.887,67.151,4138,17,0,USOILm,0.0
2024-11-18 08:00:00,67.148,67.593,66.638,67.26,9501,17,0,USOILm,0.0
2024-11-18 12:00:00,67.263,68.893,67.027,68.804,15381,17,0,USOILm,0.0
2024-11-18 16:00:00,68.805,69.348,68.588,69.144,11468,17,0,USOILm,0.0
2024-11-18 20:00:00,69.145,69.29,68.884,68.916,1778,17,0,USOILm,0.0
2024-11-19 00:00:00,68.918,69.316,68.888,69.304,4188,17,0,USOILm,0.0
2024-11-19 04:00:00,69.305,69.354,68.937,68.97,4213,17,0,USOILm,0.0
2024-11-19 08:00:00,68.977,69.026,68.459,68.685,11456,17,0,USOILm,0.0
2024-11-19 12:00:00,68.68,69.715,68.464,69.234,19026,17,0,USOILm,0.0
2024-11-19 16:00:00,69.228,69.423,68.661,69.332,13699,17,0,USOILm,0.0
2024-11-19 20:00:00,69.33,69.43,69.196,69.284,1968,17,0,USOILm,0.0
2024-11-20 00:00:00,69.283,69.385,69.121,69.173,3651,17,0,USOILm,0.0
2024-11-20 04:00:00,69.175,69.502,69.111,69.485,3608,17,0,USOILm,0.0
2024-11-20 08:00:00,69.489,69.873,69.271,69.581,8725,17,0,USOILm,0.0
2024-11-20 12:00:00,69.579,69.904,68.931,69.446,12566,17,0,USOILm,0.0
2024-11-20 16:00:00,69.441,69.495,68.606,68.866,10094,17,0,USOILm,0.0
2024-11-20 20:00:00,68.868,69.13,68.818,68.981,1666,17,0,USOILm,0.0
2024-11-21 00:00:00,68.982,69.126,68.819,68.863,3586,17,0,USOILm,0.0
2024-11-21 04:00:00,68.86,69.393,68.807,69.34,3510,17,0,USOILm,0.0
2024-11-21 08:00:00,69.34,70.249,69.336,70.206,9438,17,0,USOILm,0.0
2024-11-21 12:00:00,70.203,70.306,69.586,69.908,14214,17,0,USOILm,0.0
2024-11-21 16:00:00,69.906,70.165,69.345,70.097,12214,17,0,USOILm,0.0
2024-11-21 20:00:00,70.094,70.184,69.983,70.031,1761,17,0,USOILm,0.0
2024-11-22 00:00:00,70.03,70.473,70.003,70.201,4306,17,0,USOILm,0.0
2024-11-22 04:00:00,70.199,70.518,69.998,70.5,4726,17,0,USOILm,0.0
2024-11-22 08:00:00,70.498,70.65,69.566,69.607,11854,17,0,USOILm,0.0
2024-11-22 12:00:00,69.616,71.082,69.199,70.904,15598,17,0,USOILm,0.0
2024-11-22 16:00:00,70.915,71.379,70.483,71.169,11154,17,0,USOILm,0.0
2024-11-22 20:00:00,71.168,71.312,70.935,71.119,1874,17,0,USOILm,0.0
2024-11-25 00:00:00,71.129,71.275,70.684,70.871,4382,17,0,USOILm,0.0
2024-11-25 04:00:00,70.872,70.942,70.326,70.395,4842,17,0,USOILm,0.0
2024-11-25 08:00:00,70.394,71.04,70.251,71.026,10444,17,0,USOILm,0.0
2024-11-25 12:00:00,71.028,71.083,68.963,68.984,18997,17,0,USOILm,0.0
2024-11-25 16:00:00,68.995,69.552,68.615,68.884,13683,17,0,USOILm,0.0
2024-11-25 20:00:00,68.88,68.979,68.49,68.507,1763,17,0,USOILm,0.0
2024-11-26 00:00:00,68.505,69.072,68.453,69.001,4072,17,0,USOILm,0.0
2024-11-26 04:00:00,69.005,69.14,68.771,68.861,3764,17,0,USOILm,0.0
2024-11-26 08:00:00,68.861,69.542,68.82,69.414,8491,17,0,USOILm,0.0
2024-11-26 12:00:00,69.421,70.147,68.993,69.495,15474,17,0,USOILm,0.0
2024-11-26 16:00:00,69.492,69.518,67.933,68.545,15389,17,0,USOILm,0.0
2024-11-26 20:00:00,68.54,68.766,68.395,68.715,2099,17,0,USOILm,0.0
2024-11-27 00:00:00,68.72,68.742,68.442,68.707,4308,17,0,USOILm,0.0
2024-11-27 04:00:00,68.707,69.051,68.6,68.907,4438,17,0,USOILm,0.0
2024-11-27 08:00:00,68.907,69.183,68.534,68.9,9917,17,0,USOILm,0.0
2024-11-27 12:00:00,68.894,69.22,68.412,68.74,14821,17,0,USOILm,0.0
2024-11-27 16:00:00,68.736,68.923,68.023,68.629,12610,17,0,USOILm,0.0
2024-11-27 20:00:00,68.625,68.645,68.494,68.629,1348,17,0,USOILm,0.0
2024-11-28 00:00:00,68.629,68.695,68.364,68.4,3122,17,0,USOILm,0.0
2024-11-28 04:00:00,68.399,68.622,68.264,68.301,3364,17,0,USOILm,0.0
2024-11-28 08:00:00,68.297,69.143,68.115,69.073,7805,17,0,USOILm,0.0
2024-11-28 12:00:00,69.071,69.088,68.669,68.675,7041,17,0,USOILm,0.0
2024-11-28 16:00:00,68.682,69.0,68.412,68.861,4596,17,0,USOILm,0.0
2024-11-28 20:00:00,68.681,68.72,68.647,68.688,156,26,0,USOILm,0.0
2024-11-29 00:00:00,68.69,69.054,68.486,69.027,4078,17,0,USOILm,0.0
2024-11-29 04:00:00,69.025,69.037,68.337,68.358,3764,17,0,USOILm,0.0
2024-11-29 08:00:00,68.362,68.863,68.095,68.242,9956,17,0,USOILm,0.0
2024-11-29 12:00:00,68.248,69.513,68.222,69.318,14648,17,0,USOILm,0.0
2024-11-29 16:00:00,69.312,69.493,68.354,68.475,9236,17,0,USOILm,0.0
2024-12-02 00:00:00,68.14,68.338,67.833,68.207,4647,17,0,USOILm,0.0
2024-12-02 04:00:00,68.205,68.568,68.135,68.356,3785,17,0,USOILm,0.0
2024-12-02 08:00:00,68.357,68.736,68.196,68.678,10593,17,0,USOILm,0.0
2024-12-02 12:00:00,68.679,68.953,68.001,68.32,14049,17,0,USOILm,0.0
2024-12-02 16:00:00,68.322,68.333,67.566,67.958,12107,17,0,USOILm,0.0
2024-12-02 20:00:00,67.956,68.043,67.823,68.011,1247,17,0,USOILm,0.0
2024-12-03 00:00:00,67.997,68.084,67.76,68.007,3508,17,0,USOILm,0.0
2024-12-03 04:00:00,68.006,68.266,67.962,68.202,3292,17,0,USOILm,0.0
2024-12-03 08:00:00,68.203,68.788,68.168,68.713,7665,17,0,USOILm,0.0
2024-12-03 12:00:00,68.719,69.541,68.586,69.506,14053,17,0,USOILm,0.0
2024-12-03 16:00:00,69.505,70.005,69.359,69.811,11240,17,0,USOILm,0.0
2024-12-03 20:00:00,69.812,69.847,69.599,69.78,1646,17,0,USOILm,0.0
2024-12-04 00:00:00,69.784,69.814,69.625,69.748,3392,17,0,USOILm,0.0
2024-12-04 04:00:00,69.744,69.971,69.716,69.838,3506,17,0,USOILm,0.0
2024-12-04 08:00:00,69.839,70.259,69.621,69.874,9151,17,0,USOILm,0.0
2024-12-04 12:00:00,69.873,70.11,69.361,69.64,13918,17,0,USOILm,0.0
2024-12-04 16:00:00,69.646,69.676,68.275,68.551,14624,17,0,USOILm,0.0
2024-12-04 20:00:00,68.554,68.715,68.42,68.528,2092,17,0,USOILm,0.0
2024-12-05 00:00:00,68.534,68.596,68.25,68.378,3316,17,0,USOILm,0.0
2024-12-05 04:00:00,68.377,68.453,68.176,68.346,3403,17,0,USOILm,0.0
2024-12-05 08:00:00,68.345,68.862,67.79,67.866,11257,17,0,USOILm,0.0
2024-12-05 12:00:00,67.876,68.897,67.756,68.598,16652,17,0,USOILm,0.0
2024-12-05 16:00:00,68.606,68.659,67.961,68.321,11519,17,0,USOILm,0.0
2024-12-05 20:00:00,68.318,68.429,68.116,68.183,1534,17,0,USOILm,0.0
2024-12-06 00:00:00,68.185,68.234,67.756,68.048,3781,17,0,USOILm,0.0
2024-12-06 04:00:00,68.05,68.148,67.79,67.848,3269,17,0,USOILm,0.0
2024-12-06 08:00:00,67.85,68.124,67.314,67.348,8490,17,0,USOILm,0.0
2024-12-06 12:00:00,67.344,67.624,66.789,67.126,14217,17,0,USOILm,0.0
2024-12-06 16:00:00,67.128,67.48,66.904,66.928,10315,15,0,USOILm,0.0
2024-12-06 20:00:00,66.934,67.038,66.908,66.972,1513,15,0,USOILm,0.0
2024-12-09 00:00:00,67.153,67.405,66.982,67.302,3892,17,0,USOILm,0.0
2024-12-09 04:00:00,67.305,67.77,67.26,67.755,3900,17,0,USOILm,0.0
2024-12-09 08:00:00,67.752,68.081,67.658,67.906,8084,17,0,USOILm,0.0
2024-12-09 12:00:00,67.906,68.648,67.753,68.429,10972,17,0,USOILm,0.0
2024-12-09 16:00:00,68.435,68.604,68.003,68.09,9615,17,0,USOILm,0.0
2024-12-09 20:00:00,68.086,68.086,67.883,67.92,1372,17,0,USOILm,0.0
2024-12-10 00:00:00,67.921,68.138,67.79,67.836,3592,17,0,USOILm,0.0
2024-12-10 04:00:00,67.838,67.897,67.684,67.844,3078,17,0,USOILm,0.0
2024-12-10 08:00:00,67.852,68.185,67.508,67.728,8679,17,0,USOILm,0.0
2024-12-10 12:00:00,67.727,68.663,67.709,68.62,11694,17,0,USOILm,0.0
2024-12-10 16:00:00,68.617,68.779,68.026,68.118,9037,17,0,USOILm,0.0
2024-12-10 20:00:00,68.122,68.264,68.063,68.215,1746,17,0,USOILm,0.0
2024-12-11 00:00:00,68.213,68.767,68.212,68.696,2806,17,0,USOILm,0.0
2024-12-11 04:00:00,68.695,68.86,68.402,68.462,3292,17,0,USOILm,0.0
2024-12-11 08:00:00,68.405,69.226,68.405,69.108,7092,17,0,USOILm,0.0
2024-12-11 12:00:00,69.111,69.339,68.765,69.157,13026,17,0,USOILm,0.0
2024-12-11 16:00:00,69.151,70.096,69.093,70.063,10242,17,0,USOILm,0.0
2024-12-11 20:00:00,70.058,70.14,69.871,69.937,1655,17,0,USOILm,0.0
2024-12-12 00:00:00,69.939,70.015,69.779,69.911,3585,17,0,USOILm,0.0
2024-12-12 04:00:00,69.913,70.139,69.86,70.123,3463,17,0,USOILm,0.0
2024-12-12 08:00:00,70.124,70.315,69.714,70.016,7031,17,0,USOILm,0.0
2024-12-12 12:00:00,70.016,70.119,68.869,68.929,13533,17,0,USOILm,0.0
2024-12-12 16:00:00,68.932,70.109,68.776,69.82,12612,17,0,USOILm,0.0
2024-12-12 20:00:00,69.817,69.91,69.528,69.598,1531,17,0,USOILm,0.0
2024-12-13 00:00:00,69.595,69.728,69.532,69.658,3108,17,0,USOILm,0.0
2024-12-13 04:00:00,69.655,69.965,69.619,69.939,3307,17,0,USOILm,0.0
2024-12-13 08:00:00,69.928,70.541,69.606,70.326,7172,17,0,USOILm,0.0
2024-12-13 12:00:00,70.323,70.473,69.868,70.413,11333,17,0,USOILm,0.0
2024-12-13 16:00:00,70.421,70.958,70.26,70.793,8465,17,0,USOILm,0.0
2024-12-13 20:00:00,70.794,70.797,70.613,70.682,1435,17,0,USOILm,0.0
2024-12-16 00:00:00,70.674,70.685,70.463,70.498,3704,17,0,USOILm,0.0
2024-12-16 04:00:00,70.504,70.622,70.361,70.503,3499,17,0,USOILm,0.0
2024-12-16 08:00:00,70.497,70.601,69.971,70.106,7222,17,0,USOILm,0.0
2024-12-16 12:00:00,70.111,70.734,70.03,70.501,10245,17,0,USOILm,0.0
2024-12-16 16:00:00,70.505,70.62,70.063,70.177,9349,17,0,USOILm,0.0
2024-12-16 20:00:00,70.175,70.245,70.102,70.179,1480,17,0,USOILm,0.0
2024-12-17 00:00:00,70.182,70.321,70.122,70.205,3182,17,0,USOILm,0.0
2024-12-17 04:00:00,70.206,70.506,70.15,70.241,2928,17,0,USOILm,0.0
2024-12-17 08:00:00,70.244,70.253,69.493,69.494,7824,17,0,USOILm,0.0
2024-12-17 12:00:00,69.492,69.678,68.813,68.865,12837,17,0,USOILm,0.0
2024-12-17 16:00:00,68.862,69.739,68.842,69.727,9418,17,0,USOILm,0.0
2024-12-17 20:00:00,69.729,69.861,69.677,69.705,1480,17,0,USOILm,0.0
2024-12-18 00:00:00,69.71,69.838,69.571,69.629,2854,17,0,USOILm,0.0
2024-12-18 04:00:00,69.629,69.986,69.589,69.986,2923,17,0,USOILm,0.0
2024-12-18 08:00:00,69.991,70.243,69.912,70.065,6590,17,0,USOILm,0.0
2024-12-18 12:00:00,70.066,70.568,69.988,70.505,9615,17,0,USOILm,0.0
2024-12-18 16:00:00,70.508,70.742,69.687,69.714,10620,17,0,USOILm,0.0
2024-12-18 20:00:00,69.716,69.735,69.346,69.365,3211,17,0,USOILm,0.0
2024-12-19 00:00:00,69.365,69.648,69.361,69.604,4131,17,0,USOILm,0.0
2024-12-19 04:00:00,69.606,69.717,69.38,69.497,3580,17,0,USOILm,0.0
2024-12-19 08:00:00,69.501,70.072,69.213,69.733,7268,17,0,USOILm,0.0
2024-12-19 12:00:00,69.728,70.493,69.571,69.595,13540,17,0,USOILm,0.0
2024-12-19 16:00:00,69.591,69.716,69.126,69.149,11564,17,0,USOILm,0.0
2024-12-19 20:00:00,69.15,69.184,69.036,69.119,1333,17,0,USOILm,0.0
2024-12-20 00:00:00,69.119,69.121,68.798,68.837,3352,17,0,USOILm,0.0
2024-12-20 04:00:00,68.84,69.103,68.817,68.862,3110,17,0,USOILm,0.0
2024-12-20 08:00:00,68.865,69.092,68.354,68.403,7405,17,0,USOILm,0.0
2024-12-20 12:00:00,68.405,69.097,68.378,69.014,12247,17,0,USOILm,0.0
2024-12-20 16:00:00,69.026,69.745,68.85,69.401,9525,17,0,USOILm,0.0
2024-12-20 20:00:00,69.407,69.545,69.319,69.421,1519,17,0,USOILm,0.0
2024-12-23 00:00:00,69.479,69.801,69.472,69.726,3065,17,0,USOILm,0.0
2024-12-23 04:00:00,69.723,69.79,69.542,69.597,2835,17,0,USOILm,0.0
2024-12-23 08:00:00,69.599,69.814,69.034,69.052,7046,17,0,USOILm,0.0
2024-12-23 12:00:00,69.058,69.303,68.547,68.566,9714,17,0,USOILm,0.0
2024-12-23 16:00:00,68.569,69.397,68.489,69.341,8868,17,0,USOILm,0.0
2024-12-23 20:00:00,69.34,69.505,69.225,69.323,1468,17,0,USOILm,0.0
2024-12-24 00:00:00,69.326,69.524,69.227,69.242,3106,17,0,USOILm,0.0
2024-12-24 04:00:00,69.241,69.525,69.228,69.508,3249,17,0,USOILm,0.0
2024-12-24 08:00:00,69.509,69.829,69.427,69.66,5202,17,0,USOILm,0.0
2024-12-24 12:00:00,69.66,70.266,69.362,70.037,9938,17,0,USOILm,0.0
2024-12-24 16:00:00,70.036,70.231,69.753,69.903,4918,17,0,USOILm,0.0
2024-12-26 00:00:00,70.049,70.285,70.022,70.196,2636,17,0,USOILm,0.0
2024-12-26 04:00:00,70.197,70.207,69.903,70.094,3131,17,0,USOILm,0.0
2024-12-26 08:00:00,70.094,70.387,70.065,70.335,3697,17,0,USOILm,0.0
2024-12-26 12:00:00,70.337,70.566,69.831,70.004,7761,17,0,USOILm,0.0
2024-12-26 16:00:00,69.995,70.075,69.186,69.426,7490,17,0,USOILm,0.0
2024-12-26 20:00:00,69.424,69.516,69.33,69.516,1158,17,0,USOILm,0.0
2024-12-27 00:00:00,69.513,69.539,69.275,69.535,2958,17,0,USOILm,0.0
2024-12-27 04:00:00,69.535,69.686,69.338,69.653,2840,17,0,USOILm,0.0
2024-12-27 08:00:00,69.651,70.128,69.476,69.982,6491,17,0,USOILm,0.0
2024-12-27 12:00:00,69.984,70.391,69.879,70.105,9168,17,0,USOILm,0.0
2024-12-27 16:00:00,70.1,70.564,69.925,70.265,8759,17,0,USOILm,0.0
2024-12-27 20:00:00,70.262,70.262,69.978,70.054,1202,17,0,USOILm,0.0
2024-12-30 00:00:00,70.255,70.535,70.174,70.457,2872,17,0,USOILm,0.0
2024-12-30 04:00:00,70.459,70.518,70.274,70.333,2969,17,0,USOILm,0.0
2024-12-30 08:00:00,70.335,70.552,70.013,70.489,7701,17,0,USOILm,0.0
2024-12-30 12:00:00,70.494,71.235,70.489,71.035,9933,17,0,USOILm,0.0
2024-12-30 16:00:00,71.04,71.311,70.565,70.812,8725,17,0,USOILm,0.0
2024-12-30 20:00:00,70.806,71.061,70.795,70.982,1517,17,0,USOILm,0.0
2024-12-31 00:00:00,70.976,71.354,70.955,71.096,2812,17,0,USOILm,0.0
2024-12-31 04:00:00,71.094,71.485,71.089,71.326,3635,17,0,USOILm,0.0
2024-12-31 08:00:00,71.326,71.419,71.107,71.311,6028,17,0,USOILm,0.0
2024-12-31 12:00:00,71.313,71.485,70.638,71.414,9620,17,0,USOILm,0.0
2024-12-31 16:00:00,71.414,71.758,71.337,71.671,6946,17,0,USOILm,0.0
2024-12-31 20:00:00,71.677,71.678,71.489,71.558,800,17,0,USOILm,0.0
2025-01-02 00:00:00,71.795,72.016,71.692,71.769,4036,17,0,USOILm,0.0
2025-01-02 04:00:00,71.771,71.839,71.555,71.673,3083,17,0,USOILm,0.0
2025-01-02 08:00:00,71.676,72.583,71.523,72.519,8563,17,0,USOILm,0.0
2025-01-02 12:00:00,72.514,73.275,72.235,73.149,11722,17,0,USOILm,0.0
2025-01-02 16:00:00,73.154,73.393,72.707,72.878,11823,17,0,USOILm,0.0
2025-01-02 20:00:00,72.881,72.903,72.71,72.741,1544,17,0,USOILm,0.0
2025-01-03 00:00:00,72.742,73.09,72.735,72.999,3909,17,0,USOILm,0.0
2025-01-03 04:00:00,73.0,73.025,72.702,72.71,3216,17,0,USOILm,0.0
2025-01-03 08:00:00,72.711,72.862,72.333,72.54,6521,17,0,USOILm,0.0
2025-01-03 12:00:00,72.701,73.391,72.586,73.355,9602,17,0,USOILm,0.0
2025-01-03 16:00:00,73.36,73.822,73.221,73.656,8153,17,0,USOILm,0.0
2025-01-03 20:00:00,73.657,73.685,73.529,73.583,1025,17,0,USOILm,0.0
2025-01-06 00:00:00,73.658,73.859,73.29,73.31,4223,17,0,USOILm,0.0
2025-01-06 04:00:00,73.311,73.376,73.116,73.202,3588,17,0,USOILm,0.0
2025-01-06 08:00:00,73.2,73.753,73.043,73.733,7840,17,0,USOILm,0.0
2025-01-06 12:00:00,73.737,74.455,73.557,73.629,12927,17,0,USOILm,0.0
2025-01-06 16:00:00,73.628,73.873,72.763,73.085,11172,17,0,USOILm,0.0
2025-01-06 20:00:00,73.084,73.109,72.842,72.875,1521,17,0,USOILm,0.0
2025-01-07 00:00:00,72.876,73.042,72.734,73.037,3689,17,0,USOILm,0.0
2025-01-07 04:00:00,73.036,73.096,72.817,72.831,3558,17,0,USOILm,0.0
2025-01-07 08:00:00,72.832,73.715,72.678,73.693,9488,17,0,USOILm,0.0
2025-01-07 12:00:00,73.694,73.855,73.363,73.783,12003,17,0,USOILm,0.0
2025-01-07 16:00:00,73.787,74.014,73.342,73.919,9253,17,0,USOILm,0.0
2025-01-07 20:00:00,73.919,74.197,73.725,74.105,1868,17,0,USOILm,0.0
2025-01-08 00:00:00,74.104,74.199,73.945,73.998,3302,17,0,USOILm,0.0
2025-01-08 04:00:00,73.998,74.332,73.977,74.24,3426,17,0,USOILm,0.0
2025-01-08 08:00:00,74.237,74.648,73.661,74.083,10638,17,0,USOILm,0.0
2025-01-08 12:00:00,74.087,74.292,73.461,73.516,14585,17,0,USOILm,0.0
2025-01-08 16:00:00,73.517,73.518,72.666,72.916,11656,17,0,USOILm,0.0
2025-01-08 20:00:00,72.919,72.98,72.71,72.724,1635,17,0,USOILm,0.0
2025-01-09 00:00:00,72.723,72.778,72.32,72.695,3739,17,0,USOILm,0.0
2025-01-09 04:00:00,72.684,72.941,72.571,72.58,3710,17,0,USOILm,0.0
2025-01-09 08:00:00,72.578,72.996,72.489,72.947,7902,17,0,USOILm,0.0
2025-01-09 12:00:00,72.95,73.605,72.909,73.465,8796,17,0,USOILm,0.0
2025-01-09 16:00:00,73.458,73.691,73.321,73.678,7917,17,0,USOILm,0.0
2025-01-09 20:00:00,73.676,73.696,73.548,73.626,1280,17,0,USOILm,0.0
2025-01-10 00:00:00,73.628,73.759,73.426,73.473,3379,17,0,USOILm,0.0
2025-01-10 04:00:00,73.471,74.019,73.462,73.93,3335,17,0,USOILm,0.0
2025-01-10 08:00:00,73.928,75.974,73.845,75.746,12825,17,0,USOILm,0.0
2025-01-10 12:00:00,75.749,77.013,75.176,75.181,24289,17,0,USOILm,0.0
2025-01-10 16:00:00,75.189,76.025,74.739,75.812,18193,17,0,USOILm,0.0
2025-01-10 20:00:00,75.813,75.952,75.769,75.859,1991,17,0,USOILm,0.0
2025-01-13 00:00:00,77.15,77.408,76.849,76.944,6570,17,0,USOILm,0.0
2025-01-13 04:00:00,76.947,77.283,76.75,76.872,6863,17,0,USOILm,0.0
2025-01-13 08:00:00,76.866,77.578,76.482,77.143,16185,17,0,USOILm,0.0
2025-01-13 12:00:00,77.139,77.337,76.382,77.251,19780,17,0,USOILm,0.0
2025-01-13 16:00:00,77.258,77.802,77.249,77.523,17741,17,0,USOILm,0.0
2025-01-13 20:00:00,77.525,77.54,77.22,77.364,2774,17,0,USOILm,0.0
2025-01-14 00:00:00,77.369,77.37,76.925,77.19,5365,17,0,USOILm,0.0
2025-01-14 04:00:00,77.192,77.192,76.697,76.866,5375,17,0,USOILm,0.0
2025-01-14 08:00:00,76.875,77.58,76.704,77.283,12785,17,0,USOILm,0.0
2025-01-14 12:00:00,77.272,77.287,76.259,76.751,18273,17,0,USOILm,0.0
2025-01-14 16:00:00,76.745,76.941,76.286,76.441,15523,17,0,USOILm,0.0
2025-01-14 20:00:00,76.439,77.031,76.388,76.772,2442,17,0,USOILm,0.0
2025-01-15 00:00:00,76.769,76.789,76.271,76.444,4488,17,0,USOILm,0.0
2025-01-15 04:00:00,76.442,77.135,76.393,76.855,5361,17,0,USOILm,0.0
2025-01-15 08:00:00,76.847,76.972,76.152,76.628,12070,17,0,USOILm,0.0
2025-01-15 12:00:00,76.629,77.864,76.589,77.434,16612,17,0,USOILm,0.0
2025-01-15 16:00:00,77.43,79.102,77.401,79.08,17718,17,0,USOILm,0.0
2025-01-15 20:00:00,79.071,79.373,78.866,78.982,3434,17,0,USOILm,0.0
2025-01-16 00:00:00,78.974,79.124,78.652,78.983,7013,17,0,USOILm,0.0
2025-01-16 04:00:00,78.983,79.006,78.63,78.818,7331,17,0,USOILm,0.0
2025-01-16 08:00:00,78.81,78.824,77.703,77.794,12451,17,0,USOILm,0.0
2025-01-16 12:00:00,77.798,78.557,77.46,77.85,19454,17,0,USOILm,0.0
2025-01-16 16:00:00,77.848,78.003,76.864,77.857,19332,17,0,USOILm,0.0
2025-01-16 20:00:00,77.857,77.857,77.656,77.831,2193,17,0,USOILm,0.0
2025-01-17 00:00:00,77.833,78.198,77.787,78.141,4531,17,0,USOILm,0.0
2025-01-17 04:00:00,78.14,78.372,77.916,78.242,5884,17,0,USOILm,0.0
2025-01-17 08:00:00,78.244,78.398,77.715,77.817,12235,17,0,USOILm,0.0
2025-01-17 12:00:00,77.813,77.925,77.058,77.071,17808,17,0,USOILm,0.0
2025-01-17 16:00:00,77.064,77.632,77.018,77.205,12915,17,0,USOILm,0.0
2025-01-17 20:00:00,77.204,77.391,77.111,77.331,1697,17,0,USOILm,0.0
2025-01-20 00:00:00,77.534,77.722,77.121,77.298,6182,17,0,USOILm,0.0
2025-01-20 04:00:00,77.299,77.324,76.918,77.105,4204,17,0,USOILm,0.0
2025-01-20 08:00:00,77.113,77.268,76.66,77.076,9613,17,0,USOILm,0.0
2025-01-20 12:00:00,77.073,77.483,75.725,75.904,18322,17,0,USOILm,0.0
2025-01-20 16:00:00,75.903,76.597,75.845,76.217,8996,17,0,USOILm,0.0
2025-01-20 20:00:00,76.213,76.259,76.134,76.239,286,26,0,USOILm,0.0
2025-01-21 00:00:00,76.242,77.006,75.942,76.604,9162,17,0,USOILm,0.0
2025-01-21 04:00:00,76.607,76.691,76.237,76.289,4943,17,0,USOILm,0.0
2025-01-21 08:00:00,76.293,76.411,75.077,75.119,12802,17,0,USOILm,0.0
2025-01-21 12:00:00,75.126,75.998,74.933,75.917,16554,17,0,USOILm,0.0
2025-01-21 16:00:00,75.91,76.176,75.334,75.901,12909,17,0,USOILm,0.0
2025-01-21 20:00:00,75.9,75.951,75.533,75.586,2092,17,0,USOILm,0.0
2025-01-22 00:00:00,75.588,75.756,75.461,75.641,4147,17,0,USOILm,0.0
2025-01-22 04:00:00,75.641,75.723,75.138,75.31,4547,17,0,USOILm,0.0
2025-01-22 08:00:00,75.31,76.268,75.252,75.897,9780,17,0,USOILm,0.0
2025-01-22 12:00:00,75.897,75.964,75.154,75.48,15756,17,0,USOILm,0.0
2025-01-22 16:00:00,75.474,75.998,75.169,75.283,12818,17,0,USOILm,0.0
2025-01-22 20:00:00,75.282,75.362,75.007,75.04,1397,17,0,USOILm,0.0
2025-01-23 00:00:00,75.042,75.151,74.98,75.007,2826,17,0,USOILm,0.0
2025-01-23 04:00:00,75.01,75.119,74.834,75.097,3336,17,0,USOILm,0.0
2025-01-23 08:00:00,75.096,75.695,75.019,75.614,8843,17,0,USOILm,0.0
2025-01-23 12:00:00,75.605,75.809,75.188,75.498,11362,17,0,USOILm,0.0
2025-01-23 16:00:00,75.496,75.655,74.231,74.33,18465,17,0,USOILm,0.0
2025-01-23 20:00:00,74.336,74.386,74.005,74.082,2576,17,0,USOILm,0.0
2025-01-24 00:00:00,74.079,74.423,73.832,74.295,4366,17,0,USOILm,0.0
2025-01-24 04:00:00,74.294,74.528,74.276,74.495,3954,17,0,USOILm,0.0
2025-01-24 08:00:00,74.497,74.893,74.234,74.731,9087,17,0,USOILm,0.0
2025-01-24 12:00:00,74.726,75.001,73.995,74.103,13180,17,0,USOILm,0.0
2025-01-24 16:00:00,74.099,74.623,73.892,74.446,11327,17,0,USOILm,0.0
2025-01-24 20:00:00,74.448,74.548,74.315,74.319,1463,17,0,USOILm,0.0
2025-01-27 00:00:00,73.909,73.989,73.43,73.955,5332,17,0,USOILm,0.0
2025-01-27 04:00:00,73.956,74.071,73.694,73.908,3881,17,0,USOILm,0.0
2025-01-27 08:00:00,73.911,74.858,73.911,74.001,10041,17,0,USOILm,0.0
2025-01-27 12:00:00,74.008,74.304,73.194,73.284,13452,17,0,USOILm,0.0
2025-01-27 16:00:00,73.278,73.306,72.171,72.76,13080,17,0,USOILm,0.0
2025-01-27 20:00:00,72.766,72.955,72.746,72.839,1842,17,0,USOILm,0.0
2025-01-28 00:00:00,72.841,73.088,72.81,72.91,3470,17,0,USOILm,0.0
2025-01-28 04:00:00,72.912,73.572,72.912,73.549,4592,17,0,USOILm,0.0
2025-01-28 08:00:00,73.543,73.574,73.021,73.384,8141,17,0,USOILm,0.0
2025-01-28 12:00:00,73.387,73.98,72.824,72.951,13350,17,0,USOILm,0.0
2025-01-28 16:00:00,72.952,73.678,72.648,73.504,11943,17,0,USOILm,0.0
2025-01-28 20:00:00,73.499,73.68,73.437,73.46,1940,17,0,USOILm,0.0
2025-01-29 00:00:00,73.459,73.591,73.197,73.317,2049,17,0,USOILm,0.0
2025-01-29 04:00:00,73.318,73.602,73.188,73.459,2681,17,0,USOILm,0.0
2025-01-29 08:00:00,73.46,73.674,72.574,72.812,8985,17,0,USOILm,0.0
2025-01-29 12:00:00,72.814,73.379,72.72,73.152,12199,17,0,USOILm,0.0
2025-01-29 16:00:00,73.159,73.225,72.04,72.606,12899,17,0,USOILm,0.0
2025-01-29 20:00:00,72.605,72.73,72.483,72.582,1727,17,0,USOILm,0.0
2025-01-30 00:00:00,72.578,72.594,72.278,72.328,2168,17,0,USOILm,0.0
2025-01-30 04:00:00,72.327,72.409,72.185,72.258,2705,17,0,USOILm,0.0
2025-01-30 08:00:00,72.262,72.436,71.709,72.275,8418,17,0,USOILm,0.0
2025-01-30 12:00:00,72.279,73.208,71.988,73.079,11608,17,0,USOILm,0.0
2025-01-30 16:00:00,73.08,73.144,72.331,72.555,10441,17,0,USOILm,0.0
2025-01-30 20:00:00,72.554,73.474,72.457,72.83,5876,17,0,USOILm,0.0
2025-01-31 00:00:00,72.831,73.146,72.698,73.09,2885,17,0,USOILm,0.0
2025-01-31 04:00:00,73.091,73.109,72.598,72.622,2593,17,0,USOILm,0.0
2025-01-31 08:00:00,72.615,72.75,72.056,72.265,8766,17,0,USOILm,0.0
2025-01-31 12:00:00,72.27,72.781,71.654,72.237,12647,17,0,USOILm,0.0
2025-01-31 16:00:00,72.232,72.984,71.736,72.075,17832,17,0,USOILm,0.0
2025-01-31 20:00:00,72.073,73.356,72.034,73.33,5344,17,0,USOILm,0.0
2025-02-03 00:00:00,73.478,73.559,72.972,73.284,6797,17,0,USOILm,0.0
2025-02-03 04:00:00,73.282,73.731,73.222,73.513,5059,17,0,USOILm,0.0
2025-02-03 08:00:00,73.51,74.055,73.188,74.036,12589,17,0,USOILm,0.0
2025-02-03 12:00:00,74.034,74.234,71.724,72.066,23614,17,0,USOILm,0.0
2025-02-03 16:00:00,72.058,72.751,72.017,72.685,17331,17,0,USOILm,0.0
2025-02-03 20:00:00,72.685,72.743,71.904,72.08,3754,17,0,USOILm,0.0
2025-02-04 00:00:00,72.082,72.101,71.832,71.992,3072,17,0,USOILm,0.0
2025-02-04 04:00:00,71.996,72.022,71.448,71.626,5114,17,0,USOILm,0.0
2025-02-04 08:00:00,71.628,71.748,71.232,71.525,10193,17,0,USOILm,0.0
2025-02-04 12:00:00,71.524,73.038,70.409,72.396,21889,17,0,USOILm,0.0
2025-02-04 16:00:00,72.401,72.858,71.937,72.284,14564,17,0,USOILm,0.0
2025-02-04 20:00:00,72.277,72.47,72.149,72.318,2916,17,0,USOILm,0.0
2025-02-05 00:00:00,72.318,72.675,72.088,72.209,5461,17,0,USOILm,0.0
2025-02-05 04:00:00,72.21,72.47,72.097,72.271,3398,17,0,USOILm,0.0
2025-02-05 08:00:00,72.275,72.357,71.548,71.617,9366,17,0,USOILm,0.0
2025-02-05 12:00:00,71.612,71.85,71.177,71.372,12847,17,0,USOILm,0.0
2025-02-05 16:00:00,71.368,71.397,70.773,70.947,10972,17,0,USOILm,0.0
2025-02-05 20:00:00,70.948,71.053,70.888,70.992,1316,17,0,USOILm,0.0
2025-02-06 00:00:00,70.995,71.084,70.921,70.957,2785,17,0,USOILm,0.0
2025-02-06 04:00:00,70.958,71.163,70.868,70.967,2621,17,0,USOILm,0.0
2025-02-06 08:00:00,70.974,71.563,70.898,71.186,7804,17,0,USOILm,0.0
2025-02-06 12:00:00,71.187,71.609,70.459,71.089,15429,17,0,USOILm,0.0
2025-02-06 16:00:00,71.1,71.264,70.26,70.354,11239,17,0,USOILm,0.0
2025-02-06 20:00:00,70.349,70.441,70.296,70.341,1493,17,0,USOILm,0.0
2025-02-07 00:00:00,70.331,70.783,70.324,70.715,2593,17,0,USOILm,0.0
2025-02-07 04:00:00,70.715,71.014,70.604,70.769,3101,17,0,USOILm,0.0
2025-02-07 08:00:00,70.77,71.134,70.708,70.867,7660,17,0,USOILm,0.0
2025-02-07 12:00:00,70.865,71.168,70.608,70.754,11114,17,0,USOILm,0.0
2025-02-07 16:00:00,70.759,70.997,70.416,70.758,10334,17,0,USOILm,0.0
2025-02-07 20:00:00,70.756,70.856,70.718,70.791,1210,17,0,USOILm,0.0
2025-02-10 00:00:00,70.951,71.358,70.948,71.194,3481,17,0,USOILm,0.0
2025-02-10 04:00:00,71.194,71.38,71.15,71.198,2811,17,0,USOILm,0.0
2025-02-10 08:00:00,71.187,71.851,71.082,71.705,6606,17,0,USOILm,0.0
2025-02-10 12:00:00,71.703,71.954,71.432,71.814,9829,17,0,USOILm,0.0
2025-02-10 16:00:00,71.819,72.253,71.707,72.197,8165,17,0,USOILm,0.0
2025-02-10 20:00:00,72.194,72.223,72.122,72.149,1117,17,0,USOILm,0.0
2025-02-11 00:00:00,72.145,72.338,72.027,72.215,2890,17,0,USOILm,0.0
2025-02-11 04:00:00,72.215,72.671,72.202,72.618,2894,17,0,USOILm,0.0
2025-02-11 08:00:00,72.614,73.059,72.562,72.911,7307,17,0,USOILm,0.0
2025-02-11 12:00:00,72.917,73.365,72.582,72.775,12030,17,0,USOILm,0.0
2025-02-11 16:00:00,72.774,73.177,72.736,73.165,8784,17,0,USOILm,0.0
2025-02-11 20:00:00,73.161,73.178,72.91,72.932,1381,17,0,USOILm,0.0
2025-02-12 00:00:00,72.928,73.01,72.724,72.806,2779,17,0,USOILm,0.0
2025-02-12 04:00:00,72.804,72.987,72.541,72.652,3055,17,0,USOILm,0.0
2025-02-12 08:00:00,72.646,72.691,72.096,72.351,7502,17,0,USOILm,0.0
2025-02-12 12:00:00,72.351,72.481,71.824,71.837,12649,17,0,USOILm,0.0
2025-02-12 16:00:00,71.833,72.114,71.166,71.26,12176,17,0,USOILm,0.0
2025-02-12 20:00:00,71.263,71.451,71.033,71.088,2022,17,0,USOILm,0.0
2025-02-13 00:00:00,71.085,71.163,70.515,70.571,3446,17,0,USOILm,0.0
2025-02-13 04:00:00,70.575,70.729,70.424,70.641,3863,17,0,USOILm,0.0
2025-02-13 08:00:00,70.64,70.929,70.152,70.499,8644,17,0,USOILm,0.0
2025-02-13 12:00:00,70.497,71.131,70.226,70.892,10686,17,0,USOILm,0.0
2025-02-13 16:00:00,70.896,71.299,70.822,71.199,8807,17,0,USOILm,0.0
2025-02-13 20:00:00,71.198,71.344,71.181,71.278,1131,17,0,USOILm,0.0
2025-02-14 00:00:00,71.277,71.408,71.138,71.229,2499,17,0,USOILm,0.0
2025-02-14 04:00:00,71.226,71.563,71.178,71.519,2700,17,0,USOILm,0.0
2025-02-14 08:00:00,71.514,71.721,71.076,71.641,6953,17,0,USOILm,0.0
2025-02-14 12:00:00,71.643,71.876,70.796,71.007,11924,17,0,USOILm,0.0
2025-02-14 16:00:00,71.014,71.06,70.507,70.654,8901,17,0,USOILm,0.0
2025-02-14 20:00:00,70.651,70.719,70.565,70.62,1416,17,0,USOILm,0.0
2025-02-17 00:00:00,70.291,70.812,70.253,70.729,3715,17,0,USOILm,0.0
2025-02-17 04:00:00,70.73,70.877,70.518,70.688,3212,17,0,USOILm,0.0
2025-02-17 08:00:00,70.685,71.187,70.545,70.635,8247,17,0,USOILm,0.0
2025-02-17 12:00:00,70.631,71.024,70.492,70.74,6068,17,0,USOILm,0.0
2025-02-17 16:00:00,70.732,71.338,70.697,71.296,4000,17,0,USOILm,0.0
2025-02-17 20:00:00,71.183,71.232,71.163,71.217,185,17,0,USOILm,0.0
2025-02-18 00:00:00,71.212,71.495,71.079,71.388,2824,17,0,USOILm,0.0
2025-02-18 04:00:00,71.386,71.567,71.287,71.406,2981,17,0,USOILm,0.0
2025-02-18 08:00:00,71.402,72.009,71.227,71.258,7881,17,0,USOILm,0.0
2025-02-18 12:00:00,71.263,71.669,70.872,71.408,12358,17,0,USOILm,0.0
2025-02-18 16:00:00,71.414,71.852,71.304,71.778,8940,17,0,USOILm,0.0
2025-02-18 20:00:00,71.773,71.796,71.679,71.697,1154,17,0,USOILm,0.0
2025-02-19 00:00:00,71.698,72.029,71.67,71.824,2899,17,0,USOILm,0.0
2025-02-19 04:00:00,71.824,72.272,71.779,72.228,2536,17,0,USOILm,0.0
2025-02-19 08:00:00,72.223,72.513,72.144,72.443,5871,17,0,USOILm,0.0
2025-02-19 12:00:00,72.44,72.866,72.166,72.197,9097,17,0,USOILm,0.0
2025-02-19 16:00:00,72.2,72.583,71.944,72.062,8188,17,0,USOILm,0.0
2025-02-19 20:00:00,72.059,72.204,71.956,72.074,1326,17,0,USOILm,0.0
2025-02-20 00:00:00,72.074,72.12,71.737,71.773,2575,17,0,USOILm,0.0
2025-02-20 04:00:00,71.774,72.292,71.69,72.277,2704,17,0,USOILm,0.0
2025-02-20 08:00:00,72.273,72.343,71.769,72.279,6704,17,0,USOILm,0.0
2025-02-20 12:00:00,72.272,72.637,72.177,72.469,9100,17,0,USOILm,0.0
2025-02-20 16:00:00,72.458,73.097,72.322,72.468,9575,17,0,USOILm,0.0
2025-02-20 20:00:00,72.467,72.711,72.386,72.637,1193,17,0,USOILm,0.0
2025-02-21 00:00:00,72.643,72.703,72.316,72.411,2778,17,0,USOILm,0.0
2025-02-21 04:00:00,72.416,72.462,72.109,72.157,2324,17,0,USOILm,0.0
2025-02-21 08:00:00,72.159,72.188,71.579,71.707,6625,17,0,USOILm,0.0
2025-02-21 12:00:00,71.704,72.188,70.87,70.931,11825,17,0,USOILm,0.0
2025-02-21 16:00:00,70.93,71.093,70.239,70.302,8120,17,0,USOILm,0.0
2025-02-21 20:00:00,70.297,70.322,70.134,70.187,1442,17,0,USOILm,0.0
2025-02-24 00:00:00,70.332,70.438,70.052,70.198,3762,17,0,USOILm,0.0
2025-02-24 04:00:00,70.195,70.328,70.015,70.166,2962,17,0,USOILm,0.0
2025-02-24 08:00:00,70.169,70.61,69.963,70.456,6777,17,0,USOILm,0.0
2025-02-24 12:00:00,70.451,70.787,70.136,70.408,10704,17,0,USOILm,0.0
2025-02-24 16:00:00,70.411,70.797,70.333,70.615,7737,17,0,USOILm,0.0
2025-02-24 20:00:00,70.613,70.864,70.524,70.748,1690,17,0,USOILm,0.0
2025-02-25 00:00:00,70.749,71.159,70.625,71.048,2871,17,0,USOILm,0.0
2025-02-25 04:00:00,71.052,71.147,70.703,70.713,2526,17,0,USOILm,0.0
2025-02-25 08:00:00,70.717,70.973,70.402,70.408,5502,17,0,USOILm,0.0
2025-02-25 12:00:00,70.413,70.472,68.797,68.798,12088,17,0,USOILm,0.0
2025-02-25 16:00:00,68.796,69.015,68.6,68.941,9991,17,0,USOILm,0.0
2025-02-25 20:00:00,68.943,69.113,68.761,69.005,1885,17,0,USOILm,0.0
2025-02-26 00:00:00,69.008,69.148,68.886,68.967,2577,17,0,USOILm,0.0
2025-02-26 04:00:00,68.967,69.15,68.929,69.11,2566,17,0,USOILm,0.0
2025-02-26 08:00:00,69.117,69.19,68.718,68.782,7628,17,0,USOILm,0.0
2025-02-26 12:00:00,68.776,69.072,68.407,68.601,11948,17,0,USOILm,0.0
2025-02-26 16:00:00,68.601,69.062,68.275,68.733,11521,17,0,USOILm,0.0
2025-02-26 20:00:00,68.734,68.8,68.592,68.687,1588,17,0,USOILm,0.0
2025-02-27 00:00:00,68.685,68.767,68.557,68.651,2227,17,0,USOILm,0.0
2025-02-27 04:00:00,68.648,68.809,68.486,68.751,2293,17,0,USOILm,0.0
2025-02-27 08:00:00,68.749,69.27,68.682,69.124,5534,17,0,USOILm,0.0
2025-02-27 12:00:00,69.121,70.042,69.062,69.901,11466,17,0,USOILm,0.0
2025-02-27 16:00:00,69.901,70.368,69.698,70.152,9116,17,0,USOILm,0.0
2025-02-27 20:00:00,70.151,70.151,69.899,69.989,1629,17,0,USOILm,0.0
2025-02-28 00:00:00,69.992,69.996,69.782,69.821,3051,17,0,USOILm,0.0
2025-02-28 04:00:00,69.82,69.868,69.466,69.551,3340,17,0,USOILm,0.0
2025-02-28 08:00:00,69.549,69.578,69.122,69.293,7054,17,0,USOILm,0.0
2025-02-28 12:00:00,69.29,69.708,68.975,69.654,10589,17,0,USOILm,0.0
2025-02-28 16:00:00,69.653,70.067,69.321,69.583,11118,17,0,USOILm,0.0
2025-02-28 20:00:00,69.582,69.897,69.57,69.768,1522,17,0,USOILm,0.0
2025-03-03 00:00:00,69.972,70.378,69.833,69.979,3345,17,0,USOILm,0.0
2025-03-03 04:00:00,69.983,69.983,69.584,69.621,3337,17,0,USOILm,0.0
2025-03-03 08:00:00,69.628,69.762,69.075,69.678,7480,17,0,USOILm,0.0
2025-03-03 12:00:00,69.675,70.14,68.953,69.311,12780,17,0,USOILm,0.0
2025-03-03 16:00:00,69.306,69.533,67.733,68.077,17518,17,0,USOILm,0.0
2025-03-03 20:00:00,68.072,68.271,67.891,68.077,3371,17,0,USOILm,0.0
2025-03-04 00:00:00,68.078,68.115,67.759,67.923,4305,17,0,USOILm,0.0
2025-03-04 04:00:00,67.926,67.985,67.567,67.591,4617,17,0,USOILm,0.0
2025-03-04 08:00:00,67.593,67.71,67.183,67.263,10020,17,0,USOILm,0.0
2025-03-04 12:00:00,67.262,67.618,66.535,67.05,15974,17,0,USOILm,0.0
2025-03-04 16:00:00,67.049,68.085,66.869,68.061,12907,17,0,USOILm,0.0
2025-03-04 20:00:00,68.062,68.223,67.409,67.651,3202,17,0,USOILm,0.0
2025-03-05 00:00:00,67.646,67.699,67.261,67.422,4864,17,0,USOILm,0.0
2025-03-05 04:00:00,67.421,67.821,67.325,67.603,3705,17,0,USOILm,0.0
2025-03-05 08:00:00,67.598,67.663,66.656,66.686,10311,17,0,USOILm,0.0
2025-03-05 12:00:00,66.693,66.955,65.421,65.55,16083,17,0,USOILm,0.0
2025-03-05 16:00:00,65.549,66.199,64.991,66.094,15316,17,0,USOILm,0.0
2025-03-05 20:00:00,66.099,66.243,66.046,66.175,2042,17,0,USOILm,0.0
2025-03-06 00:00:00,66.174,66.572,66.145,66.394,2731,17,0,USOILm,0.0
2025-03-06 04:00:00,66.396,66.603,66.18,66.506,3549,17,0,USOILm,0.0
2025-03-06 08:00:00,66.502,66.533,65.857,66.415,10798,17,0,USOILm,0.0
2025-03-06 12:00:00,66.423,66.709,65.476,65.563,17272,17,0,USOILm,0.0
2025-03-06 16:00:00,65.568,66.355,65.373,66.233,15991,17,0,USOILm,0.0
2025-03-06 20:00:00,66.234,66.26,65.95,66.103,2633,17,0,USOILm,0.0
2025-03-07 00:00:00,66.102,66.326,65.89,66.135,2806,17,0,USOILm,0.0
2025-03-07 04:00:00,66.13,66.658,66.049,66.607,3264,17,0,USOILm,0.0
2025-03-07 08:00:00,66.602,67.321,66.539,67.042,8458,17,0,USOILm,0.0
2025-03-07 12:00:00,67.04,67.934,66.573,67.348,17735,17,0,USOILm,0.0
2025-03-07 16:00:00,67.332,67.332,66.53,66.784,14708,17,0,USOILm,0.0
2025-03-07 20:00:00,66.784,66.896,66.739,66.81,1689,17,0,USOILm,0.0
2025-03-10 00:00:00,66.335,66.654,66.316,66.41,3800,17,0,USOILm,0.0
2025-03-10 04:00:00,66.409,66.904,66.271,66.854,3698,17,0,USOILm,0.0
2025-03-10 08:00:00,66.856,67.239,66.626,67.172,9466,17,0,USOILm,0.0
2025-03-10 12:00:00,67.163,67.321,66.104,66.37,15416,17,0,USOILm,0.0
2025-03-10 16:00:00,66.37,66.467,65.534,65.701,9619,17,0,USOILm,0.0
2025-03-10 20:00:00,65.703,65.739,65.398,65.49,931,17,0,USOILm,0.0
2025-03-11 00:00:00,65.49,65.793,65.046,65.668,4308,17,0,USOILm,0.0
2025-03-11 04:00:00,65.666,66.021,65.578,65.998,3637,17,0,USOILm,0.0
2025-03-11 08:00:00,66.003,66.61,65.86,66.586,7224,17,0,USOILm,0.0
2025-03-11 12:00:00,66.586,66.852,66.214,66.449,13587,17,0,USOILm,0.0
2025-03-11 16:00:00,66.449,66.559,65.744,66.188,10207,17,0,USOILm,0.0
2025-03-11 20:00:00,66.185,66.452,66.185,66.366,980,17,0,USOILm,0.0
2025-03-12 00:00:00,66.373,66.54,66.201,66.403,2977,17,0,USOILm,0.0
2025-03-12 04:00:00,66.404,66.502,65.871,66.237,3298,17,0,USOILm,0.0
2025-03-12 08:00:00,66.241,66.762,66.165,66.745,7716,17,0,USOILm,0.0
2025-03-12 12:00:00,66.743,67.48,66.657,67.343,13644,17,0,USOILm,0.0
2025-03-12 16:00:00,67.341,67.573,67.277,67.427,7614,17,0,USOILm,0.0
2025-03-12 20:00:00,67.423,67.513,67.371,67.395,718,17,0,USOILm,0.0
2025-03-13 00:00:00,67.394,67.511,67.222,67.381,2705,17,0,USOILm,0.0
2025-03-13 04:00:00,67.383,67.547,67.136,67.455,3522,17,0,USOILm,0.0
2025-03-13 08:00:00,67.458,67.663,66.885,67.03,8386,17,0,USOILm,0.0
2025-03-13 12:00:00,67.025,67.142,66.108,66.527,13910,17,0,USOILm,0.0
2025-03-13 16:00:00,66.536,66.778,66.108,66.28,10481,17,0,USOILm,0.0
2025-03-13 20:00:00,66.284,66.618,66.277,66.528,1118,17,0,USOILm,0.0
2025-03-14 00:00:00,66.528,66.851,66.426,66.742,3151,17,0,USOILm,0.0
2025-03-14 04:00:00,66.739,67.122,66.663,67.033,3219,17,0,USOILm,0.0
2025-03-14 08:00:00,67.029,67.181,66.692,66.749,7093,17,0,USOILm,0.0
2025-03-14 12:00:00,66.749,66.97,66.331,66.732,11817,17,0,USOILm,0.0
2025-03-14 16:00:00,66.728,67.028,66.658,66.899,6308,17,0,USOILm,0.0
2025-03-14 20:00:00,66.895,66.932,66.848,66.895,430,17,0,USOILm,0.0
2025-03-17 00:00:00,67.391,68.092,67.239,67.332,3684,17,0,USOILm,0.0
2025-03-17 04:00:00,67.334,67.529,67.275,67.46,2752,17,0,USOILm,0.0
2025-03-17 08:00:00,67.46,67.891,67.269,67.81,6553,17,0,USOILm,0.0
2025-03-17 12:00:00,67.812,67.827,67.001,67.363,10245,17,0,USOILm,0.0
2025-03-17 16:00:00,67.361,67.587,67.144,67.292,6603,17,0,USOILm,0.0
2025-03-17 20:00:00,67.293,67.338,67.065,67.173,729,17,0,USOILm,0.0
2025-03-18 00:00:00,67.175,67.613,67.175,67.492,3183,17,0,USOILm,0.0
2025-03-18 04:00:00,67.489,67.939,67.471,67.922,2646,17,0,USOILm,0.0
2025-03-18 08:00:00,67.922,68.467,67.887,68.284,7310,17,0,USOILm,0.0
2025-03-18 12:00:00,68.284,68.339,67.042,67.05,10868,17,0,USOILm,0.0
2025-03-18 16:00:00,67.046,67.313,66.555,66.767,10832,17,0,USOILm,0.0
2025-03-18 20:00:00,66.765,66.771,66.43,66.652,1110,17,0,USOILm,0.0
2025-03-19 00:00:00,66.651,66.698,66.402,66.535,3675,17,0,USOILm,0.0
2025-03-19 04:00:00,66.537,66.558,66.185,66.415,3304,17,0,USOILm,0.0
2025-03-19 08:00:00,66.419,66.738,66.061,66.719,7484,17,0,USOILm,0.0
2025-03-19 12:00:00,66.72,67.276,66.489,66.987,10286,17,0,USOILm,0.0
2025-03-19 16:00:00,66.986,67.385,66.68,66.982,8614,17,0,USOILm,0.0
2025-03-19 20:00:00,66.978,67.072,66.942,67.042,818,17,0,USOILm,0.0
2025-03-20 00:00:00,67.04,67.284,66.956,67.261,2998,17,0,USOILm,0.0
2025-03-20 04:00:00,67.259,67.341,67.066,67.277,2296,17,0,USOILm,0.0
2025-03-20 08:00:00,67.28,67.471,66.737,67.186,7049,17,0,USOILm,0.0
2025-03-20 12:00:00,67.186,68.16,66.58,67.911,12437,17,0,USOILm,0.0
2025-03-20 16:00:00,67.916,68.204,67.805,68.156,6637,17,0,USOILm,0.0
2025-03-20 20:00:00,68.161,68.568,68.161,68.467,1015,17,0,USOILm,0.0
2025-03-21 00:00:00,68.466,68.531,68.22,68.349,3253,17,0,USOILm,0.0
2025-03-21 04:00:00,68.347,68.359,68.053,68.13,2837,17,0,USOILm,0.0
2025-03-21 08:00:00,68.135,68.328,67.627,67.66,6478,17,0,USOILm,0.0
2025-03-21 12:00:00,67.659,68.247,67.578,67.873,9910,17,0,USOILm,0.0
2025-03-21 16:00:00,67.87,68.321,67.837,68.139,5912,17,0,USOILm,0.0
2025-03-21 20:00:00,68.143,68.242,68.143,68.228,312,17,0,USOILm,0.0
2025-03-24 00:00:00,68.321,68.372,67.859,67.966,3017,17,0,USOILm,0.0
2025-03-24 04:00:00,67.969,68.451,67.907,68.394,2484,17,0,USOILm,0.0
2025-03-24 08:00:00,68.392,68.813,67.98,68.646,6534,17,0,USOILm,0.0
2025-03-24 12:00:00,68.644,69.115,68.158,69.065,10458,17,0,USOILm,0.0
2025-03-24 16:00:00,69.066,69.215,68.691,69.111,6819,17,0,USOILm,0.0
2025-03-24 20:00:00,69.107,69.125,69.022,69.03,704,17,0,USOILm,0.0
2025-03-25 00:00:00,69.027,69.076,68.891,68.983,2447,17,0,USOILm,0.0
2025-03-25 04:00:00,68.978,69.279,68.751,69.273,2581,17,0,USOILm,0.0
2025-03-25 08:00:00,69.274,69.5,69.126,69.485,5297,17,0,USOILm,0.0
2025-03-25 12:00:00,69.49,69.544,68.794,68.848,8593,17,0,USOILm,0.0
2025-03-25 16:00:00,68.845,69.059,68.408,69.027,7697,17,0,USOILm,0.0
2025-03-25 20:00:00,69.023,69.277,68.969,69.137,853,17,0,USOILm,0.0
2025-03-26 00:00:00,69.135,69.239,69.017,69.037,2164,17,0,USOILm,0.0
2025-03-26 04:00:00,69.038,69.209,68.924,68.978,2712,17,0,USOILm,0.0
2025-03-26 08:00:00,68.982,69.59,68.968,69.465,5615,17,0,USOILm,0.0
2025-03-26 12:00:00,69.463,70.044,69.362,69.905,8848,17,0,USOILm,0.0
2025-03-26 16:00:00,69.904,69.908,69.33,69.568,6575,17,0,USOILm,0.0
2025-03-26 20:00:00,69.566,69.839,69.464,69.564,992,17,0,USOILm,0.0
2025-03-27 00:00:00,69.569,69.691,69.531,69.594,2616,17,0,USOILm,0.0
2025-03-27 04:00:00,69.594,69.635,69.217,69.256,3049,17,0,USOILm,0.0
2025-03-27 08:00:00,69.265,69.506,69.067,69.373,6043,17,0,USOILm,0.0
2025-03-27 12:00:00,69.379,69.789,68.969,69.469,10609,17,0,USOILm,0.0
2025-03-27 16:00:00,69.47,69.786,69.417,69.617,6023,17,0,USOILm,0.0
2025-03-27 20:00:00,69.617,69.73,69.617,69.702,318,17,0,USOILm,0.0
2025-03-28 00:00:00,69.705,69.869,69.629,69.737,2842,17,0,USOILm,0.0
2025-03-28 04:00:00,69.735,69.735,69.361,69.39,3151,17,0,USOILm,0.0
2025-03-28 08:00:00,69.394,69.89,69.367,69.759,5903,17,0,USOILm,0.0
2025-03-28 12:00:00,69.758,69.889,68.972,68.999,11147,17,0,USOILm,0.0
2025-03-28 16:00:00,68.994,69.224,68.733,68.933,7240,17,0,USOILm,0.0
2025-03-28 20:00:00,68.939,69.007,68.912,68.927,399,17,0,USOILm,0.0
2025-03-31 00:00:00,69.261,69.3,68.637,68.826,4866,17,0,USOILm,0.0
2025-03-31 04:00:00,68.824,69.638,68.798,69.63,5013,17,0,USOILm,0.0
2025-03-31 08:00:00,69.638,69.923,69.169,69.397,8330,17,0,USOILm,0.0
2025-03-31 12:00:00,69.401,71.181,69.199,71.178,12603,17,0,USOILm,0.0
2025-03-31 16:00:00,71.176,71.557,71.136,71.193,7304,17,0,USOILm,0.0
2025-03-31 20:00:00,71.188,71.219,71.046,71.114,855,17,0,USOILm,0.0
2025-04-01 00:00:00,71.117,71.452,71.061,71.403,3549,17,0,USOILm,0.0
2025-04-01 04:00:00,71.397,71.468,70.931,70.937,4352,17,0,USOILm,0.0
2025-04-01 08:00:00,70.939,71.705,70.856,71.101,8161,17,0,USOILm,0.0
2025-04-01 12:00:00,71.109,71.797,71.023,71.09,12756,17,0,USOILm,0.0
2025-04-01 16:00:00,71.086,71.192,70.788,70.953,7220,17,0,USOILm,0.0
2025-04-01 20:00:00,70.947,71.017,70.858,70.996,757,17,0,USOILm,0.0
2025-04-02 00:00:00,70.996,71.079,70.829,70.978,3371,17,0,USOILm,0.0
2025-04-02 04:00:00,70.98,71.002,70.43,70.519,3855,17,0,USOILm,0.0
2025-04-02 08:00:00,70.524,70.989,70.453,70.576,7577,17,0,USOILm,0.0
2025-04-02 12:00:00,70.582,71.25,70.338,71.141,13665,17,0,USOILm,0.0
2025-04-02 16:00:00,71.14,71.655,71.118,71.552,7568,17,0,USOILm,0.0
2025-04-02 20:00:00,71.547,71.983,69.001,69.083,4411,17,0,USOILm,0.0
2025-04-03 00:00:00,69.063,69.832,69.007,69.77,6061,26,0,USOILm,0.0
2025-04-03 04:00:00,69.765,69.769,68.718,69.176,4591,26,0,USOILm,0.0
2025-04-03 08:00:00,69.181,69.306,66.938,67.234,9232,17,0,USOILm,0.0
2025-04-03 12:00:00,67.224,67.268,65.751,66.319,22928,17,0,USOILm,0.0
2025-04-03 16:00:00,66.318,66.864,66.21,66.443,9706,17,0,USOILm,0.0
2025-04-03 20:00:00,66.442,66.468,66.258,66.428,871,17,0,USOILm,0.0
2025-04-04 00:00:00,66.431,66.577,65.96,66.065,2962,17,0,USOILm,0.0
2025-04-04 04:00:00,66.061,66.13,65.031,65.041,5613,17,0,USOILm,0.0
2025-04-04 08:00:00,65.046,65.122,60.604,61.469,29688,17,0,USOILm,0.0
2025-04-04 12:00:00,61.479,62.942,60.239,61.484,37125,17,0,USOILm,0.0
2025-04-04 16:00:00,61.488,62.685,61.278,62.476,17800,17,0,USOILm,0.0
2025-04-04 20:00:00,62.491,62.51,62.255,62.284,723,17,0,USOILm,0.0
2025-04-07 00:00:00,59.618,60.517,59.227,60.121,11663,17,0,USOILm,0.0
2025-04-07 04:00:00,60.128,60.807,58.772,59.347,15895,17,0,USOILm,0.0
2025-04-07 08:00:00,59.35,60.567,58.983,60.121,24011,17,0,USOILm,0.0
2025-04-07 12:00:00,60.13,63.631,59.726,60.621,62260,17,0,USOILm,0.0
2025-04-07 16:00:00,60.616,61.489,60.349,60.702,30913,17,0,USOILm,0.0
2025-04-07 20:00:00,60.712,61.185,60.691,61.025,2113,17,0,USOILm,0.0
2025-04-08 00:00:00,61.022,61.505,60.805,61.32,7350,17,0,USOILm,0.0
2025-04-08 04:00:00,61.317,61.483,59.955,60.168,10720,17,0,USOILm,0.0
2025-04-08 08:00:00,60.183,60.998,60.025,60.983,18465,17,0,USOILm,0.0
2025-04-08 12:00:00,60.987,61.422,60.176,61.105,29225,17,0,USOILm,0.0
2025-04-08 16:00:00,61.095,61.095,57.653,58.228,33977,17,0,USOILm,0.0
2025-04-08 20:00:00,58.229,58.352,56.909,57.272,3303,17,0,USOILm,0.0
2025-04-09 00:00:00,57.266,57.741,56.409,56.74,11836,17,0,USOILm,0.0
2025-04-09 04:00:00,56.736,57.867,56.42,57.578,16125,17,0,USOILm,0.0
2025-04-09 08:00:00,57.593,57.757,54.767,55.034,32041,17,0,USOILm,0.0
2025-04-09 12:00:00,55.029,57.639,55.022,56.821,44948,17,0,USOILm,0.0
2025-04-09 16:00:00,56.822,62.492,56.067,62.043,41617,17,0,USOILm,0.0
2025-04-09 20:00:00,62.053,62.756,61.878,62.452,2869,17,0,USOILm,0.0
2025-04-10 00:00:00,62.444,62.598,60.988,61.169,10831,17,0,USOILm,0.0
2025-04-10 04:00:00,61.174,61.786,60.181,60.276,12121,17,0,USOILm,0.0
2025-04-10 08:00:00,60.289,60.573,59.675,60.117,19739,17,0,USOILm,0.0
2025-04-10 12:00:00,60.101,60.398,58.36,59.193,34218,17,0,USOILm,0.0
2025-04-10 16:00:00,59.185,60.133,58.608,60.001,27633,17,0,USOILm,0.0
2025-04-10 20:00:00,60.002,60.033,59.375,59.405,1922,17,0,USOILm,0.0
2025-04-11 00:00:00,59.403,59.648,59.041,59.372,9908,17,0,USOILm,0.0
2025-04-11 04:00:00,59.377,60.679,59.286,60.436,10815,17,0,USOILm,0.0
2025-04-11 08:00:00,60.45,60.471,59.15,59.58,22889,17,0,USOILm,0.0
2025-04-11 12:00:00,59.574,60.157,59.113,60.13,30095,17,0,USOILm,0.0
2025-04-11 16:00:00,60.134,61.289,60.016,60.986,15348,17,0,USOILm,0.0
2025-04-11 20:00:00,60.981,61.052,60.933,60.992,608,17,0,USOILm,0.0
2025-04-14 00:00:00,60.791,61.155,60.627,60.761,6041,17,0,USOILm,0.0
2025-04-14 04:00:00,60.763,61.361,60.707,61.142,6432,17,0,USOILm,0.0
2025-04-14 08:00:00,61.141,62.126,60.925,61.781,9075,17,0,USOILm,0.0
2025-04-14 12:00:00,61.781,61.921,60.502,60.572,15062,17,0,USOILm,0.0
2025-04-14 16:00:00,60.578,61.245,60.149,61.153,11680,17,0,USOILm,0.0
2025-04-14 20:00:00,61.153,61.226,61.037,61.141,699,17,0,USOILm,0.0
2025-04-15 00:00:00,61.147,61.391,61.061,61.216,3146,17,0,USOILm,0.0
2025-04-15 04:00:00,61.217,61.583,61.113,61.372,4486,17,0,USOILm,0.0
2025-04-15 08:00:00,61.374,61.407,60.535,60.579,9860,17,0,USOILm,0.0
2025-04-15 12:00:00,60.571,61.349,60.41,60.525,17103,17,0,USOILm,0.0
2025-04-15 16:00:00,60.525,61.032,60.513,60.954,6854,17,0,USOILm,0.0
2025-04-15 20:00:00,60.954,60.978,60.719,60.877,968,17,0,USOILm,0.0
2025-04-16 00:00:00,60.873,60.948,60.513,60.529,3279,17,0,USOILm,0.0
2025-04-16 04:00:00,60.523,60.711,59.865,60.313,6582,17,0,USOILm,0.0
2025-04-16 08:00:00,60.313,61.587,60.228,61.309,12663,17,0,USOILm,0.0
2025-04-16 12:00:00,61.306,62.138,61.179,61.879,15431,17,0,USOILm,0.0
2025-04-16 16:00:00,61.88,62.278,61.519,62.059,10678,17,0,USOILm,0.0
2025-04-16 20:00:00,62.055,62.351,61.911,62.244,1393,17,0,USOILm,0.0
2025-04-17 00:00:00,62.243,62.492,61.942,62.484,4785,17,0,USOILm,0.0
2025-04-17 04:00:00,62.485,62.784,62.139,62.278,5216,17,0,USOILm,0.0
2025-04-17 08:00:00,62.293,62.702,62.151,62.559,8251,17,0,USOILm,0.0
2025-04-17 12:00:00,62.563,63.711,62.402,63.641,15526,17,0,USOILm,0.0
2025-04-17 16:00:00,63.65,64.142,63.507,63.593,11381,17,0,USOILm,0.0
2025-04-17 20:00:00,63.592,63.687,63.565,63.634,548,17,0,USOILm,0.0
2025-04-21 00:00:00,63.067,63.341,62.625,62.964,4960,17,0,USOILm,0.0
2025-04-21 04:00:00,62.961,63.12,62.723,62.797,3374,17,0,USOILm,0.0
2025-04-21 08:00:00,62.799,62.95,62.005,62.408,6896,17,0,USOILm,0.0
2025-04-21 12:00:00,62.405,62.497,61.681,61.973,14563,17,0,USOILm,0.0
2025-04-21 16:00:00,61.975,62.793,61.883,62.767,7569,17,0,USOILm,0.0
2025-04-21 20:00:00,62.769,62.877,62.577,62.877,733,17,0,USOILm,0.0
2025-04-22 00:00:00,62.873,63.127,62.626,62.679,3813,17,0,USOILm,0.0
2025-04-22 04:00:00,62.683,63.261,62.635,63.232,4102,17,0,USOILm,0.0
2025-04-22 08:00:00,63.233,63.44,62.97,63.181,7132,17,0,USOILm,0.0
2025-04-22 12:00:00,63.176,64.08,62.801,64.056,14052,17,0,USOILm,0.0
2025-04-22 16:00:00,64.057,64.229,63.3,63.395,11612,17,0,USOILm,0.0
2025-04-22 20:00:00,63.394,64.312,63.315,64.087,1956,17,0,USOILm,0.0
2025-04-23 00:00:00,64.088,64.232,63.757,64.038,5298,17,0,USOILm,0.0
2025-04-23 04:00:00,64.035,64.667,64.0,64.45,5150,17,0,USOILm,0.0
2025-04-23 08:00:00,64.451,64.708,63.505,63.505,9075,17,0,USOILm,0.0
2025-04-23 12:00:00,63.506,63.771,61.37,61.694,30560,17,0,USOILm,0.0
2025-04-23 16:00:00,61.695,62.455,61.525,62.155,12127,17,0,USOILm,0.0
2025-04-23 20:00:00,62.159,62.239,62.003,62.112,928,17,0,USOILm,0.0
2025-04-24 00:00:00,62.115,62.362,61.926,62.17,3352,17,0,USOILm,0.0
2025-04-24 04:00:00,62.165,62.821,61.997,62.699,4343,17,0,USOILm,0.0
2025-04-24 08:00:00,62.708,63.089,62.121,62.917,8654,17,0,USOILm,0.0
2025-04-24 12:00:00,62.918,63.12,61.811,62.144,18010,17,0,USOILm,0.0
2025-04-24 16:00:00,62.148,62.794,61.992,62.523,8384,17,0,USOILm,0.0
2025-04-24 20:00:00,62.522,62.665,62.519,62.628,747,17,0,USOILm,0.0
2025-04-25 00:00:00,62.628,63.027,62.585,62.941,3860,17,0,USOILm,0.0
2025-04-25 04:00:00,62.943,63.136,62.557,62.648,5590,17,0,USOILm,0.0
2025-04-25 08:00:00,62.667,62.781,61.607,61.817,12223,17,0,USOILm,0.0
2025-04-25 12:00:00,61.816,62.74,61.623,62.711,13920,17,0,USOILm,0.0
2025-04-25 16:00:00,62.711,63.114,62.529,62.965,9174,17,0,USOILm,0.0
2025-04-25 20:00:00,62.957,63.163,62.896,62.943,601,17,0,USOILm,0.0
2025-04-28 00:00:00,62.85,63.119,62.626,62.915,5404,17,0,USOILm,0.0
2025-04-28 04:00:00,62.917,63.26,62.824,62.864,5266,17,0,USOILm,0.0
2025-04-28 08:00:00,62.871,62.954,62.316,62.616,7617,17,0,USOILm,0.0
2025-04-28 12:00:00,62.621,62.926,61.438,61.58,18306,17,0,USOILm,0.0
2025-04-28 16:00:00,61.579,61.857,61.237,61.747,8291,17,0,USOILm,0.0
2025-04-28 20:00:00,61.75,61.783,61.582,61.728,858,17,0,USOILm,0.0
2025-04-29 00:00:00,61.729,61.793,61.287,61.392,5231,17,0,USOILm,0.0
2025-04-29 04:00:00,61.392,61.403,60.809,60.909,5896,17,0,USOILm,0.0
2025-04-29 08:00:00,60.917,61.35,60.525,60.798,11162,17,0,USOILm,0.0
2025-04-29 12:00:00,60.797,60.958,60.178,60.386,17219,17,0,USOILm,0.0
2025-04-29 16:00:00,60.391,60.51,60.0,60.037,9547,17,0,USOILm,0.0
2025-04-29 20:00:00,60.036,60.057,59.898,60.01,1007,17,0,USOILm,0.0
2025-04-30 00:00:00,60.012,60.158,59.429,59.46,4877,17,0,USOILm,0.0
2025-04-30 04:00:00,59.464,59.537,59.066,59.214,6271,17,0,USOILm,0.0
2025-04-30 08:00:00,59.227,59.808,58.945,59.671,9741,17,0,USOILm,0.0
2025-04-30 12:00:00,59.671,59.848,57.735,57.892,23207,17,0,USOILm,0.0
2025-04-30 16:00:00,57.897,58.786,57.665,57.889,16169,17,0,USOILm,0.0
2025-04-30 20:00:00,57.897,58.16,57.876,58.06,1903,17,0,USOILm,0.0
2025-05-01 00:00:00,58.061,58.13,57.727,57.764,3829,17,0,USOILm,0.0
2025-05-01 04:00:00,57.767,57.979,57.191,57.238,4927,17,0,USOILm,0.0
2025-05-01 08:00:00,57.232,57.436,56.116,56.811,11724,17,0,USOILm,0.0
2025-05-01 12:00:00,56.811,58.719,56.657,57.86,22443,17,0,USOILm,0.0
2025-05-01 16:00:00,57.865,59.189,57.462,58.774,15444,17,0,USOILm,0.0
2025-05-01 20:00:00,58.77,58.833,58.426,58.611,1259,17,0,USOILm,0.0
2025-05-02 00:00:00,58.61,59.538,58.606,59.419,4701,17,0,USOILm,0.0
2025-05-02 04:00:00,59.421,59.446,58.859,58.868,5386,17,0,USOILm,0.0
2025-05-02 08:00:00,58.88,59.153,58.249,58.356,10052,17,0,USOILm,0.0
2025-05-02 12:00:00,58.355,59.007,57.444,58.129,20959,17,0,USOILm,0.0
2025-05-02 16:00:00,58.129,58.697,57.478,58.275,11768,17,0,USOILm,0.0
2025-05-02 20:00:00,58.268,58.36,58.208,58.212,582,17,0,USOILm,0.0
2025-05-05 00:00:00,55.681,56.124,55.55,55.814,4484,17,0,USOILm,0.0
2025-05-05 04:00:00,55.818,56.858,55.66,56.635,5558,17,0,USOILm,0.0
2025-05-05 08:00:00,56.635,57.437,56.552,57.086,9645,17,0,USOILm,0.0
2025-05-05 12:00:00,57.089,57.379,56.224,56.628,15516,17,0,USOILm,0.0
2025-05-05 16:00:00,56.624,57.05,56.62,56.785,8673,17,0,USOILm,0.0
2025-05-05 20:00:00,56.785,56.983,56.746,56.905,859,17,0,USOILm,0.0
2025-05-06 00:00:00,56.9,57.869,56.784,57.774,8478,17,0,USOILm,0.0
2025-05-06 04:00:00,57.776,58.251,57.659,58.1,5349,17,0,USOILm,0.0
2025-05-06 08:00:00,58.104,58.566,57.889,58.181,10282,17,0,USOILm,0.0
2025-05-06 12:00:00,58.182,59.378,58.094,59.28,14155,17,0,USOILm,0.0
2025-05-06 16:00:00,59.267,59.519,58.655,58.818,9071,17,0,USOILm,0.0
2025-05-06 20:00:00,58.821,59.355,58.579,59.233,1805,17,0,USOILm,0.0
2025-05-07 00:00:00,59.225,59.413,59.094,59.261,5757,17,0,USOILm,0.0
2025-05-07 04:00:00,59.259,59.843,59.243,59.721,4784,17,0,USOILm,0.0
2025-05-07 08:00:00,59.719,59.911,58.963,59.382,8665,17,0,USOILm,0.0
2025-05-07 12:00:00,59.387,59.402,58.029,58.154,14749,17,0,USOILm,0.0
2025-05-07 16:00:00,58.153,58.272,57.546,57.817,9246,17,0,USOILm,0.0
2025-05-07 20:00:00,57.808,57.824,57.583,57.792,917,17,0,USOILm,0.0
2025-05-08 00:00:00,57.79,58.322,57.699,58.289,4183,17,0,USOILm,0.0
2025-05-08 04:00:00,58.287,58.365,57.85,58.116,5540,17,0,USOILm,0.0
2025-05-08 08:00:00,58.116,58.909,58.04,58.839,7788,17,0,USOILm,0.0
2025-05-08 12:00:00,58.838,59.706,58.484,59.643,15150,17,0,USOILm,0.0
2025-05-08 16:00:00,59.639,59.756,59.31,59.692,6637,17,0,USOILm,0.0
2025-05-08 20:00:00,59.691,59.913,59.686,59.796,882,17,0,USOILm,0.0
2025-05-09 00:00:00,59.794,59.866,59.557,59.756,3908,17,0,USOILm,0.0
2025-05-09 04:00:00,59.754,60.391,59.733,60.271,5120,17,0,USOILm,0.0
2025-05-09 08:00:00,60.272,61.064,60.229,60.868,6907,17,0,USOILm,0.0
2025-05-09 12:00:00,60.873,60.899,59.878,60.31,12199,17,0,USOILm,0.0
2025-05-09 16:00:00,60.313,60.74,60.135,60.577,6039,17,0,USOILm,0.0
2025-05-09 20:00:00,60.574,60.711,60.556,60.711,299,17,0,USOILm,0.0
2025-05-12 00:00:00,60.947,61.045,60.615,60.988,4805,17,0,USOILm,0.0
2025-05-12 04:00:00,60.989,62.978,60.926,62.327,9327,17,0,USOILm,0.0
2025-05-12 08:00:00,62.33,63.186,61.845,63.008,10632,17,0,USOILm,0.0
2025-05-12 12:00:00,63.0,63.111,61.852,61.885,13453,17,0,USOILm,0.0
2025-05-12 16:00:00,61.882,62.013,61.309,61.459,6228,17,0,USOILm,0.0
2025-05-12 20:00:00,61.457,61.753,61.456,61.558,854,17,0,USOILm,0.0
2025-05-13 00:00:00,61.561,61.577,61.258,61.375,3210,17,0,USOILm,0.0
2025-05-13 04:00:00,61.373,61.762,61.325,61.564,4418,17,0,USOILm,0.0
2025-05-13 08:00:00,61.591,62.349,61.371,62.301,7483,17,0,USOILm,0.0
2025-05-13 12:00:00,62.296,63.269,62.119,63.265,11702,17,0,USOILm,0.0
2025-05-13 16:00:00,63.262,63.474,63.189,63.219,6544,17,0,USOILm,0.0
2025-05-13 20:00:00,63.219,63.328,63.128,63.235,877,17,0,USOILm,0.0
2025-05-14 00:00:00,63.233,63.237,62.771,62.879,3085,17,0,USOILm,0.0
2025-05-14 04:00:00,62.879,63.22,62.801,63.085,4029,17,0,USOILm,0.0
2025-05-14 08:00:00,63.084,63.129,62.356,62.596,6586,17,0,USOILm,0.0
2025-05-14 12:00:00,62.592,63.132,62.425,62.737,11224,17,0,USOILm,0.0
2025-05-14 16:00:00,62.737,63.064,62.37,62.384,5837,17,0,USOILm,0.0
2025-05-14 20:00:00,62.382,62.499,61.433,61.742,2033,17,0,USOILm,0.0
2025-05-15 00:00:00,61.745,61.924,60.939,61.325,5942,17,0,USOILm,0.0
2025-05-15 04:00:00,61.332,61.363,60.346,60.794,8411,17,0,USOILm,0.0
2025-05-15 08:00:00,60.797,60.946,60.07,60.73,9901,17,0,USOILm,0.0
2025-05-15 12:00:00,60.733,61.529,60.553,61.153,16731,17,0,USOILm,0.0
2025-05-15 16:00:00,61.147,61.366,61.024,61.318,6277,17,0,USOILm,0.0
2025-05-15 20:00:00,61.324,61.326,61.174,61.308,665,17,0,USOILm,0.0
2025-05-16 00:00:00,61.31,61.334,61.027,61.227,4548,17,0,USOILm,0.0
2025-05-16 04:00:00,61.225,61.818,60.745,61.172,6306,17,0,USOILm,0.0
2025-05-16 08:00:00,61.174,61.47,60.773,61.274,8772,17,0,USOILm,0.0
2025-05-16 12:00:00,61.274,62.023,61.094,61.99,10541,17,0,USOILm,0.0
2025-05-16 16:00:00,61.992,62.14,61.689,61.774,5798,17,0,USOILm,0.0
2025-05-16 20:00:00,61.773,61.852,61.728,61.789,441,17,0,USOILm,0.0
2025-05-19 00:00:00,62.019,62.026,61.607,61.643,4289,17,0,USOILm,0.0
2025-05-19 04:00:00,61.648,61.751,61.272,61.583,5001,17,0,USOILm,0.0
2025-05-19 08:00:00,61.583,61.689,60.936,61.329,7541,17,0,USOILm,0.0
2025-05-19 12:00:00,61.333,62.439,61.308,62.428,11576,17,0,USOILm,0.0
2025-05-19 16:00:00,62.426,62.626,61.515,62.07,10082,17,0,USOILm,0.0
2025-05-19 20:00:00,62.069,62.135,62.012,62.11,530,17,0,USOILm,0.0
2025-05-20 00:00:00,62.112,62.235,61.921,62.061,3919,17,0,USOILm,0.0
2025-05-20 04:00:00,62.062,62.115,61.503,61.558,4604,17,0,USOILm,0.0
2025-05-20 08:00:00,61.572,62.519,61.558,61.727,10032,17,0,USOILm,0.0
2025-05-20 12:00:00,61.73,62.185,61.391,61.601,10857,17,0,USOILm,0.0
2025-05-20 16:00:00,61.594,62.323,61.509,62.216,6698,17,0,USOILm,0.0
2025-05-20 20:00:00,62.216,64.017,62.058,62.863,3679,17,0,USOILm,0.0
2025-05-21 00:00:00,62.85,63.117,62.61,62.882,6858,17,0,USOILm,0.0
2025-05-21 04:00:00,62.884,63.145,62.501,62.781,5654,17,0,USOILm,0.0
2025-05-21 08:00:00,62.8,63.0,62.315,62.481,8551,17,0,USOILm,0.0
2025-05-21 12:00:00,62.473,62.89,61.519,61.64,12756,17,0,USOILm,0.0
2025-05-21 16:00:00,61.635,61.993,61.151,61.219,10870,17,0,USOILm,0.0
2025-05-21 20:00:00,61.223,61.273,61.069,61.208,897,17,0,USOILm,0.0
2025-05-22 00:00:00,61.209,61.497,61.009,61.395,4381,17,0,USOILm,0.0
2025-05-22 04:00:00,61.397,61.605,60.245,60.829,7917,17,0,USOILm,0.0
2025-05-22 08:00:00,60.837,61.025,60.11,60.33,10205,17,0,USOILm,0.0
2025-05-22 12:00:00,60.332,61.006,60.257,60.531,13876,17,0,USOILm,0.0
2025-05-22 16:00:00,60.531,61.144,60.531,60.756,6559,17,0,USOILm,0.0
2025-05-22 20:00:00,60.755,60.766,60.563,60.622,787,17,0,USOILm,0.0
2025-05-23 00:00:00,60.617,60.795,60.489,60.619,3456,17,0,USOILm,0.0
2025-05-23 04:00:00,60.618,60.78,60.389,60.591,4911,17,0,USOILm,0.0
2025-05-23 08:00:00,60.589,61.222,60.046,60.274,10742,17,0,USOILm,0.0
2025-05-23 12:00:00,60.288,61.68,59.872,61.434,18832,17,0,USOILm,0.0
2025-05-23 16:00:00,61.43,61.577,61.078,61.453,7327,17,0,USOILm,0.0
2025-05-23 20:00:00,61.448,61.554,61.368,61.535,369,17,0,USOILm,0.0
2025-05-26 00:00:00,61.734,61.842,61.326,61.499,3492,17,0,USOILm,0.0
2025-05-26 04:00:00,61.5,61.667,61.366,61.628,3360,17,0,USOILm,0.0
2025-05-26 08:00:00,61.632,61.831,61.115,61.259,4510,17,0,USOILm,0.0
2025-05-26 12:00:00,61.258,61.463,61.065,61.446,5229,17,0,USOILm,0.0
2025-05-26 16:00:00,61.448,61.462,61.266,61.339,1163,17,0,USOILm,0.0
2025-05-26 20:00:00,61.292,61.314,61.182,61.262,240,17,0,USOILm,0.0
2025-05-27 00:00:00,61.259,61.524,60.993,61.111,2676,17,0,USOILm,0.0
2025-05-27 04:00:00,61.109,61.488,60.865,61.015,4177,17,0,USOILm,0.0
2025-05-27 08:00:00,61.025,61.67,60.955,60.979,7069,17,0,USOILm,0.0
2025-05-27 12:00:00,60.976,61.357,60.076,60.261,14711,17,0,USOILm,0.0
2025-05-27 16:00:00,60.26,60.795,60.26,60.789,5890,17,0,USOILm,0.0
2025-05-27 20:00:00,60.792,61.02,60.792,60.995,766,17,0,USOILm,0.0
2025-05-28 00:00:00,60.995,61.196,60.874,60.925,3202,17,0,USOILm,0.0
2025-05-28 04:00:00,60.926,61.158,60.625,61.119,4190,17,0,USOILm,0.0
2025-05-28 08:00:00,61.128,61.373,60.683,61.189,6593,17,0,USOILm,0.0
2025-05-28 12:00:00,61.19,62.277,61.163,62.081,10902,17,0,USOILm,0.0
2025-05-28 16:00:00,62.082,62.126,61.238,61.319,7703,17,0,USOILm,0.0
2025-05-28 20:00:00,61.325,62.162,61.294,61.94,1988,17,0,USOILm,0.0
2025-05-29 00:00:00,61.942,62.42,61.867,62.351,5771,17,0,USOILm,0.0
2025-05-29 04:00:00,62.35,62.773,62.285,62.708,4426,17,0,USOILm,0.0
2025-05-29 08:00:00,62.707,62.741,61.605,61.737,7484,17,0,USOILm,0.0
2025-05-29 12:00:00,61.738,61.834,60.256,60.774,14175,17,0,USOILm,0.0
2025-05-29 16:00:00,60.787,60.966,60.49,60.581,6830,17,0,USOILm,0.0
2025-05-29 20:00:00,60.577,60.641,60.447,60.484,724,17,0,USOILm,0.0
2025-05-30 00:00:00,60.483,60.603,60.14,60.298,4294,17,0,USOILm,0.0
2025-05-30 04:00:00,60.3,60.788,60.216,60.687,4652,17,0,USOILm,0.0
2025-05-30 08:00:00,60.687,61.334,60.362,60.586,7034,17,0,USOILm,0.0
2025-05-30 12:00:00,60.573,60.665,59.61,59.799,20105,17,0,USOILm,0.0
2025-05-30 16:00:00,59.8,60.48,59.365,60.339,11145,17,0,USOILm,0.0
2025-05-30 20:00:00,60.335,60.426,60.259,60.29,690,17,0,USOILm,0.0
2025-06-02 00:00:00,61.431,62.07,61.353,61.817,3270,17,0,USOILm,0.0
2025-06-02 04:00:00,61.821,62.056,61.68,61.847,5226,17,0,USOILm,0.0
2025-06-02 08:00:00,61.848,62.805,61.837,62.714,8598,17,0,USOILm,0.0
2025-06-02 12:00:00,62.718,63.242,61.908,62.323,15853,17,0,USOILm,0.0
2025-06-02 16:00:00,62.325,62.662,61.685,62.488,8759,17,0,USOILm,0.0
2025-06-02 20:00:00,62.483,62.65,62.428,62.493,1192,17,0,USOILm,0.0
2025-06-03 00:00:00,62.492,62.657,62.236,62.26,5826,17,0,USOILm,0.0
2025-06-03 04:00:00,62.261,62.588,62.059,62.453,4441,17,0,USOILm,0.0
2025-06-03 08:00:00,62.454,62.517,61.851,62.472,7464,17,0,USOILm,0.0
2025-06-03 12:00:00,62.479,63.267,62.284,63.087,12155,17,0,USOILm,0.0
2025-06-03 16:00:00,63.086,63.21,62.692,62.809,6466,17,0,USOILm,0.0
2025-06-03 20:00:00,62.808,62.909,62.593,62.663,965,17,0,USOILm,0.0
2025-06-04 00:00:00,62.67,62.801,62.561,62.604,3198,17,0,USOILm,0.0
2025-06-04 04:00:00,62.599,62.859,62.494,62.814,3475,17,0,USOILm,0.0
2025-06-04 08:00:00,62.815,63.147,62.497,62.865,5873,17,0,USOILm,0.0
2025-06-04 12:00:00,62.859,63.309,61.587,62.025,19028,17,0,USOILm,0.0
2025-06-04 16:00:00,62.022,62.458,61.882,62.22,7452,17,0,USOILm,0.0
2025-06-04 20:00:00,62.219,62.219,61.967,62.02,855,17,0,USOILm,0.0
2025-06-05 00:00:00,62.021,62.188,61.914,61.976,2550,17,0,USOILm,0.0
2025-06-05 04:00:00,61.974,62.533,61.892,62.408,3170,17,0,USOILm,0.0
2025-06-05 08:00:00,62.409,62.604,62.206,62.436,6013,17,0,USOILm,0.0
2025-06-05 12:00:00,62.439,63.303,62.424,62.893,12102,17,0,USOILm,0.0
2025-06-05 16:00:00,62.895,62.918,62.612,62.735,6001,17,0,USOILm,0.0
2025-06-05 20:00:00,62.73,62.789,62.466,62.573,875,17,0,USOILm,0.0
2025-06-06 00:00:00,62.577,62.661,62.46,62.558,2577,17,0,USOILm,0.0
2025-06-06 04:00:00,62.557,62.671,62.184,62.323,3750,17,0,USOILm,0.0
2025-06-06 08:00:00,62.342,62.812,62.285,62.639,5768,17,0,USOILm,0.0
2025-06-06 12:00:00,62.636,64.011,62.543,63.955,13259,17,0,USOILm,0.0
2025-06-06 16:00:00,63.954,64.073,63.675,63.943,5485,17,0,USOILm,0.0
2025-06-06 20:00:00,63.946,64.064,63.928,64.039,315,17,0,USOILm,0.0
2025-06-09 00:00:00,63.887,63.913,63.732,63.825,3200,17,0,USOILm,0.0
2025-06-09 04:00:00,63.828,63.865,63.476,63.706,3334,17,0,USOILm,0.0
2025-06-09 08:00:00,63.708,64.298,63.609,64.208,5828,17,0,USOILm,0.0
2025-06-09 12:00:00,64.203,64.467,63.641,64.256,9786,17,0,USOILm,0.0
2025-06-09 16:00:00,64.257,64.592,63.962,64.461,5731,17,0,USOILm,0.0
2025-06-09 20:00:00,64.459,64.582,64.418,64.49,740,17,0,USOILm,0.0
2025-06-10 00:00:00,64.491,64.779,64.449,64.542,3318,17,0,USOILm,0.0
2025-06-10 04:00:00,64.54,64.651,64.293,64.408,4770,17,0,USOILm,0.0
2025-06-10 08:00:00,64.411,64.838,64.35,64.813,6400,17,0,USOILm,0.0
2025-06-10 12:00:00,64.818,65.32,64.489,64.866,9793,17,0,USOILm,0.0
2025-06-10 16:00:00,64.867,64.978,63.701,64.01,7536,17,0,USOILm,0.0
2025-06-10 20:00:00,64.007,64.039,63.725,63.851,1180,17,0,USOILm,0.0
2025-06-11 00:00:00,63.855,64.018,63.675,64.006,3345,17,0,USOILm,0.0
2025-06-11 04:00:00,64.008,64.305,63.889,64.237,3452,17,0,USOILm,0.0
2025-06-11 08:00:00,64.254,65.158,63.747,65.149,9608,17,0,USOILm,0.0
2025-06-11 12:00:00,65.146,65.783,64.878,65.715,13643,17,0,USOILm,0.0
2025-06-11 16:00:00,65.71,67.266,65.551,66.79,12408,17,0,USOILm,0.0
2025-06-11 20:00:00,66.795,67.815,66.714,67.368,2448,17,0,USOILm,0.0
2025-06-12 00:00:00,67.363,67.471,66.456,66.72,6968,26,0,USOILm,0.0
2025-06-12 04:00:00,66.719,66.783,66.147,66.257,4764,17,0,USOILm,0.0
2025-06-12 08:00:00,66.259,66.499,65.607,65.726,10828,17,0,USOILm,0.0
2025-06-12 12:00:00,65.726,67.146,65.67,67.08,17686,17,0,USOILm,0.0
2025-06-12 16:00:00,67.085,67.198,66.472,66.934,10734,17,0,USOILm,0.0
2025-06-12 20:00:00,66.928,68.128,66.903,67.953,1901,17,0,USOILm,0.0
2025-06-13 00:00:00,67.974,74.74,67.658,72.217,46177,26,0,USOILm,0.0
2025-06-13 04:00:00,72.207,73.223,69.446,70.348,24539,26,0,USOILm,0.0
2025-06-13 08:00:00,70.348,72.679,70.34,71.504,24682,17,0,USOILm,0.0
2025-06-13 12:00:00,71.51,72.233,70.067,70.621,26663,17,0,USOILm,0.0
2025-06-13 16:00:00,70.63,72.293,70.131,71.456,20885,17,0,USOILm,0.0
2025-06-13 20:00:00,71.456,72.01,71.447,71.86,2144,17,0,USOILm,0.0
2025-06-16 00:00:00,72.697,72.744,71.332,71.957,12202,26,0,USOILm,0.0
2025-06-16 04:00:00,71.956,72.213,71.003,71.122,9680,26,0,USOILm,0.0
2025-06-16 08:00:00,71.121,71.302,70.276,70.352,12822,17,0,USOILm,0.0
2025-06-16 12:00:00,70.353,70.821,67.827,69.705,32397,17,0,USOILm,0.0
2025-06-16 16:00:00,69.7,70.4,69.369,69.9,15208,17,0,USOILm,0.0
2025-06-16 20:00:00,69.904,72.018,69.463,71.645,5084,17,0,USOILm,0.0
2025-06-17 00:00:00,71.633,71.887,70.094,70.512,17403,26,0,USOILm,0.0
2025-06-17 04:00:00,70.504,71.434,69.597,71.075,9762,17,0,USOILm,0.0
2025-06-17 08:00:00,71.07,71.802,70.602,71.655,12717,17,0,USOILm,0.0
2025-06-17 12:00:00,71.652,72.475,70.844,71.939,23835,17,0,USOILm,0.0
2025-06-17 16:00:00,71.934,73.624,71.689,73.153,19559,17,0,USOILm,0.0
2025-06-17 20:00:00,73.166,73.845,73.05,73.435,3315,17,0,USOILm,0.0
2025-06-18 00:00:00,73.436,73.591,72.859,73.37,7377,17,0,USOILm,0.0
2025-06-18 04:00:00,73.374,73.438,72.423,72.718,9503,26,0,USOILm,0.0
2025-06-18 08:00:00,72.748,73.484,71.956,73.218,14804,17,0,USOILm,0.0
2025-06-18 12:00:00,73.213,74.076,71.163,72.189,31152,17,0,USOILm,0.0
2025-06-18 16:00:00,72.182,73.794,71.702,73.005,18556,17,0,USOILm,0.0
2025-06-18 20:00:00,73.012,73.354,72.897,73.179,2374,17,0,USOILm,0.0
2025-06-19 00:00:00,73.186,73.611,72.452,73.219,6687,26,0,USOILm,0.0
2025-06-19 04:00:00,73.215,74.296,73.105,73.773,7546,18,0,USOILm,0.0
2025-06-19 08:00:00,73.774,74.388,73.275,74.348,12831,17,0,USOILm,0.0
2025-06-19 12:00:00,74.345,75.529,74.037,74.889,20418,17,0,USOILm,0.0
2025-06-19 16:00:00,74.891,75.445,74.658,75.049,5088,17,0,USOILm,0.0
2025-06-19 20:00:00,72.743,73.552,72.66,73.535,1535,26,0,USOILm,0.0
2025-06-20 00:00:00,73.542,74.018,73.158,73.412,7869,17,0,USOILm,0.0
2025-06-20 04:00:00,73.413,73.861,72.779,73.639,8654,17,0,USOILm,0.0
2025-06-20 08:00:00,73.651,74.007,72.06,72.943,15148,17,0,USOILm,0.0
2025-06-20 12:00:00,72.931,73.514,72.56,73.405,22301,17,0,USOILm,0.0
2025-06-20 16:00:00,73.403,73.882,72.867,73.662,14606,17,0,USOILm,0.0
2025-06-20 20:00:00,73.668,73.777,73.636,73.722,846,17,0,USOILm,0.0
2025-06-23 00:00:00,75.376,75.753,74.529,74.901,11647,17,0,USOILm,0.0
2025-06-23 04:00:00,74.903,74.997,73.564,73.773,10365,17,0,USOILm,0.0
2025-06-23 08:00:00,73.776,74.572,72.81,73.983,15578,17,0,USOILm,0.0
2025-06-23 12:00:00,73.984,74.125,72.265,73.419,26394,17,0,USOILm,0.0
2025-06-23 16:00:00,73.423,73.997,67.687,67.73,43977,17,0,USOILm,0.0
2025-06-23 20:00:00,67.737,67.792,64.11,65.568,9201,17,0,USOILm,0.0
2025-06-24 00:00:00,65.573,66.911,65.051,66.604,17424,17,0,USOILm,0.0
2025-06-24 04:00:00,66.599,66.655,64.394,66.132,17892,17,0,USOILm,0.0
2025-06-24 08:00:00,66.129,66.635,65.573,65.783,19355,17,0,USOILm,0.0
2025-06-24 12:00:00,65.774,66.129,64.201,64.259,27729,17,0,USOILm,0.0
2025-06-24 16:00:00,64.252,64.817,63.71,64.623,12602,17,0,USOILm,0.0
2025-06-24 20:00:00,64.627,64.928,64.582,64.778,1662,17,0,USOILm,0.0
2025-06-25 00:00:00,64.777,65.009,64.644,64.844,4342,17,0,USOILm,0.0
2025-06-25 04:00:00,64.847,65.282,64.708,65.148,5525,17,0,USOILm,0.0
2025-06-25 08:00:00,65.152,65.169,64.166,64.39,9750,17,0,USOILm,0.0
2025-06-25 12:00:00,64.417,65.265,64.148,65.137,17166,17,0,USOILm,0.0
2025-06-25 16:00:00,65.152,65.589,64.448,64.783,10561,17,0,USOILm,0.0
2025-06-25 20:00:00,64.778,64.796,64.532,64.557,1195,17,0,USOILm,0.0
2025-06-26 00:00:00,64.56,64.888,64.405,64.699,3782,17,0,USOILm,0.0
2025-06-26 04:00:00,64.697,65.075,64.469,64.631,4658,17,0,USOILm,0.0
2025-06-26 08:00:00,64.646,64.876,64.182,64.829,9192,17,0,USOILm,0.0
2025-06-26 12:00:00,64.83,65.901,64.458,65.37,15696,17,0,USOILm,0.0
2025-06-26 16:00:00,65.375,65.628,64.516,64.949,10796,16,0,USOILm,0.0
2025-06-26 20:00:00,64.954,65.054,64.755,64.844,1148,18,0,USOILm,0.0
2025-06-27 00:00:00,64.844,65.166,64.772,64.962,3469,18,0,USOILm,0.0
2025-06-27 04:00:00,64.963,65.294,64.952,65.055,5019,18,0,USOILm,0.0
2025-06-27 08:00:00,65.072,65.358,64.74,65.191,8276,18,0,USOILm,0.0
2025-06-27 12:00:00,65.191,65.487,64.226,64.659,15368,18,0,USOILm,0.0
2025-06-27 16:00:00,64.661,65.043,64.388,64.568,10495,18,0,USOILm,0.0
2025-06-27 20:00:00,64.572,64.642,64.505,64.566,574,18,0,USOILm,0.0
2025-06-30 00:00:00,64.209,64.671,63.9,64.544,4724,18,0,USOILm,0.0
2025-06-30 04:00:00,64.547,64.833,64.392,64.578,4378,18,0,USOILm,0.0
2025-06-30 08:00:00,64.582,65.191,64.531,64.753,8992,18,0,USOILm,0.0
2025-06-30 12:00:00,64.752,64.902,64.089,64.283,13138,18,0,USOILm,0.0
2025-06-30 16:00:00,64.287,64.621,64.221,64.452,7109,18,0,USOILm,0.0
2025-06-30 20:00:00,64.451,64.553,64.281,64.303,808,18,0,USOILm,0.0
2025-07-01 00:00:00,64.301,64.368,64.064,64.153,2459,18,0,USOILm,0.0
2025-07-01 04:00:00,64.154,64.663,64.099,64.516,4578,18,0,USOILm,0.0
2025-07-01 08:00:00,64.516,65.259,64.286,65.042,8536,18,0,USOILm,0.0
2025-07-01 12:00:00,65.043,65.301,64.494,65.055,13500,18,0,USOILm,0.0
2025-07-01 16:00:00,65.052,65.126,64.711,65.05,7011,18,0,USOILm,0.0
2025-07-01 20:00:00,65.051,65.112,64.723,64.726,978,18,0,USOILm,0.0
2025-07-02 00:00:00,64.723,64.881,64.661,64.764,2486,18,0,USOILm,0.0
2025-07-02 04:00:00,64.761,65.084,64.537,65.04,3853,18,0,USOILm,0.0
2025-07-02 08:00:00,65.046,65.721,64.74,65.614,7883,18,0,USOILm,0.0
2025-07-02 12:00:00,65.618,65.978,64.643,65.791,13383,18,0,USOILm,0.0
2025-07-02 16:00:00,65.8,66.802,65.6,66.455,9961,18,0,USOILm,0.0
2025-07-02 20:00:00,66.456,66.715,66.375,66.376,1020,18,0,USOILm,0.0
2025-07-03 00:00:00,66.374,66.512,65.935,66.147,3135,18,0,USOILm,0.0
2025-07-03 04:00:00,66.147,66.246,65.831,66.006,4289,18,0,USOILm,0.0
2025-07-03 08:00:00,66.005,66.689,65.844,66.56,8212,18,0,USOILm,0.0
2025-07-03 12:00:00,66.554,66.628,65.721,66.148,14310,18,0,USOILm,0.0
2025-07-03 16:00:00,66.147,66.427,65.937,66.377,6210,18,0,USOILm,0.0
2025-07-03 20:00:00,66.384,66.394,66.247,66.319,412,18,0,USOILm,0.0
2025-07-04 00:00:00,66.316,66.334,65.894,66.01,1695,18,0,USOILm,0.0
2025-07-04 04:00:00,66.015,66.263,65.864,66.183,2965,18,0,USOILm,0.0
2025-07-04 08:00:00,66.182,66.186,65.252,65.7,7363,18,0,USOILm,0.0
2025-07-04 12:00:00,65.698,65.83,65.407,65.611,8019,18,0,USOILm,0.0
2025-07-04 16:00:00,65.612,65.698,65.511,65.645,1012,18,0,USOILm,0.0
2025-07-07 00:00:00,65.063,65.262,64.698,65.134,4274,18,0,USOILm,0.0
2025-07-07 04:00:00,65.136,65.734,65.125,65.696,4483,18,0,USOILm,0.0
2025-07-07 08:00:00,65.7,66.26,65.309,66.058,9260,18,0,USOILm,0.0
2025-07-07 12:00:00,66.059,66.935,65.955,66.727,12887,18,0,USOILm,0.0
2025-07-07 16:00:00,66.726,67.401,66.376,67.07,10779,18,0,USOILm,0.0
2025-07-07 20:00:00,67.066,67.197,66.744,66.81,1065,18,0,USOILm,0.0
2025-07-08 00:00:00,66.809,66.861,66.433,66.662,2830,18,0,USOILm,0.0
2025-07-08 04:00:00,66.664,66.91,66.523,66.573,4421,18,0,USOILm,0.0
2025-07-08 08:00:00,66.572,66.959,66.404,66.878,7529,18,0,USOILm,0.0
2025-07-08 12:00:00,66.876,67.587,66.62,67.488,11169,18,0,USOILm,0.0
2025-07-08 16:00:00,67.492,67.967,67.354,67.403,6922,18,0,USOILm,0.0
2025-07-08 20:00:00,67.403,67.486,67.082,67.114,969,18,0,USOILm,0.0
2025-07-09 00:00:00,67.113,67.296,67.03,67.281,3009,18,0,USOILm,0.0
2025-07-09 04:00:00,67.279,67.7,67.092,67.668,3638,18,0,USOILm,0.0
2025-07-09 08:00:00,67.666,67.931,67.406,67.536,6998,18,0,USOILm,0.0
2025-07-09 12:00:00,67.534,67.693,66.75,67.67,13188,18,0,USOILm,0.0
2025-07-09 16:00:00,67.677,67.823,67.217,67.299,5864,18,0,USOILm,0.0
2025-07-09 20:00:00,67.294,67.334,67.098,67.138,603,18,0,USOILm,0.0
2025-07-10 00:00:00,67.143,67.334,67.005,67.277,2276,18,0,USOILm,0.0
2025-07-10 04:00:00,67.274,67.525,67.163,67.244,3825,18,0,USOILm,0.0
2025-07-10 08:00:00,67.268,67.613,66.447,66.625,9165,18,0,USOILm,0.0
2025-07-10 12:00:00,66.62,66.898,65.632,65.728,15775,18,0,USOILm,0.0
2025-07-10 16:00:00,65.728,66.063,65.533,65.95,6747,18,0,USOILm,0.0
2025-07-10 20:00:00,65.951,65.953,65.747,65.785,661,18,0,USOILm,0.0
2025-07-11 00:00:00,65.79,66.091,65.605,65.837,3224,18,0,USOILm,0.0
2025-07-11 04:00:00,65.838,66.164,65.651,65.813,4393,18,0,USOILm,0.0
2025-07-11 08:00:00,65.8,66.492,65.52,66.434,8530,18,0,USOILm,0.0
2025-07-11 12:00:00,66.429,67.479,66.148,67.429,11874,18,0,USOILm,0.0
2025-07-11 16:00:00,67.43,67.542,67.143,67.508,6103,18,0,USOILm,0.0
2025-07-11 20:00:00,67.511,67.626,67.411,67.555,589,18,0,USOILm,0.0
2025-07-14 00:00:00,67.359,67.445,67.202,67.366,2851,18,0,USOILm,0.0
2025-07-14 04:00:00,67.368,68.119,67.205,67.961,4522,18,0,USOILm,0.0
2025-07-14 08:00:00,67.966,68.352,67.61,68.251,7792,18,0,USOILm,0.0
2025-07-14 12:00:00,68.252,68.361,66.146,66.235,17064,18,0,USOILm,0.0
2025-07-14 16:00:00,66.234,66.409,65.847,65.958,7660,18,0,USOILm,0.0
2025-07-14 20:00:00,65.952,65.971,65.859,65.885,720,18,0,USOILm,0.0
2025-07-15 00:00:00,65.881,65.886,65.519,65.585,2789,18,0,USOILm,0.0
2025-07-15 04:00:00,65.589,65.85,65.294,65.423,4609,18,0,USOILm,0.0
2025-07-15 08:00:00,65.434,66.059,65.339,65.949,8446,18,0,USOILm,0.0
2025-07-15 12:00:00,65.95,66.139,65.428,65.594,15227,18,0,USOILm,0.0
2025-07-15 16:00:00,65.598,65.747,65.305,65.622,7039,18,0,USOILm,0.0
2025-07-15 20:00:00,65.617,65.742,65.563,65.717,901,18,0,USOILm,0.0
2025-07-16 00:00:00,65.717,65.833,65.576,65.604,2045,18,0,USOILm,0.0
2025-07-16 04:00:00,65.605,65.818,65.417,65.434,3293,18,0,USOILm,0.0
2025-07-16 08:00:00,65.432,65.436,64.683,64.687,6773,18,0,USOILm,0.0
2025-07-16 12:00:00,64.683,65.101,64.422,64.861,15712,18,0,USOILm,0.0
2025-07-16 16:00:00,64.857,65.604,64.759,65.496,9551,18,0,USOILm,0.0
2025-07-16 20:00:00,65.496,65.515,65.295,65.425,712,18,0,USOILm,0.0
2025-07-17 00:00:00,65.428,65.696,65.391,65.561,2319,18,0,USOILm,0.0
2025-07-17 04:00:00,65.557,65.557,65.027,65.084,3195,18,0,USOILm,0.0
2025-07-17 08:00:00,65.079,65.526,65.008,65.454,7393,18,0,USOILm,0.0
2025-07-17 12:00:00,65.458,65.922,65.111,65.797,13494,18,0,USOILm,0.0
2025-07-17 16:00:00,65.798,66.347,65.746,66.291,6577,18,0,USOILm,0.0
2025-07-17 20:00:00,66.289,66.312,66.153,66.168,583,18,0,USOILm,0.0
2025-07-18 00:00:00,66.169,66.337,66.053,66.117,2864,18,0,USOILm,0.0
2025-07-18 04:00:00,66.115,66.915,66.095,66.422,6525,18,0,USOILm,0.0
2025-07-18 08:00:00,66.422,67.098,66.291,67.09,9368,18,0,USOILm,0.0
2025-07-18 12:00:00,67.095,67.471,65.924,66.37,18417,18,0,USOILm,0.0
2025-07-18 16:00:00,66.368,66.368,65.869,66.005,6955,18,0,USOILm,0.0
2025-07-18 20:00:00,66.01,66.084,65.983,66.018,414,18,0,USOILm,0.0
2025-07-21 00:00:00,66.071,66.19,65.945,66.095,3251,18,0,USOILm,0.0
2025-07-21 04:00:00,66.094,66.328,65.786,65.884,4555,18,0,USOILm,0.0
2025-07-21 08:00:00,65.9,66.12,65.491,65.906,8277,18,0,USOILm,0.0
2025-07-21 12:00:00,65.901,66.001,65.126,65.41,12569,18,0,USOILm,0.0
2025-07-21 16:00:00,65.414,65.933,65.414,65.649,5852,18,0,USOILm,0.0
2025-07-21 20:00:00,65.647,65.722,65.617,65.689,524,18,0,USOILm,0.0
2025-07-22 00:00:00,65.687,65.702,65.166,65.238,3385,18,0,USOILm,0.0
2025-07-22 04:00:00,65.237,65.579,65.044,65.062,4801,18,0,USOILm,0.0
2025-07-22 08:00:00,65.061,65.406,64.9,65.139,9359,18,0,USOILm,0.0
2025-07-22 12:00:00,65.144,65.648,64.727,64.882,14858,18,0,USOILm,0.0
2025-07-22 16:00:00,64.88,65.505,64.698,65.375,7198,18,0,USOILm,0.0
2025-07-22 20:00:00,65.375,65.516,65.311,65.454,1117,18,0,USOILm,0.0
2025-07-23 00:00:00,65.454,65.608,65.231,65.309,4715,18,0,USOILm,0.0
2025-07-23 04:00:00,65.307,65.469,65.016,65.074,4521,18,0,USOILm,0.0
2025-07-23 08:00:00,65.083,65.157,64.579,64.687,7747,18,0,USOILm,0.0
2025-07-23 12:00:00,64.688,65.103,64.579,64.954,12388,18,0,USOILm,0.0
2025-07-23 16:00:00,64.948,65.351,64.866,65.291,6860,18,0,USOILm,0.0
2025-07-23 20:00:00,65.292,65.327,65.183,65.255,680,18,0,USOILm,0.0
2025-07-24 00:00:00,65.256,65.394,65.174,65.35,3269,18,0,USOILm,0.0
2025-07-24 04:00:00,65.35,66.022,65.187,65.537,5552,18,0,USOILm,0.0
2025-07-24 08:00:00,65.56,66.103,65.453,65.588,8305,18,0,USOILm,0.0
2025-07-24 12:00:00,65.57,66.166,65.401,66.064,13342,18,0,USOILm,0.0
2025-07-24 16:00:00,66.056,66.101,65.123,65.965,9678,18,0,USOILm,0.0
2025-07-24 20:00:00,65.964,65.973,65.813,65.96,735,18,0,USOILm,0.0
2025-07-25 00:00:00,65.956,66.218,65.786,65.881,3599,18,0,USOILm,0.0
2025-07-25 04:00:00,65.887,66.425,65.869,66.061,4182,18,0,USOILm,0.0
2025-07-25 08:00:00,66.07,66.273,65.801,66.015,7172,18,0,USOILm,0.0
2025-07-25 12:00:00,66.017,66.288,64.992,65.046,12526,18,0,USOILm,0.0
2025-07-25 16:00:00,65.042,65.266,64.779,64.805,6155,18,0,USOILm,0.0
2025-07-25 20:00:00,64.805,64.842,64.765,64.792,352,18,0,USOILm,0.0
2025-07-28 00:00:00,65.009,65.272,64.982,65.074,2850,18,0,USOILm,0.0
2025-07-28 04:00:00,65.071,65.509,64.987,65.07,4040,18,0,USOILm,0.0
2025-07-28 08:00:00,65.073,65.956,65.02,65.921,6915,18,0,USOILm,0.0
2025-07-28 12:00:00,65.922,66.749,65.922,66.161,14737,18,0,USOILm,0.0
2025-07-28 16:00:00,66.165,66.853,66.089,66.813,5779,18,0,USOILm,0.0
2025-07-28 20:00:00,66.811,66.824,66.634,66.657,756,18,0,USOILm,0.0
2025-07-29 00:00:00,66.655,66.668,66.294,66.299,2628,18,0,USOILm,0.0
2025-07-29 04:00:00,66.302,66.567,66.228,66.315,3783,18,0,USOILm,0.0
2025-07-29 08:00:00,66.329,66.939,66.296,66.544,6663,18,0,USOILm,0.0
2025-07-29 12:00:00,66.542,67.437,66.486,67.365,10972,18,0,USOILm,0.0
2025-07-29 16:00:00,67.368,69.38,67.291,68.99,12974,18,0,USOILm,0.0
2025-07-29 20:00:00,68.989,69.162,68.758,68.779,1513,18,0,USOILm,0.0
2025-07-30 00:00:00,68.78,68.897,68.61,68.838,4948,18,0,USOILm,0.0
2025-07-30 04:00:00,68.84,69.347,68.607,69.281,4329,18,0,USOILm,0.0
2025-07-30 08:00:00,69.291,69.33,68.038,68.516,8746,18,0,USOILm,0.0
2025-07-30 12:00:00,68.531,69.773,68.519,69.696,15202,18,0,USOILm,0.0
2025-07-30 16:00:00,69.699,70.016,69.405,69.908,9498,18,0,USOILm,0.0
2025-07-30 20:00:00,69.9,69.908,69.669,69.833,1145,18,0,USOILm,0.0
2025-07-31 00:00:00,69.83,69.859,69.356,69.361,3501,18,0,USOILm,0.0
2025-07-31 04:00:00,69.366,69.687,69.246,69.589,4880,18,0,USOILm,0.0
2025-07-31 08:00:00,69.591,69.622,68.821,69.121,8354,18,0,USOILm,0.0
2025-07-31 12:00:00,69.122,69.349,68.069,68.207,12860,18,0,USOILm,0.0
2025-07-31 16:00:00,68.207,68.955,68.177,68.677,8536,18,0,USOILm,0.0
2025-07-31 20:00:00,68.674,68.951,68.63,68.804,1338,18,0,USOILm,0.0
2025-08-01 00:00:00,68.81,68.832,68.552,68.823,3774,18,0,USOILm,0.0
2025-08-01 04:00:00,68.821,68.968,68.368,68.636,5652,18,0,USOILm,0.0
2025-08-01 08:00:00,68.638,68.937,67.889,68.14,10187,18,0,USOILm,0.0
2025-08-01 12:00:00,68.135,68.914,66.626,66.852,23147,18,0,USOILm,0.0
2025-08-01 16:00:00,66.848,67.139,66.464,66.638,11212,18,0,USOILm,0.0
2025-08-01 20:00:00,66.642,66.757,66.521,66.564,573,18,0,USOILm,0.0
2025-08-04 00:00:00,66.31,66.607,66.181,66.543,4520,18,0,USOILm,0.0
2025-08-04 04:00:00,66.543,67.053,66.431,66.82,4393,18,0,USOILm,0.0
2025-08-04 08:00:00,66.811,66.849,65.385,65.41,10158,18,0,USOILm,0.0
2025-08-04 12:00:00,65.406,66.394,64.917,66.163,16479,18,0,USOILm,0.0
2025-08-04 16:00:00,66.166,66.23,65.374,65.527,6935,18,0,USOILm,0.0
2025-08-04 20:00:00,65.522,65.688,65.514,65.677,754,18,0,USOILm,0.0
2025-08-05 00:00:00,65.678,65.762,65.396,65.548,3002,18,0,USOILm,0.0
2025-08-05 04:00:00,65.55,65.752,65.164,65.38,4402,18,0,USOILm,0.0
2025-08-05 08:00:00,65.389,65.706,64.822,65.088,8339,18,0,USOILm,0.0
2025-08-05 12:00:00,65.091,65.189,64.554,64.765,14573,18,0,USOILm,0.0
2025-08-05 16:00:00,64.766,65.155,64.437,64.56,8849,18,0,USOILm,0.0
2025-08-05 20:00:00,64.557,64.64,64.463,64.624,837,18,0,USOILm,0.0
2025-08-06 00:00:00,64.62,64.937,64.608,64.919,2092,18,0,USOILm,0.0
2025-08-06 04:00:00,64.917,65.241,64.792,65.046,3436,18,0,USOILm,0.0
2025-08-06 08:00:00,65.044,65.665,64.993,65.506,6664,18,0,USOILm,0.0
2025-08-06 12:00:00,65.51,66.026,64.212,64.252,17107,18,0,USOILm,0.0
2025-08-06 16:00:00,64.248,64.985,63.017,63.446,15121,18,0,USOILm,0.0
2025-08-06 20:00:00,63.446,63.73,63.384,63.663,1324,18,0,USOILm,0.0
2025-08-07 00:00:00,63.667,64.361,63.629,64.329,3615,18,0,USOILm,0.0
2025-08-07 04:00:00,64.327,64.327,63.973,64.05,4807,18,0,USOILm,0.0
2025-08-07 08:00:00,64.061,64.42,63.465,63.93,10314,18,0,USOILm,0.0
2025-08-07 12:00:00,63.928,64.175,63.258,63.419,12788,18,0,USOILm,0.0
2025-08-07 16:00:00,63.419,63.852,63.098,63.138,6677,18,0,USOILm,0.0
2025-08-07 20:00:00,63.132,63.252,63.121,63.173,903,18,0,USOILm,0.0
2025-08-08 00:00:00,63.176,63.314,63.072,63.201,2828,18,0,USOILm,0.0
2025-08-08 04:00:00,63.199,63.323,62.587,63.255,4406,18,0,USOILm,0.0
2025-08-08 08:00:00,63.25,63.79,62.979,63.44,8177,18,0,USOILm,0.0
2025-08-08 12:00:00,63.443,63.893,62.176,63.554,19296,18,0,USOILm,0.0
2025-08-08 16:00:00,63.563,63.752,62.93,62.961,8967,18,0,USOILm,0.0
2025-08-08 20:00:00,62.966,62.982,62.737,62.773,1064,18,0,USOILm,0.0
2025-08-11 00:00:00,62.749,62.88,62.354,62.817,3880,18,0,USOILm,0.0
2025-08-11 04:00:00,62.818,62.98,62.407,62.441,5007,18,0,USOILm,0.0
2025-08-11 08:00:00,62.44,63.552,62.44,63.53,7459,18,0,USOILm,0.0
2025-08-11 12:00:00,63.53,63.695,62.942,63.088,12175,18,0,USOILm,0.0
2025-08-11 16:00:00,63.084,63.473,63.051,63.352,6644,18,0,USOILm,0.0
2025-08-11 20:00:00,63.357,63.415,63.266,63.37,729,18,0,USOILm,0.0
2025-08-12 00:00:00,63.369,63.494,63.158,63.393,2688,18,0,USOILm,0.0
2025-08-12 04:00:00,63.39,63.565,63.239,63.416,4061,18,0,USOILm,0.0
2025-08-12 08:00:00,63.421,63.595,62.781,62.825,7513,18,0,USOILm,0.0
2025-08-12 12:00:00,62.823,63.133,62.558,62.654,11373,18,0,USOILm,0.0
2025-08-12 16:00:00,62.654,62.801,62.441,62.551,6033,18,0,USOILm,0.0
2025-08-12 20:00:00,62.562,62.581,62.41,62.52,709,18,0,USOILm,0.0
2025-08-13 00:00:00,62.515,62.541,62.298,62.528,2413,18,0,USOILm,0.0
2025-08-13 04:00:00,62.529,62.659,62.204,62.309,3658,18,0,USOILm,0.0
2025-08-13 08:00:00,62.308,62.383,61.901,62.184,6555,18,0,USOILm,0.0
2025-08-13 12:00:00,62.18,62.627,61.342,61.404,12042,18,0,USOILm,0.0
2025-08-13 16:00:00,61.409,62.165,61.345,62.078,7283,18,0,USOILm,0.0
2025-08-13 20:00:00,62.086,62.151,62.031,62.101,612,18,0,USOILm,0.0
2025-08-14 00:00:00,62.1,62.278,62.053,62.156,2667,18,0,USOILm,0.0
2025-08-14 04:00:00,62.16,62.375,62.067,62.124,4014,18,0,USOILm,0.0
2025-08-14 08:00:00,62.128,62.335,61.868,62.215,6697,18,0,USOILm,0.0
2025-08-14 12:00:00,62.22,63.101,62.106,62.953,11499,18,0,USOILm,0.0
2025-08-14 16:00:00,62.958,63.205,62.696,63.155,6439,18,0,USOILm,0.0
2025-08-14 20:00:00,63.155,63.174,62.962,63.028,705,18,0,USOILm,0.0
2025-08-15 00:00:00,63.032,63.278,62.885,62.936,2634,18,0,USOILm,0.0
2025-08-15 04:00:00,62.936,63.0,62.548,62.614,3601,18,0,USOILm,0.0
2025-08-15 08:00:00,62.611,62.795,62.321,62.769,6089,18,0,USOILm,0.0
2025-08-15 12:00:00,62.766,62.785,62.031,62.307,11166,18,0,USOILm,0.0
2025-08-15 16:00:00,62.31,62.47,61.859,62.28,6705,18,0,USOILm,0.0
2025-08-15 20:00:00,62.276,62.34,62.25,62.291,518,18,0,USOILm,0.0
2025-08-18 00:00:00,61.713,62.053,61.662,62.023,4357,18,0,USOILm,0.0
2025-08-18 04:00:00,62.024,62.407,61.837,61.856,4799,18,0,USOILm,0.0
2025-08-18 08:00:00,61.858,62.523,61.809,62.265,7152,18,0,USOILm,0.0
2025-08-18 12:00:00,62.266,62.326,61.421,62.279,12302,18,0,USOILm,0.0
2025-08-18 16:00:00,62.287,62.976,62.175,62.584,8854,18,0,USOILm,0.0
2025-08-18 20:00:00,62.581,62.653,62.405,62.576,805,18,0,USOILm,0.0
2025-08-19 00:00:00,62.581,62.596,62.243,62.274,2857,18,0,USOILm,0.0
2025-08-19 04:00:00,62.273,62.406,61.989,62.101,4354,18,0,USOILm,0.0
2025-08-19 08:00:00,62.113,62.248,61.779,62.115,7665,18,0,USOILm,0.0
2025-08-19 12:00:00,62.115,62.196,61.65,61.768,10033,18,0,USOILm,0.0
2025-08-19 16:00:00,61.767,61.975,61.602,61.846,5660,18,0,USOILm,0.0
2025-08-19 20:00:00,61.849,62.068,61.82,62.04,764,18,0,USOILm,0.0
2025-08-20 00:00:00,62.039,62.125,61.762,61.816,2651,18,0,USOILm,0.0
2025-08-20 04:00:00,61.815,62.481,61.8,62.388,3777,18,0,USOILm,0.0
2025-08-20 08:00:00,62.397,62.647,62.074,62.537,6195,18,0,USOILm,0.0
2025-08-20 12:00:00,62.538,62.825,62.047,62.795,11960,18,0,USOILm,0.0
2025-08-20 16:00:00,62.798,62.94,62.486,62.831,6676,18,0,USOILm,0.0
2025-08-20 20:00:00,62.832,62.901,62.782,62.791,486,18,0,USOILm,0.0
2025-08-21 00:00:00,62.792,63.104,62.696,62.931,2628,18,0,USOILm,0.0
2025-08-21 04:00:00,62.929,63.31,62.868,63.102,3621,18,0,USOILm,0.0
2025-08-21 08:00:00,63.1,63.386,62.91,63.025,5808,18,0,USOILm,0.0
2025-08-21 12:00:00,63.022,63.265,62.458,63.147,11381,18,0,USOILm,0.0
2025-08-21 16:00:00,63.148,63.588,63.032,63.346,6317,18,0,USOILm,0.0
2025-08-21 20:00:00,63.345,63.4,63.31,63.386,483,18,0,USOILm,0.0
2025-08-22 00:00:00,63.385,63.436,63.218,63.316,2426,18,0,USOILm,0.0
2025-08-22 04:00:00,63.317,63.704,63.286,63.509,3586,18,0,USOILm,0.0
2025-08-22 08:00:00,63.506,63.754,63.196,63.557,5594,18,0,USOILm,0.0
2025-08-22 12:00:00,63.557,63.808,63.289,63.527,10894,18,0,USOILm,0.0
2025-08-22 16:00:00,63.521,63.741,63.319,63.705,6618,18,0,USOILm,0.0
2025-08-22 20:00:00,63.705,63.715,63.643,63.671,262,18,0,USOILm,0.0
2025-08-25 00:00:00,63.621,63.75,63.415,63.652,2411,18,0,USOILm,0.0
2025-08-25 04:00:00,63.653,63.788,63.492,63.647,2747,18,0,USOILm,0.0
2025-08-25 08:00:00,63.665,64.07,63.638,63.972,4635,18,0,USOILm,0.0
2025-08-25 12:00:00,63.962,64.838,63.833,64.793,7376,18,0,USOILm,0.0
2025-08-25 16:00:00,64.794,64.954,64.514,64.652,4815,18,0,USOILm,0.0
2025-08-25 20:00:00,64.648,64.671,64.532,64.553,506,18,0,USOILm,0.0
2025-08-26 00:00:00,64.554,64.567,64.222,64.342,2789,18,0,USOILm,0.0
2025-08-26 04:00:00,64.343,64.366,63.991,64.015,3347,18,0,USOILm,0.0
2025-08-26 08:00:00,64.015,64.166,63.43,63.491,5860,18,0,USOILm,0.0
2025-08-26 12:00:00,63.493,64.077,63.132,63.309,9637,18,0,USOILm,0.0
2025-08-26 16:00:00,63.311,63.368,63.001,63.156,5592,18,0,USOILm,0.0
2025-08-26 20:00:00,63.157,63.278,63.154,63.256,610,18,0,USOILm,0.0
2025-08-27 00:00:00,63.258,63.266,62.971,63.093,2526,18,0,USOILm,0.0
2025-08-27 04:00:00,63.089,63.151,62.811,63.009,3614,18,0,USOILm,0.0
2025-08-27 08:00:00,63.015,63.34,62.781,63.267,5918,18,0,USOILm,0.0
2025-08-27 12:00:00,63.271,63.829,63.157,63.639,9730,18,0,USOILm,0.0
2025-08-27 16:00:00,63.636,64.018,63.576,63.662,5469,18,0,USOILm,0.0
2025-08-27 20:00:00,63.663,63.665,63.539,63.584,716,18,0,USOILm,0.0
2025-08-28 00:00:00,63.585,63.612,63.393,63.417,2292,18,0,USOILm,0.0
2025-08-28 04:00:00,63.417,63.754,63.267,63.551,3562,18,0,USOILm,0.0
2025-08-28 08:00:00,63.553,63.929,63.332,63.832,5654,18,0,USOILm,0.0
2025-08-28 12:00:00,63.835,63.887,63.161,63.434,9490,18,0,USOILm,0.0
2025-08-28 16:00:00,63.434,64.463,63.317,64.085,7179,18,0,USOILm,0.0
2025-08-28 20:00:00,64.089,64.149,63.92,63.948,560,18,0,USOILm,0.0
2025-08-29 00:00:00,63.953,64.024,63.791,63.946,1417,18,0,USOILm,0.0
2025-08-29 04:00:00,63.943,64.144,63.785,64.003,2328,18,0,USOILm,0.0
2025-08-29 08:00:00,64.01,64.179,63.744,64.152,6559,18,0,USOILm,0.0
2025-08-29 12:00:00,64.146,64.3,63.661,63.933,9216,18,0,USOILm,0.0
2025-08-29 16:00:00,63.931,63.961,63.624,63.704,4880,18,0,USOILm,0.0
2025-08-29 20:00:00,63.708,63.785,63.695,63.741,216,18,0,USOILm,0.0
2025-09-01 00:00:00,63.709,63.71,63.407,63.501,1713,18,0,USOILm,0.0
2025-09-01 04:00:00,63.5,64.15,63.443,64.047,2333,18,0,USOILm,0.0
2025-09-01 08:00:00,64.039,64.519,63.928,64.448,4295,18,0,USOILm,0.0
2025-09-01 12:00:00,64.447,64.614,64.346,64.471,5741,18,0,USOILm,0.0
2025-09-01 16:00:00,64.469,64.526,64.343,64.415,1329,18,0,USOILm,0.0
2025-09-01 20:00:00,64.282,64.369,64.257,64.366,235,18,0,USOILm,0.0
2025-09-02 00:00:00,64.368,64.8,64.342,64.668,1852,18,0,USOILm,0.0
2025-09-02 04:00:00,64.665,64.983,64.577,64.906,2624,18,0,USOILm,0.0
2025-09-02 08:00:00,64.916,65.721,64.903,65.465,5979,18,0,USOILm,0.0
2025-09-02 12:00:00,65.462,65.543,64.246,65.155,14277,18,0,USOILm,0.0
2025-09-02 16:00:00,65.157,65.494,65.113,65.342,5935,18,0,USOILm,0.0
2025-09-02 20:00:00,65.342,65.389,65.229,65.291,704,18,0,USOILm,0.0
2025-09-03 00:00:00,65.294,65.429,65.068,65.102,2109,18,0,USOILm,0.0
2025-09-03 04:00:00,65.106,65.211,64.961,65.047,3090,18,0,USOILm,0.0
2025-09-03 08:00:00,65.051,65.267,63.81,64.023,10081,18,0,USOILm,0.0
2025-09-03 12:00:00,64.021,64.536,63.57,64.441,13707,18,0,USOILm,0.0
2025-09-03 16:00:00,64.461,64.52,63.508,63.69,7545,18,0,USOILm,0.0
2025-09-03 20:00:00,63.689,63.718,63.508,63.537,870,18,0,USOILm,0.0
2025-09-04 00:00:00,63.541,63.544,63.223,63.307,2878,18,0,USOILm,0.0
2025-09-04 04:00:00,63.313,63.333,62.815,62.907,4097,18,0,USOILm,0.0
2025-09-04 08:00:00,62.905,63.477,62.665,63.104,8027,18,0,USOILm,0.0
2025-09-04 12:00:00,63.107,63.419,62.502,63.196,11765,18,0,USOILm,0.0
2025-09-04 16:00:00,63.184,63.401,62.97,63.052,6355,18,0,USOILm,0.0
2025-09-04 20:00:00,63.055,63.087,62.95,63.013,752,18,0,USOILm,0.0
2025-09-05 00:00:00,63.011,63.081,62.832,63.034,2136,18,0,USOILm,0.0
2025-09-05 04:00:00,63.032,63.138,62.76,62.886,3649,18,0,USOILm,0.0
2025-09-05 08:00:00,62.887,63.207,62.53,62.606,6609,18,0,USOILm,0.0
2025-09-05 12:00:00,62.607,62.69,61.2,61.256,16143,18,0,USOILm,0.0
2025-09-05 16:00:00,61.254,61.804,61.201,61.752,6360,18,0,USOILm,0.0
2025-09-05 20:00:00,61.755,61.787,61.685,61.705,443,18,0,USOILm,0.0
2025-09-08 00:00:00,61.945,62.396,61.833,62.333,3435,18,0,USOILm,0.0
2025-09-08 04:00:00,62.333,62.781,62.273,62.512,4109,18,0,USOILm,0.0
2025-09-08 08:00:00,62.52,63.034,62.441,62.915,6506,18,0,USOILm,0.0
2025-09-08 12:00:00,62.915,62.958,61.687,62.154,11155,18,0,USOILm,0.0
2025-09-08 16:00:00,62.149,62.252,61.887,62.09,5140,18,0,USOILm,0.0
2025-09-08 20:00:00,62.087,62.192,62.087,62.145,462,18,0,USOILm,0.0
2025-09-09 00:00:00,62.148,62.344,62.074,62.296,1983,18,0,USOILm,0.0
2025-09-09 04:00:00,62.294,62.695,62.281,62.577,3394,18,0,USOILm,0.0
2025-09-09 08:00:00,62.571,62.866,62.309,62.544,6375,18,0,USOILm,0.0
2025-09-09 12:00:00,62.544,63.346,62.509,62.656,13864,18,0,USOILm,0.0
2025-09-09 16:00:00,62.658,62.686,62.278,62.402,5212,18,0,USOILm,0.0
2025-09-09 20:00:00,62.404,62.876,62.371,62.754,1061,18,0,USOILm,0.0
2025-09-10 00:00:00,62.751,62.944,62.646,62.937,2217,18,0,USOILm,0.0
2025-09-10 04:00:00,62.935,63.147,62.787,62.852,3498,18,0,USOILm,0.0
2025-09-10 08:00:00,62.854,63.053,62.649,62.952,5319,18,0,USOILm,0.0
2025-09-10 12:00:00,62.953,63.69,62.704,63.661,10950,18,0,USOILm,0.0
2025-09-10 16:00:00,63.666,63.775,63.374,63.52,5036,18,0,USOILm,0.0
2025-09-10 20:00:00,63.516,63.523,63.446,63.5,413,18,0,USOILm,0.0
2025-09-11 00:00:00,63.494,63.531,63.3,63.3,1415,18,0,USOILm,0.0
2025-09-11 04:00:00,63.295,63.375,63.156,63.318,2762,18,0,USOILm,0.0
2025-09-11 08:00:00,63.337,63.393,62.616,62.764,5795,18,0,USOILm,0.0
2025-09-11 12:00:00,62.747,62.772,62.032,62.223,10863,18,0,USOILm,0.0
2025-09-11 16:00:00,62.228,62.341,61.968,62.009,4829,18,0,USOILm,0.0
2025-09-11 20:00:00,62.011,62.07,61.925,61.938,537,18,0,USOILm,0.0
2025-09-12 00:00:00,61.934,61.944,61.506,61.585,2420,18,0,USOILm,0.0
2025-09-12 04:00:00,61.587,61.905,61.44,61.84,3359,18,0,USOILm,0.0
2025-09-12 08:00:00,61.837,63.192,61.829,63.186,7158,18,0,USOILm,0.0
2025-09-12 12:00:00,63.188,63.695,62.885,62.974,13020,18,0,USOILm,0.0
2025-09-12 16:00:00,62.988,63.023,62.217,62.279,6178,18,0,USOILm,0.0
2025-09-12 20:00:00,62.272,62.445,62.257,62.33,372,18,0,USOILm,0.0
2025-09-15 00:00:00,62.424,62.888,62.413,62.835,2103,18,0,USOILm,0.0
2025-09-15 04:00:00,62.839,62.986,62.59,62.763,3073,18,0,USOILm,0.0
2025-09-15 08:00:00,62.782,62.864,62.514,62.695,5721,18,0,USOILm,0.0
2025-09-15 12:00:00,62.696,63.401,62.625,62.854,9360,18,0,USOILm,0.0
2025-09-15 16:00:00,62.861,63.208,62.789,63.043,4356,18,0,USOILm,0.0
2025-09-15 20:00:00,63.039,63.092,63.039,63.052,470,18,0,USOILm,0.0
2025-09-16 00:00:00,63.053,63.246,63.028,63.177,2024,18,0,USOILm,0.0
2025-09-16 04:00:00,63.176,63.272,62.684,62.797,3366,18,0,USOILm,0.0
2025-09-16 08:00:00,62.792,63.477,62.629,63.353,5936,18,0,USOILm,0.0
2025-09-16 12:00:00,63.357,64.199,63.336,64.169,10087,18,0,USOILm,0.0
2025-09-16 16:00:00,64.17,64.398,64.058,64.21,4857,18,0,USOILm,0.0
2025-09-16 20:00:00,64.211,64.304,64.127,64.271,753,18,0,USOILm,0.0
2025-09-17 00:00:00,64.27,64.283,64.002,64.015,1912,18,0,USOILm,0.0
2025-09-17 04:00:00,64.018,64.17,63.802,63.832,3025,18,0,USOILm,0.0
2025-09-17 08:00:00,63.833,63.902,63.484,63.869,4791,18,0,USOILm,0.0
2025-09-17 12:00:00,63.866,64.238,63.644,63.962,8371,18,0,USOILm,0.0
2025-09-17 16:00:00,63.963,64.087,63.344,63.603,7261,18,0,USOILm,0.0
2025-09-17 20:00:00,63.608,63.78,63.578,63.735,603,18,0,USOILm,0.0
2025-09-18 00:00:00,63.733,63.733,63.216,63.55,3183,18,0,USOILm,0.0
2025-09-18 04:00:00,63.55,63.581,63.218,63.319,3757,18,0,USOILm,0.0
2025-09-18 08:00:00,63.325,64.083,63.084,63.99,7394,18,0,USOILm,0.0
2025-09-18 12:00:00,63.991,64.177,63.153,63.452,11866,18,0,USOILm,0.0
2025-09-18 16:00:00,63.454,63.466,63.0,63.341,5444,18,0,USOILm,0.0
2025-09-18 20:00:00,63.34,63.379,63.161,63.181,613,18,0,USOILm,0.0
2025-09-19 00:00:00,63.187,63.317,63.055,63.114,2832,18,0,USOILm,0.0
2025-09-19 04:00:00,63.115,63.211,62.824,62.864,3927,18,0,USOILm,0.0
2025-09-19 08:00:00,62.857,63.174,62.5,62.897,6392,18,0,USOILm,0.0
2025-09-19 12:00:00,62.896,63.145,62.175,62.439,10540,18,0,USOILm,0.0
2025-09-19 16:00:00,62.435,62.534,62.27,62.296,5001,18,0,USOILm,0.0
2025-09-19 20:00:00,62.298,62.352,62.281,62.322,300,18,0,USOILm,0.0
2025-09-22 00:00:00,62.469,62.764,62.44,62.719,2271,18,0,USOILm,0.0
2025-09-22 04:00:00,62.72,62.919,62.621,62.708,3150,18,0,USOILm,0.0
2025-09-22 08:00:00,62.716,62.74,61.788,61.812,5633,18,0,USOILm,0.0
2025-09-22 12:00:00,61.81,62.192,61.561,62.122,8574,18,0,USOILm,0.0
2025-09-22 16:00:00,62.119,62.366,62.012,62.216,4543,18,0,USOILm,0.0
2025-09-22 20:00:00,62.217,62.315,62.139,62.263,534,18,0,USOILm,0.0
2025-09-23 00:00:00,62.261,62.312,61.808,61.827,2539,18,0,USOILm,0.0
2025-09-23 04:00:00,61.826,62.152,61.758,62.15,3119,18,0,USOILm,0.0
2025-09-23 08:00:00,62.145,62.969,61.86,62.929,6306,18,0,USOILm,0.0
2025-09-23 12:00:00,62.932,63.779,62.848,63.496,9430,18,0,USOILm,0.0
2025-09-23 16:00:00,63.497,63.698,63.096,63.577,5313,18,0,USOILm,0.0
2025-09-23 20:00:00,63.58,63.706,63.483,63.595,806,18,0,USOILm,0.0
2025-09-24 00:00:00,63.6,63.621,63.404,63.5,2210,18,0,USOILm,0.0
2025-09-24 04:00:00,63.502,63.717,63.285,63.644,3194,18,0,USOILm,0.0
2025-09-24 08:00:00,63.646,64.057,63.133,64.022,5933,18,0,USOILm,0.0
2025-09-24 12:00:00,64.02,64.69,63.944,64.573,9020,18,0,USOILm,0.0
2025-09-24 16:00:00,64.574,64.896,64.441,64.653,5247,18,0,USOILm,0.0
2025-09-24 20:00:00,64.654,64.696,64.522,64.548,746,18,0,USOILm,0.0
2025-09-25 00:00:00,64.547,64.757,64.477,64.55,2708,18,0,USOILm,0.0
2025-09-25 04:00:00,64.553,64.728,64.29,64.516,3321,18,0,USOILm,0.0
2025-09-25 08:00:00,64.518,64.669,64.094,64.511,7506,18,0,USOILm,0.0
2025-09-25 12:00:00,64.509,64.799,63.905,64.686,10617,18,0,USOILm,0.0
2025-09-25 16:00:00,64.685,65.153,64.442,65.123,7192,18,0,USOILm,0.0
2025-09-25 20:00:00,65.121,65.13,64.984,65.039,1042,18,0,USOILm,0.0
2025-09-26 00:00:00,65.044,65.176,64.929,64.971,2354,18,0,USOILm,0.0
2025-09-26 04:00:00,64.967,65.177,64.829,64.905,3950,18,0,USOILm,0.0
2025-09-26 08:00:00,64.911,64.988,64.467,64.66,5794,18,0,USOILm,0.0
2025-09-26 12:00:00,64.659,66.187,64.596,65.946,10206,18,0,USOILm,0.0
2025-09-26 16:00:00,65.949,65.998,65.049,65.091,7938,18,0,USOILm,0.0
2025-09-26 20:00:00,65.094,65.18,65.027,65.029,493,18,0,USOILm,0.0
2025-09-29 00:00:00,64.933,65.125,64.814,65.024,3225,18,0,USOILm,0.0
2025-09-29 04:00:00,65.027,65.194,64.672,64.77,3925,18,0,USOILm,0.0
2025-09-29 08:00:00,64.767,64.82,64.149,64.254,7313,18,0,USOILm,0.0
2025-09-29 12:00:00,64.252,64.388,62.947,63.121,11837,18,0,USOILm,0.0
2025-09-29 16:00:00,63.124,63.321,62.823,63.035,5723,18,0,USOILm,0.0
2025-09-29 20:00:00,63.04,63.068,62.886,62.901,742,18,0,USOILm,0.0
2025-09-30 00:00:00,62.898,63.015,62.716,62.905,2822,18,0,USOILm,0.0
2025-09-30 04:00:00,62.904,63.055,62.475,62.573,4399,18,0,USOILm,0.0
2025-09-30 08:00:00,62.571,62.933,62.06,62.107,8385,18,0,USOILm,0.0
2025-09-30 12:00:00,62.114,62.817,61.84,62.554,15881,18,0,USOILm,0.0
2025-09-30 16:00:00,62.556,62.775,62.157,62.335,6882,18,0,USOILm,0.0
2025-09-30 20:00:00,62.337,62.384,62.252,62.295,940,18,0,USOILm,0.0
2025-10-01 00:00:00,62.292,62.378,62.003,62.323,2612,18,0,USOILm,0.0
2025-10-01 04:00:00,62.322,62.629,62.22,62.56,3810,18,0,USOILm,0.0
2025-10-01 08:00:00,62.559,62.684,61.447,61.933,8848,18,0,USOILm,0.0
2025-10-01 12:00:00,61.936,61.981,61.217,61.608,14686,18,0,USOILm,0.0
2025-10-01 16:00:00,61.605,62.084,61.502,61.778,7591,18,0,USOILm,0.0
2025-10-01 20:00:00,61.78,61.817,61.381,61.622,1226,18,0,USOILm,0.0
2025-10-02 00:00:00,61.623,62.304,61.606,61.923,4211,18,0,USOILm,0.0
2025-10-02 04:00:00,61.922,62.037,61.496,61.695,4460,18,0,USOILm,0.0
2025-10-02 08:00:00,61.699,61.863,61.03,61.296,9321,18,0,USOILm,0.0
2025-10-02 12:00:00,61.294,61.616,60.464,60.623,13387,18,0,USOILm,0.0
2025-10-02 16:00:00,60.625,60.682,60.212,60.443,5875,18,0,USOILm,0.0
2025-10-02 20:00:00,60.444,60.585,60.436,60.528,922,18,0,USOILm,0.0
2025-10-03 00:00:00,60.529,60.669,60.398,60.617,2269,18,0,USOILm,0.0
2025-10-03 04:00:00,60.617,61.042,60.587,60.752,4029,18,0,USOILm,0.0
2025-10-03 08:00:00,60.762,61.164,60.438,60.493,7599,18,0,USOILm,0.0
2025-10-03 12:00:00,60.49,61.048,60.36,60.826,12320,18,0,USOILm,0.0
2025-10-03 16:00:00,60.827,60.976,60.493,60.546,6101,18,0,USOILm,0.0
2025-10-03 20:00:00,60.541,60.642,60.432,60.562,654,18,0,USOILm,0.0
2025-10-06 00:00:00,61.37,61.581,61.295,61.565,2656,18,0,USOILm,0.0
2025-10-06 04:00:00,61.566,61.785,61.217,61.357,5339,18,0,USOILm,0.0
2025-10-06 08:00:00,61.343,61.846,60.808,61.024,7919,18,0,USOILm,0.0
2025-10-06 12:00:00,61.021,61.673,60.971,61.515,12235,18,0,USOILm,0.0
2025-10-06 16:00:00,61.504,61.746,61.273,61.529,5504,18,0,USOILm,0.0
2025-10-06 20:00:00,61.527,61.601,61.431,61.455,567,18,0,USOILm,0.0
2025-10-07 00:00:00,61.457,61.698,61.414,61.652,1565,18,0,USOILm,0.0
2025-10-07 04:00:00,61.65,61.79,61.269,61.43,3733,18,0,USOILm,0.0
2025-10-07 08:00:00,61.427,61.667,61.043,61.495,6324,18,0,USOILm,0.0
2025-10-07 12:00:00,61.497,61.566,60.501,61.27,13344,18,0,USOILm,0.0
2025-10-07 16:00:00,61.273,61.789,61.081,61.769,5997,18,0,USOILm,0.0
2025-10-07 20:00:00,61.768,61.861,61.699,61.8,707,18,0,USOILm,0.0
2025-10-08 00:00:00,61.805,62.01,61.73,61.902,1903,18,0,USOILm,0.0
2025-10-08 04:00:00,61.903,62.121,61.844,62.002,3282,18,0,USOILm,0.0
2025-10-08 08:00:00,61.998,62.355,61.78,62.315,6371,18,0,USOILm,0.0
2025-10-08 12:00:00,62.313,62.498,61.739,62.42,10200,18,0,USOILm,0.0
2025-10-08 16:00:00,62.416,62.486,62.0,62.016,5317,18,0,USOILm,0.0
2025-10-08 20:00:00,62.012,62.062,61.531,61.656,1211,18,0,USOILm,0.0
2025-10-09 00:00:00,61.661,61.78,61.402,61.722,4664,18,0,USOILm,0.0
2025-10-09 04:00:00,61.722,62.358,61.722,62.299,4401,18,0,USOILm,0.0
2025-10-09 08:00:00,62.297,62.444,61.668,61.848,7219,18,0,USOILm,0.0
2025-10-09 12:00:00,61.844,62.403,61.509,61.533,11148,18,0,USOILm,0.0
2025-10-09 16:00:00,61.529,61.687,60.863,61.09,6943,18,0,USOILm,0.0
2025-10-09 20:00:00,61.088,61.231,61.045,61.181,659,18,0,USOILm,0.0
2025-10-10 00:00:00,61.18,61.269,60.982,60.985,2377,18,0,USOILm,0.0
2025-10-10 04:00:00,60.984,61.039,60.649,60.836,4379,18,0,USOILm,0.0
2025-10-10 08:00:00,60.847,61.085,60.256,60.32,7038,18,0,USOILm,0.0
2025-10-10 12:00:00,60.318,60.332,58.568,58.583,19297,18,0,USOILm,0.0
2025-10-10 16:00:00,58.585,58.768,58.353,58.468,8804,18,0,USOILm,0.0
2025-10-10 20:00:00,58.463,58.527,58.414,58.418,504,18,0,USOILm,0.0
2025-10-13 00:00:00,59.203,59.613,58.973,59.347,5517,18,0,USOILm,0.0
2025-10-13 04:00:00,59.345,59.521,59.211,59.386,5620,18,0,USOILm,0.0
2025-10-13 08:00:00,59.38,59.749,59.262,59.355,8128,18,0,USOILm,0.0
2025-10-13 12:00:00,59.355,59.682,58.845,59.132,13294,18,0,USOILm,0.0
2025-10-13 16:00:00,59.128,59.442,59.069,59.306,5750,18,0,USOILm,0.0
2025-10-13 20:00:00,59.302,59.359,59.181,59.256,702,18,0,USOILm,0.0
2025-10-14 00:00:00,59.255,59.424,59.198,59.323,3044,18,0,USOILm,0.0
2025-10-14 04:00:00,59.322,59.331,58.021,58.267,7130,18,0,USOILm,0.0
2025-10-14 08:00:00,58.275,58.303,57.316,57.927,11363,18,0,USOILm,0.0
2025-10-14 12:00:00,57.931,58.321,57.627,58.127,15982,18,0,USOILm,0.0
2025-10-14 16:00:00,58.123,58.567,57.996,58.07,8051,18,0,USOILm,0.0
2025-10-14 20:00:00,58.072,58.39,58.071,58.259,955,18,0,USOILm,0.0
2025-10-15 00:00:00,58.258,58.331,57.97,58.115,3351,18,0,USOILm,0.0
2025-10-15 04:00:00,58.116,58.43,58.053,58.275,4451,18,0,USOILm,0.0
2025-10-15 08:00:00,58.27,58.463,58.116,58.384,6259,18,0,USOILm,0.0
2025-10-15 12:00:00,58.387,58.94,57.871,57.978,12078,18,0,USOILm,0.0
2025-10-15 16:00:00,57.974,58.216,57.783,58.043,6890,18,0,USOILm,0.0
2025-10-15 20:00:00,58.046,58.376,58.044,58.217,1550,18,0,USOILm,0.0
2025-10-16 00:00:00,58.214,58.508,58.179,58.372,3064,18,0,USOILm,0.0
2025-10-16 04:00:00,58.368,58.618,58.165,58.542,4359,18,0,USOILm,0.0
2025-10-16 08:00:00,58.549,58.571,57.987,58.175,7065,18,0,USOILm,0.0
2025-10-16 12:00:00,58.175,58.232,57.755,58.016,8459,18,0,USOILm,0.0
2025-10-16 16:00:00,56.963,57.216,56.774,57.043,4618,18,0,USOILm,0.0
2025-10-16 20:00:00,57.042,57.075,56.894,56.918,1137,18,0,USOILm,0.0
2025-10-17 00:00:00,56.913,56.969,56.511,56.819,4627,18,0,USOILm,0.0
2025-10-17 04:00:00,56.818,56.997,56.429,56.678,7143,18,0,USOILm,0.0
2025-10-17 08:00:00,56.681,57.073,56.135,57.029,11608,18,0,USOILm,0.0
2025-10-17 12:00:00,57.027,57.275,56.697,57.071,17508,18,0,USOILm,0.0
2025-10-17 16:00:00,57.07,57.308,56.752,57.124,7670,18,0,USOILm,0.0
2025-10-17 20:00:00,57.124,57.296,57.12,57.148,583,18,0,USOILm,0.0
2025-10-20 00:00:00,56.947,57.055,56.753,56.958,3629,18,0,USOILm,0.0
2025-10-20 04:00:00,56.957,56.992,56.549,56.659,3946,18,0,USOILm,0.0
2025-10-20 08:00:00,56.658,57.061,56.532,56.721,6553,18,0,USOILm,0.0
2025-10-20 12:00:00,56.72,56.879,55.956,56.476,12382,18,0,USOILm,0.0
2025-10-20 16:00:00,56.473,57.065,56.473,56.974,5628,18,0,USOILm,0.0
2025-10-20 20:00:00,56.98,57.019,56.894,56.962,465,18,0,USOILm,0.0
2025-10-21 00:00:00,56.959,57.002,56.585,56.835,1537,18,0,USOILm,0.0
2025-10-21 04:00:00,56.832,57.177,56.663,56.71,3030,18,0,USOILm,0.0
2025-10-21 08:00:00,56.714,57.65,56.703,57.367,6161,18,0,USOILm,0.0
2025-10-21 12:00:00,57.36,57.751,56.337,57.322,12835,18,0,USOILm,0.0
2025-10-21 16:00:00,57.333,58.032,56.952,57.379,7957,18,0,USOILm,0.0
2025-10-21 20:00:00,57.381,57.605,57.381,57.511,978,18,0,USOILm,0.0
2025-10-22 00:00:00,57.51,58.354,57.311,58.14,5211,18,0,USOILm,0.0
2025-10-22 04:00:00,58.138,58.464,58.012,58.128,5980,18,0,USOILm,0.0
2025-10-22 08:00:00,58.127,58.49,57.889,58.29,7997,18,0,USOILm,0.0
2025-10-22 12:00:00,58.293,58.872,58.105,58.712,12405,18,0,USOILm,0.0
2025-10-22 16:00:00,58.716,59.774,58.22,59.355,13031,18,0,USOILm,0.0
2025-10-22 20:00:00,59.352,60.08,58.833,60.005,4991,18,0,USOILm,0.0
2025-10-23 00:00:00,60.012,60.261,59.645,60.141,7186,18,0,USOILm,0.0
2025-10-23 04:00:00,60.141,60.794,60.133,60.336,10104,18,0,USOILm,0.0
2025-10-23 08:00:00,60.336,61.919,60.305,61.456,13219,18,0,USOILm,0.0
2025-10-23 12:00:00,61.468,61.968,60.984,61.893,20713,18,0,USOILm,0.0
2025-10-23 16:00:00,61.886,62.064,61.328,61.472,10242,18,0,USOILm,0.0
2025-10-23 20:00:00,61.476,61.551,61.375,61.483,1028,18,0,USOILm,0.0
2025-10-24 00:00:00,61.482,61.541,61.051,61.242,4044,18,0,USOILm,0.0
2025-10-24 04:00:00,61.246,61.807,61.18,61.787,4707,18,0,USOILm,0.0
2025-10-24 08:00:00,61.786,62.256,61.43,62.235,8625,18,0,USOILm,0.0
2025-10-24 12:00:00,62.239,62.381,61.544,62.097,13318,18,0,USOILm,0.0
2025-10-24 16:00:00,62.092,62.132,61.249,61.337,7853,18,0,USOILm,0.0
2025-10-24 20:00:00,61.332,61.332,61.229,61.26,440,18,0,USOILm,0.0
2025-10-27 00:00:00,61.734,61.841,61.306,61.347,4342,18,0,USOILm,0.0
2025-10-27 04:00:00,61.346,61.77,61.188,61.443,4206,18,0,USOILm,0.0
2025-10-27 08:00:00,61.447,61.464,60.502,61.272,10883,18,0,USOILm,0.0
2025-10-27 12:00:00,61.27,61.84,61.043,61.489,11642,18,0,USOILm,0.0
2025-10-27 16:00:00,61.485,61.575,60.949,61.239,8224,18,0,USOILm,0.0
2025-10-27 20:00:00,61.242,61.425,61.064,61.089,894,18,0,USOILm,0.0
2025-10-28 00:00:00,61.095,61.195,60.888,61.047,3349,18,0,USOILm,0.0
2025-10-28 04:00:00,61.045,61.131,60.302,60.347,5102,18,0,USOILm,0.0
2025-10-28 08:00:00,60.351,60.482,59.749,60.303,11974,18,0,USOILm,0.0
2025-10-28 12:00:00,60.309,60.594,59.605,59.748,13733,18,0,USOILm,0.0
2025-10-28 16:00:00,59.744,60.153,59.697,59.817,9729,18,0,USOILm,0.0
2025-10-28 20:00:00,59.818,60.111,59.746,60.074,1075,18,0,USOILm,0.0
2025-10-29 00:00:00,60.072,60.251,59.804,60.0,3303,18,0,USOILm,0.0
2025-10-29 04:00:00,60.0,60.361,59.824,60.115,3922,18,0,USOILm,0.0
2025-10-29 08:00:00,60.113,60.357,59.555,60.223,9058,18,0,USOILm,0.0
2025-10-29 12:00:00,60.222,60.807,59.899,60.68,10847,18,0,USOILm,0.0
2025-10-29 16:00:00,60.683,60.838,60.133,60.195,10278,18,0,USOILm,0.0
2025-10-29 20:00:00,60.197,60.274,59.974,60.078,1161,18,0,USOILm,0.0
2025-10-30 00:00:00,60.08,60.272,59.906,60.204,4287,18,0,USOILm,0.0
2025-10-30 04:00:00,60.203,60.258,59.684,59.74,6454,18,0,USOILm,0.0
2025-10-30 08:00:00,59.742,60.108,59.722,59.949,7643,18,0,USOILm,0.0
2025-10-30 12:00:00,59.951,60.507,59.476,60.285,13051,18,0,USOILm,0.0
2025-10-30 16:00:00,60.285,60.607,60.037,60.062,6761,18,0,USOILm,0.0
2025-10-30 20:00:00,60.062,60.138,60.025,60.106,974,18,0,USOILm,0.0
2025-10-31 00:00:00,60.104,60.2,59.918,59.941,2349,18,0,USOILm,0.0
2025-10-31 04:00:00,59.937,60.277,59.867,60.243,3316,18,0,USOILm,0.0
2025-10-31 08:00:00,60.242,60.324,59.792,60.155,7545,18,0,USOILm,0.0
2025-10-31 12:00:00,60.153,61.168,60.121,60.453,14843,18,0,USOILm,0.0
2025-10-31 16:00:00,60.448,60.834,60.276,60.682,7757,18,0,USOILm,0.0
2025-10-31 20:00:00,60.681,60.735,60.59,60.695,540,18,0,USOILm,0.0
2025-11-03 00:00:00,61.172,61.223,60.891,61.053,1349,18,0,USOILm,0.0
2025-11-03 04:00:00,61.051,61.291,60.895,61.073,2928,18,0,USOILm,0.0
2025-11-03 08:00:00,61.071,61.121,60.394,60.635,6642,18,0,USOILm,0.0
2025-11-03 12:00:00,60.634,60.963,60.341,60.798,10382,18,0,USOILm,0.0
2025-11-03 16:00:00,60.794,61.282,60.581,60.827,7862,18,0,USOILm,0.0
2025-11-03 20:00:00,60.832,60.893,60.732,60.837,1195,18,0,USOILm,0.0
2025-11-04 00:00:00,60.837,60.837,60.595,60.74,2019,18,0,USOILm,0.0
2025-11-04 04:00:00,60.742,60.745,60.383,60.42,3071,18,0,USOILm,0.0
2025-11-04 08:00:00,60.424,60.434,59.778,60.003,6775,18,0,USOILm,0.0
2025-11-04 12:00:00,60.009,60.58,59.83,60.571,9535,18,0,USOILm,0.0
2025-11-04 16:00:00,60.573,60.717,60.327,60.369,8516,18,0,USOILm,0.0
2025-11-04 20:00:00,60.368,60.397,60.103,60.121,1425,18,0,USOILm,0.0
2025-11-05 00:00:00,60.121,60.33,59.857,60.312,3008,18,0,USOILm,0.0
2025-11-05 04:00:00,60.309,60.53,60.231,60.402,3486,18,0,USOILm,0.0
2025-11-05 08:00:00,60.404,60.889,60.209,60.355,7159,18,0,USOILm,0.0
2025-11-05 12:00:00,60.353,60.559,59.872,60.534,9890,18,0,USOILm,0.0
2025-11-05 16:00:00,60.538,60.659,59.399,59.454,10421,18,0,USOILm,0.0
2025-11-05 20:00:00,59.462,59.562,59.455,59.455,1213,18,0,USOILm,0.0
2025-11-06 00:00:00,59.458,59.681,59.436,59.665,2330,18,0,USOILm,0.0
2025-11-06 04:00:00,59.663,59.856,59.632,59.641,2931,18,0,USOILm,0.0
2025-11-06 08:00:00,59.653,60.341,59.338,59.8,8766,18,0,USOILm,0.0
2025-11-06 12:00:00,59.801,60.024,58.747,59.018,13553,18,0,USOILm,0.0
2025-11-06 16:00:00,59.018,59.391,58.852,59.351,10505,18,0,USOILm,0.0
2025-11-06 20:00:00,59.354,59.616,59.354,59.546,1731,18,0,USOILm,0.0
2025-11-07 00:00:00,59.543,59.686,59.478,59.561,2669,18,0,USOILm,0.0
2025-11-07 04:00:00,59.561,60.069,59.48,59.959,3770,18,0,USOILm,0.0
2025-11-07 08:00:00,59.959,60.323,59.76,59.873,7825,18,0,USOILm,0.0
2025-11-07 12:00:00,59.869,59.98,59.408,59.461,13142,18,0,USOILm,0.0
2025-11-07 16:00:00,59.451,59.806,59.231,59.737,10486,18,0,USOILm,0.0
2025-11-07 20:00:00,59.734,59.783,59.541,59.713,1400,18,0,USOILm,0.0
2025-11-10 00:00:00,59.765,60.131,59.633,60.048,1986,18,0,USOILm,0.0
2025-11-10 04:00:00,60.053,60.251,60.012,60.109,2685,18,0,USOILm,0.0
2025-11-10 08:00:00,60.108,60.343,59.677,59.758,7594,18,0,USOILm,0.0
2025-11-10 12:00:00,59.758,60.109,59.423,59.447,8939,18,0,USOILm,0.0
2025-11-10 16:00:00,59.444,60.113,59.322,60.012,7812,18,0,USOILm,0.0
2025-11-10 20:00:00,60.013,60.087,59.884,59.9,1038,18,0,USOILm,0.0
2025-11-11 00:00:00,59.901,60.028,59.768,59.898,1600,18,0,USOILm,0.0
2025-11-11 04:00:00,59.898,59.942,59.585,59.671,2500,18,0,USOILm,0.0
2025-11-11 08:00:00,59.683,60.499,59.636,60.493,6130,18,0,USOILm,0.0
2025-11-11 12:00:00,60.353,60.933,60.291,60.887,4809,18,0,USOILm,0.0
2025-11-11 16:00:00,60.882,61.201,60.835,60.971,7271,18,0,USOILm,0.0
2025-11-11 20:00:00,60.972,61.016,60.843,60.971,1331,18,0,USOILm,0.0
2025-11-12 00:00:00,60.969,60.986,60.737,60.758,2304,18,0,USOILm,0.0
2025-11-12 04:00:00,60.759,60.851,60.656,60.656,2556,18,0,USOILm,0.0
2025-11-12 08:00:00,60.656,60.749,60.299,60.314,6359,18,0,USOILm,0.0
2025-11-12 12:00:00,60.315,60.425,58.887,58.902,11372,18,0,USOILm,0.0
2025-11-12 16:00:00,58.899,58.97,58.298,58.36,9312,18,0,USOILm,0.0
2025-11-12 20:00:00,58.356,58.469,58.185,58.203,1631,18,0,USOILm,0.0
2025-11-13 00:00:00,58.206,58.496,58.111,58.491,3586,18,0,USOILm,0.0
2025-11-13 04:00:00,58.489,58.553,58.324,58.404,2928,18,0,USOILm,0.0
2025-11-13 08:00:00,58.399,58.862,58.142,58.825,7351,18,0,USOILm,0.0
2025-11-13 12:00:00,58.827,59.145,58.707,58.773,9772,18,0,USOILm,0.0
2025-11-13 16:00:00,58.768,58.981,58.478,58.686,11251,18,0,USOILm,0.0
2025-11-13 20:00:00,58.682,58.945,58.499,58.915,2188,18,0,USOILm,0.0
2025-11-14 00:00:00,58.911,60.468,58.9,59.518,9072,18,0,USOILm,0.0
2025-11-14 04:00:00,59.52,59.646,59.308,59.529,5102,18,0,USOILm,0.0
2025-11-14 08:00:00,59.532,60.234,59.161,59.462,12299,18,0,USOILm,0.0
2025-11-14 12:00:00,59.464,60.173,59.345,60.13,15119,18,0,USOILm,0.0
2025-11-14 16:00:00,60.131,60.245,59.809,59.939,10657,18,0,USOILm,0.0
2025-11-14 20:00:00,59.934,59.934,59.715,59.818,1392,18,0,USOILm,0.0
2025-11-17 00:00:00,59.428,59.46,59.216,59.372,3725,18,0,USOILm,0.0
2025-11-17 04:00:00,59.372,59.531,59.212,59.49,2903,18,0,USOILm,0.0
2025-11-17 08:00:00,59.486,60.041,59.359,59.981,8082,18,0,USOILm,0.0
2025-11-17 12:00:00,59.981,60.286,59.753,59.814,9390,18,0,USOILm,0.0
2025-11-17 16:00:00,59.814,60.087,59.669,59.678,8048,18,0,USOILm,0.0
2025-11-17 20:00:00,59.677,59.785,59.636,59.708,1634,18,0,USOILm,0.0
2025-11-18 00:00:00,59.707,59.783,59.453,59.495,3377,18,0,USOILm,0.0
2025-11-18 04:00:00,59.493,59.493,59.266,59.314,4463,18,0,USOILm,0.0
2025-11-18 08:00:00,59.31,59.966,59.248,59.957,8454,18,0,USOILm,0.0
2025-11-18 12:00:00,59.953,60.089,59.337,59.799,13838,18,0,USOILm,0.0
2025-11-18 16:00:00,59.794,60.815,59.736,60.721,13673,18,0,USOILm,0.0
2025-11-18 20:00:00,60.715,60.809,60.454,60.591,2795,18,0,USOILm,0.0
2025-11-19 00:00:00,60.588,60.594,60.277,60.39,4242,18,0,USOILm,0.0
2025-11-19 04:00:00,60.391,60.578,60.238,60.277,4345,18,0,USOILm,0.0
2025-11-19 08:00:00,60.276,60.443,59.415,59.465,9964,18,0,USOILm,0.0
2025-11-19 12:00:00,59.46,59.513,58.637,59.007,15057,18,0,USOILm,0.0
2025-11-19 16:00:00,59.003,59.318,58.88,59.247,11792,18,0,USOILm,0.0
2025-11-19 20:00:00,59.247,59.461,59.162,59.457,1864,18,0,USOILm,0.0
2025-11-20 00:00:00,59.454,59.583,59.291,59.368,3937,18,0,USOILm,0.0
2025-11-20 04:00:00,59.367,59.584,59.208,59.323,4008,18,0,USOILm,0.0
2025-11-20 08:00:00,59.327,59.904,59.326,59.704,9099,18,0,USOILm,0.0
2025-11-20 12:00:00,59.71,60.035,59.483,59.87,11272,18,0,USOILm,0.0
2025-11-20 16:00:00,59.865,59.873,58.538,58.95,19726,18,0,USOILm,0.0
2025-11-20 20:00:00,58.948,58.954,58.399,58.406,2847,18,0,USOILm,0.0
2025-11-21 00:00:00,58.409,58.578,58.075,58.093,4463,18,0,USOILm,0.0
2025-11-21 04:00:00,58.09,58.341,57.733,57.734,5914,18,0,USOILm,0.0
2025-11-21 08:00:00,57.74,58.228,57.367,57.829,12177,18,0,USOILm,0.0
2025-11-21 12:00:00,57.826,58.535,57.318,57.551,21280,18,0,USOILm,0.0
2025-11-21 16:00:00,57.547,58.119,57.385,57.817,12881,18,0,USOILm,0.0
2025-11-21 20:00:00,57.82,57.995,57.788,57.932,1872,18,0,USOILm,0.0
2025-11-24 00:00:00,57.69,57.997,57.656,57.997,3582,18,0,USOILm,0.0
2025-11-24 04:00:00,57.995,58.191,57.731,57.767,3971,18,0,USOILm,0.0
2025-11-24 08:00:00,57.77,57.924,57.357,57.87,9374,18,0,USOILm,0.0
2025-11-24 12:00:00,57.871,58.166,57.523,58.096,12929,18,0,USOILm,0.0
2025-11-24 16:00:00,58.102,58.864,58.081,58.727,7953,18,0,USOILm,0.0
2025-11-24 20:00:00,58.728,58.977,58.726,58.779,1652,18,0,USOILm,0.0
2025-11-25 00:00:00,58.78,58.798,58.493,58.502,3070,18,0,USOILm,0.0
2025-11-25 04:00:00,58.504,58.59,58.356,58.5,3260,18,0,USOILm,0.0
2025-11-25 08:00:00,58.494,58.7,58.211,58.515,8293,18,0,USOILm,0.0
2025-11-25 12:00:00,58.51,58.58,57.026,57.155,20361,18,0,USOILm,0.0
2025-11-25 16:00:00,57.157,57.948,57.135,57.754,11053,18,0,USOILm,0.0
2025-11-25 20:00:00,57.753,58.068,57.751,57.981,1738,18,0,USOILm,0.0
2025-11-26 00:00:00,57.976,58.159,57.897,58.083,2831,18,0,USOILm,0.0
2025-11-26 04:00:00,58.083,58.208,57.754,57.779,3443,18,0,USOILm,0.0
2025-11-26 08:00:00,57.785,58.117,57.585,57.849,9445,18,0,USOILm,0.0
2025-11-26 12:00:00,57.852,57.992,57.642,57.898,10091,18,0,USOILm,0.0
2025-11-26 16:00:00,57.904,58.593,57.761,58.516,9752,18,0,USOILm,0.0
2025-11-26 20:00:00,58.515,58.633,58.351,58.384,1390,18,0,USOILm,0.0
2025-11-27 00:00:00,58.382,58.452,58.19,58.253,1548,18,0,USOILm,0.0
2025-11-27 04:00:00,58.251,58.551,58.212,58.52,1525,18,0,USOILm,0.0
2025-11-27 08:00:00,58.523,58.858,58.477,58.728,4879,18,0,USOILm,0.0
2025-11-27 12:00:00,58.726,58.874,58.426,58.782,5934,18,0,USOILm,0.0
2025-11-27 16:00:00,58.782,59.043,58.683,59.007,2740,18,0,USOILm,0.0
2025-11-27 20:00:00,58.827,58.89,58.815,58.883,160,18,0,USOILm,0.0
2025-11-28 00:00:00,58.88,58.955,58.782,58.955,866,18,0,USOILm,0.0
2025-11-28 16:00:00,59.036,59.496,58.967,59.426,4026,18,0,USOILm,0.0
2025-12-01 00:00:00,59.258,59.438,58.929,59.407,2972,18,0,USOILm,0.0
2025-12-01 04:00:00,59.404,59.821,59.38,59.509,2331,18,0,USOILm,0.0
2025-12-01 08:00:00,59.506,59.744,58.973,59.174,6758,18,0,USOILm,0.0
2025-12-01 12:00:00,59.179,59.488,58.709,59.31,10034,18,0,USOILm,0.0
2025-12-01 16:00:00,59.305,59.36,58.996,59.277,8096,18,0,USOILm,0.0
2025-12-01 20:00:00,59.28,59.509,59.273,59.445,1585,18,0,USOILm,0.0
2025-12-02 00:00:00,59.443,59.465,59.182,59.256,2029,18,0,USOILm,0.0
2025-12-02 04:00:00,59.255,59.394,59.113,59.133,2881,18,0,USOILm,0.0
2025-12-02 08:00:00,59.132,59.355,58.923,58.963,7533,18,0,USOILm,0.0
2025-12-02 12:00:00,58.962,59.243,58.156,59.079,13695,18,0,USOILm,0.0
2025-12-02 16:00:00,59.081,59.168,58.357,58.481,10294,18,0,USOILm,0.0
2025-12-02 20:00:00,58.482,58.561,58.349,58.494,1689,18,0,USOILm,0.0
2025-12-03 00:00:00,58.493,58.578,58.225,58.516,2701,18,0,USOILm,0.0
2025-12-03 04:00:00,58.515,58.819,58.468,58.763,2872,18,0,USOILm,0.0
2025-12-03 08:00:00,58.768,59.433,58.715,59.261,6977,18,0,USOILm,0.0
2025-12-03 12:00:00,59.262,59.358,58.827,59.345,10542,18,0,USOILm,0.0
2025-12-03 16:00:00,59.337,59.449,58.67,58.803,9322,18,0,USOILm,0.0
2025-12-03 20:00:00,58.804,58.958,58.775,58.825,1171,18,0,USOILm,0.0
2025-12-04 00:00:00,58.828,59.092,58.799,59.067,1882,18,0,USOILm,0.0
2025-12-04 04:00:00,59.068,59.242,58.989,59.149,2432,18,0,USOILm,0.0
2025-12-04 08:00:00,59.147,59.213,58.903,59.043,6566,18,0,USOILm,0.0
2025-12-04 12:00:00,59.041,59.43,58.635,59.261,10151,18,0,USOILm,0.0
2025-12-04 16:00:00,59.256,59.798,59.218,59.482,8452,18,0,USOILm,0.0
2025-12-04 20:00:00,59.48,59.574,59.385,59.471,1400,18,0,USOILm,0.0
2025-12-05 00:00:00,59.466,59.466,59.201,59.269,2004,18,0,USOILm,0.0
2025-12-05 04:00:00,59.269,59.419,59.218,59.326,2354,18,0,USOILm,0.0
2025-12-05 08:00:00,59.325,59.548,59.228,59.318,5500,18,0,USOILm,0.0
2025-12-05 12:00:00,59.315,60.238,59.205,60.049,9693,18,0,USOILm,0.0
2025-12-05 16:00:00,60.05,60.116,59.658,59.902,7948,18,0,USOILm,0.0
2025-12-05 20:00:00,59.903,59.986,59.838,59.964,1065,18,0,USOILm,0.0
2025-12-08 00:00:00,60.01,60.01,59.756,59.962,2530,18,0,USOILm,0.0
2025-12-08 04:00:00,59.964,60.059,59.872,59.985,2382,18,0,USOILm,0.0
2025-12-08 08:00:00,59.989,60.094,59.162,59.253,6874,18,0,USOILm,0.0
2025-12-08 12:00:00,59.248,59.418,58.902,59.109,10349,18,0,USOILm,0.0
2025-12-08 16:00:00,59.105,59.105,58.502,58.63,7911,18,0,USOILm,0.0
2025-12-08 20:00:00,58.634,58.698,58.597,58.682,1145,18,0,USOILm,0.0
2025-12-09 00:00:00,58.69,58.719,58.514,58.57,1761,18,0,USOILm,0.0
2025-12-09 04:00:00,58.57,58.687,58.405,58.606,2361,18,0,USOILm,0.0
2025-12-09 08:00:00,58.605,58.948,58.456,58.931,5685,18,0,USOILm,0.0
2025-12-09 12:00:00,58.943,58.982,58.014,58.125,8070,18,0,USOILm,0.0
2025-12-09 16:00:00,58.127,58.302,57.998,58.254,5982,18,0,USOILm,0.0
2025-12-09 20:00:00,58.257,58.297,58.177,58.202,1196,18,0,USOILm,0.0
2025-12-10 00:00:00,58.201,58.302,58.136,58.21,1470,18,0,USOILm,0.0
2025-12-10 04:00:00,58.21,58.339,58.104,58.167,1872,18,0,USOILm,0.0
2025-12-10 08:00:00,58.167,58.509,57.949,58.397,6466,18,0,USOILm,0.0
2025-12-10 12:00:00,58.401,58.516,57.587,57.635,8535,18,0,USOILm,0.0
2025-12-10 16:00:00,57.632,58.622,57.537,58.599,8801,18,0,USOILm,0.0
2025-12-10 20:00:00,58.601,58.865,58.558,58.561,2365,18,0,USOILm,0.0
2025-12-11 00:00:00,58.564,58.754,58.252,58.282,2653,18,0,USOILm,0.0
2025-12-11 04:00:00,58.278,58.317,57.83,57.908,2917,18,0,USOILm,0.0
2025-12-11 08:00:00,57.902,57.926,57.36,57.583,7016,18,0,USOILm,0.0
2025-12-11 12:00:00,57.579,57.718,57.039,57.274,9315,18,0,USOILm,0.0
2025-12-11 16:00:00,57.284,57.688,56.866,57.635,9058,18,0,USOILm,0.0
2025-12-11 20:00:00,57.64,57.915,57.526,57.726,1579,18,0,USOILm,0.0
2025-12-12 00:00:00,57.729,58.019,57.724,57.842,2185,18,0,USOILm,0.0
2025-12-12 04:00:00,57.838,57.975,57.669,57.791,2202,18,0,USOILm,0.0
2025-12-12 08:00:00,57.791,57.96,57.19,57.319,6304,18,0,USOILm,0.0
2025-12-12 12:00:00,57.318,57.506,56.972,57.031,9126,18,0,USOILm,0.0
2025-12-12 16:00:00,57.03,57.527,56.998,57.222,8291,18,0,USOILm,0.0
2025-12-12 20:00:00,57.223,57.335,57.155,57.32,1234,18,0,USOILm,0.0
2025-12-15 00:00:00,57.414,57.612,57.36,57.522,1818,18,0,USOILm,0.0
2025-12-15 04:00:00,57.523,57.598,57.44,57.454,1726,18,0,USOILm,0.0
2025-12-15 08:00:00,57.458,57.535,56.88,56.966,6242,18,0,USOILm,0.0
2025-12-15 12:00:00,56.955,57.214,56.54,56.635,8968,18,0,USOILm,0.0
2025-12-15 16:00:00,56.631,56.726,56.233,56.595,9058,18,0,USOILm,0.0
2025-12-15 20:00:00,56.593,56.609,56.413,56.492,1448,18,0,USOILm,0.0
2025-12-16 00:00:00,56.49,56.531,56.269,56.326,1844,18,0,USOILm,0.0
2025-12-16 04:00:00,56.325,56.404,56.175,56.235,2264,18,0,USOILm,0.0
2025-12-16 08:00:00,56.236,56.292,55.566,55.772,6805,18,0,USOILm,0.0
2025-12-16 12:00:00,55.768,55.873,54.88,55.121,9684,18,0,USOILm,0.0
2025-12-16 16:00:00,55.117,55.494,55.031,55.108,8558,18,0,USOILm,0.0
2025-12-16 20:00:00,55.107,55.415,54.96,55.415,1955,18,0,USOILm,0.0
2025-12-17 00:00:00,55.414,55.976,55.387,55.802,5581,18,0,USOILm,0.0
2025-12-17 04:00:00,55.804,56.066,55.77,55.857,4057,18,0,USOILm,0.0
2025-12-17 08:00:00,55.858,56.56,55.729,56.264,9425,18,0,USOILm,0.0
2025-12-17 12:00:00,56.247,56.363,55.571,55.885,10624,18,0,USOILm,0.0
2025-12-17 16:00:00,55.887,56.179,55.751,55.964,8331,18,0,USOILm,0.0
2025-12-17 20:00:00,55.958,56.815,55.948,56.704,3061,18,0,USOILm,0.0
2025-12-18 00:00:00,56.7,56.781,55.892,56.204,4062,18,0,USOILm,0.0
2025-12-18 04:00:00,56.204,56.425,56.096,56.266,2341,18,0,USOILm,0.0
2025-12-18 08:00:00,56.277,56.339,55.709,55.759,6224,18,0,USOILm,0.0
2025-12-18 12:00:00,55.753,56.414,55.713,56.218,8909,18,0,USOILm,0.0
2025-12-18 16:00:00,56.206,56.491,55.782,55.806,7302,18,0,USOILm,0.0
2025-12-18 20:00:00,55.804,55.961,55.804,55.834,1328,18,0,USOILm,0.0
2025-12-19 00:00:00,55.837,55.921,55.72,55.825,1719,18,0,USOILm,0.0
2025-12-19 04:00:00,55.824,55.966,55.628,55.65,2202,18,0,USOILm,0.0
2025-12-19 08:00:00,55.644,56.206,55.586,56.188,7217,18,0,USOILm,0.0
2025-12-19 12:00:00,56.19,56.526,56.055,56.145,8202,18,0,USOILm,0.0
2025-12-19 16:00:00,56.143,56.684,56.141,56.477,6994,18,0,USOILm,0.0
2025-12-19 20:00:00,56.48,56.627,56.421,56.52,1068,18,0,USOILm,0.0
2025-12-22 00:00:00,56.821,57.048,56.802,56.933,2726,18,0,USOILm,0.0
2025-12-22 04:00:00,56.932,57.218,56.898,57.043,3081,18,0,USOILm,0.0
2025-12-22 08:00:00,57.039,57.713,56.86,57.696,5711,18,0,USOILm,0.0
2025-12-22 12:00:00,57.7,58.078,57.553,57.561,7998,18,0,USOILm,0.0
2025-12-22 16:00:00,57.563,58.01,57.517,57.989,5812,18,0,USOILm,0.0
2025-12-22 20:00:00,57.988,58.045,57.741,57.811,1345,18,0,USOILm,0.0
2025-12-23 00:00:00,57.813,57.93,57.779,57.89,1547,18,0,USOILm,0.0
2025-12-23 04:00:00,57.889,57.903,57.701,57.827,1789,18,0,USOILm,0.0
2025-12-23 08:00:00,57.824,58.109,57.818,58.031,4904,18,0,USOILm,0.0
2025-12-23 12:00:00,58.032,58.177,57.684,57.727,7055,18,0,USOILm,0.0
2025-12-23 16:00:00,57.728,58.406,57.683,58.376,5599,18,0,USOILm,0.0
2025-12-23 20:00:00,58.377,58.48,58.312,58.464,1245,18,0,USOILm,0.0
2025-12-24 00:00:00,58.46,58.54,58.195,58.361,2221,18,0,USOILm,0.0
2025-12-24 04:00:00,58.36,58.559,58.142,58.491,2422,18,0,USOILm,0.0
2025-12-24 08:00:00,58.493,58.659,58.28,58.516,4113,18,0,USOILm,0.0
2025-12-24 12:00:00,58.521,58.621,58.052,58.13,5467,18,0,USOILm,0.0
2025-12-24 16:00:00,58.127,58.489,58.088,58.301,2998,18,0,USOILm,0.0
2025-12-26 00:00:00,58.419,58.493,58.296,58.337,1619,18,0,USOILm,0.0
2025-12-26 04:00:00,58.333,58.466,58.206,58.307,1383,18,0,USOILm,0.0
2025-12-26 08:00:00,58.304,58.768,58.134,58.305,4458,18,0,USOILm,0.0
2025-12-26 12:00:00,58.307,58.402,57.292,57.352,7632,18,0,USOILm,0.0
2025-12-26 16:00:00,57.352,57.386,56.581,56.671,5564,18,0,USOILm,0.0
2025-12-26 20:00:00,56.67,56.929,56.635,56.85,1036,18,0,USOILm,0.0
2025-12-29 00:00:00,57.127,57.272,56.986,57.249,2891,18,0,USOILm,0.0
2025-12-29 04:00:00,57.247,57.43,57.174,57.274,2693,18,0,USOILm,0.0
2025-12-29 08:00:00,57.277,57.98,57.217,57.92,6506,18,0,USOILm,0.0
2025-12-29 12:00:00,57.921,58.182,57.764,58.102,8585,18,0,USOILm,0.0
2025-12-29 16:00:00,58.102,58.176,57.703,57.938,7057,18,0,USOILm,0.0
2025-12-29 20:00:00,57.938,57.939,57.63,57.668,1172,18,0,USOILm,0.0
2025-12-30 00:00:00,57.671,58.026,57.485,57.936,2606,18,0,USOILm,0.0
2025-12-30 04:00:00,57.938,58.089,57.811,57.939,2604,18,0,USOILm,0.0
2025-12-30 08:00:00,57.94,58.317,57.865,58.26,5765,18,0,USOILm,0.0
2025-12-30 12:00:00,58.266,58.357,58.139,58.186,6662,18,0,USOILm,0.0
2025-12-30 16:00:00,58.186,58.243,57.786,57.846,5187,18,0,USOILm,0.0
2025-12-30 20:00:00,57.847,57.883,57.728,57.81,925,18,0,USOILm,0.0
2025-12-31 00:00:00,57.81,57.844,57.671,57.779,2171,18,0,USOILm,0.0
2025-12-31 04:00:00,57.776,58.119,57.679,57.734,3065,18,0,USOILm,0.0
2025-12-31 08:00:00,57.733,58.221,57.588,58.116,4827,18,0,USOILm,0.0
2025-12-31 12:00:00,58.118,58.424,57.712,57.715,7977,18,0,USOILm,0.0
2025-12-31 16:00:00,57.714,57.943,57.093,57.354,6229,18,0,USOILm,0.0
2025-12-31 20:00:00,57.357,57.361,57.291,57.299,521,18,0,USOILm,0.0
2026-01-02 00:00:00,57.365,57.603,57.293,57.6,1451,18,0,USOILm,0.0
2026-01-02 04:00:00,57.6,57.804,57.522,57.678,1805,18,0,USOILm,0.0
2026-01-02 08:00:00,57.679,57.789,56.89,57.168,7099,18,0,USOILm,0.0
2026-01-02 12:00:00,57.165,57.201,56.49,56.651,8475,18,0,USOILm,0.0
2026-01-02 16:00:00,56.651,57.307,56.5,57.121,8713,18,0,USOILm,0.0
2026-01-02 20:00:00,57.118,57.223,57.101,57.201,1179,18,0,USOILm,0.0
2026-01-05 00:00:00,57.187,57.592,56.882,56.921,4674,18,0,USOILm,0.0
2026-01-05 04:00:00,56.919,56.996,56.575,56.633,3571,18,0,USOILm,0.0
2026-01-05 08:00:00,56.631,57.59,56.186,57.481,8866,18,0,USOILm,0.0
2026-01-05 12:00:00,57.478,58.32,57.292,58.24,11138,18,0,USOILm,0.0
2026-01-05 16:00:00,58.237,58.258,57.728,58.132,7178,18,0,USOILm,0.0
2026-01-05 20:00:00,58.132,58.249,57.885,58.054,1546,18,0,USOILm,0.0
2026-01-06 00:00:00,58.06,58.149,57.74,57.965,2708,18,0,USOILm,0.0
2026-01-06 04:00:00,57.967,58.033,57.717,57.791,2653,18,0,USOILm,0.0
2026-01-06 08:00:00,57.787,58.491,57.677,58.401,7434,18,0,USOILm,0.0
2026-01-06 12:00:00,58.402,58.682,57.565,57.981,12152,18,0,USOILm,0.0
2026-01-06 16:00:00,57.98,58.101,56.792,56.805,8456,18,0,USOILm,0.0
2026-01-06 20:00:00,56.804,56.958,56.251,56.327,2512,18,0,USOILm,0.0
2026-01-07 00:00:00,56.335,56.573,55.674,56.237,6898,18,0,USOILm,0.0
2026-01-07 04:00:00,56.238,56.338,56.033,56.24,3473,18,0,USOILm,0.0
2026-01-07 08:00:00,56.241,56.871,56.17,56.723,7915,18,0,USOILm,0.0
2026-01-07 12:00:00,56.725,57.041,56.168,56.34,12983,18,0,USOILm,0.0
2026-01-07 16:00:00,56.335,56.455,55.793,56.148,8229,18,0,USOILm,0.0
2026-01-07 20:00:00,56.152,56.352,56.023,56.207,1900,18,0,USOILm,0.0
2026-01-08 00:00:00,56.204,56.373,56.058,56.183,2524,18,0,USOILm,0.0
2026-01-08 04:00:00,56.181,56.251,56.01,56.09,2726,18,0,USOILm,0.0
2026-01-08 08:00:00,56.088,56.801,55.898,56.744,6491,18,0,USOILm,0.0
2026-01-08 12:00:00,56.749,57.118,56.648,56.763,9388,18,0,USOILm,0.0
2026-01-08 16:00:00,56.767,58.145,56.749,58.073,8706,18,0,USOILm,0.0
2026-01-08 20:00:00,58.078,58.61,58.078,58.161,3705,18,0,USOILm,0.0
2026-01-09 00:00:00,58.159,58.179,57.863,57.989,3393,18,0,USOILm,0.0
2026-01-09 04:00:00,57.992,58.395,57.929,58.2,2798,18,0,USOILm,0.0
2026-01-09 08:00:00,58.202,58.216,57.495,58.155,7628,18,0,USOILm,0.0
2026-01-09 12:00:00,58.157,59.368,57.892,59.305,12304,18,0,USOILm,0.0
2026-01-09 16:00:00,59.296,59.596,58.818,58.824,9758,18,0,USOILm,0.0
2026-01-09 20:00:00,58.824,58.881,58.575,58.636,1785,18,0,USOILm,0.0
2026-01-12 00:00:00,59.415,59.415,58.501,59.023,5232,18,0,USOILm,0.0
2026-01-12 04:00:00,59.025,59.161,58.75,58.803,3219,18,0,USOILm,0.0
2026-01-12 08:00:00,58.801,58.968,58.322,58.454,8650,18,0,USOILm,0.0
2026-01-12 12:00:00,58.455,59.028,58.344,58.921,10845,18,0,USOILm,0.0
2026-01-12 16:00:00,58.926,59.625,58.772,59.426,9839,18,0,USOILm,0.0
2026-01-12 20:00:00,59.43,59.735,59.175,59.597,2839,18,0,USOILm,0.0
2026-01-13 00:00:00,59.589,59.795,59.288,59.55,3726,18,0,USOILm,0.0
2026-01-13 04:00:00,59.552,59.903,59.459,59.645,3063,18,0,USOILm,0.0
2026-01-13 08:00:00,59.637,60.582,59.562,60.503,9757,18,0,USOILm,0.0
2026-01-13 12:00:00,60.497,61.171,60.011,61.086,15750,18,0,USOILm,0.0
2026-01-13 16:00:00,61.083,61.222,60.205,60.829,14646,18,0,USOILm,0.0
2026-01-13 20:00:00,60.827,60.97,60.725,60.9,2622,18,0,USOILm,0.0
2026-01-14 00:00:00,60.894,60.894,60.557,60.724,3153,18,0,USOILm,0.0
2026-01-14 04:00:00,60.721,60.794,60.389,60.462,3582,18,0,USOILm,0.0
2026-01-14 08:00:00,60.458,61.813,60.154,61.545,12689,18,0,USOILm,0.0
2026-01-14 12:00:00,61.548,61.805,61.006,61.448,15728,18,0,USOILm,0.0
2026-01-14 16:00:00,61.452,62.181,61.183,62.139,12137,18,0,USOILm,0.0
2026-01-14 20:00:00,62.14,62.188,59.088,60.564,18066,18,0,USOILm,0.0
2026-01-15 00:00:00,60.56,60.868,59.748,59.933,7568,18,0,USOILm,0.0
2026-01-15 04:00:00,59.93,60.138,59.668,59.845,5077,18,0,USOILm,0.0
2026-01-15 08:00:00,59.843,60.089,58.974,59.826,12966,18,0,USOILm,0.0
2026-01-15 12:00:00,59.829,59.861,58.744,59.213,15641,18,0,USOILm,0.0
2026-01-15 16:00:00,59.217,59.346,58.802,58.913,10466,18,0,USOILm,0.0
2026-01-15 20:00:00,58.909,59.169,58.767,59.051,2767,18,0,USOILm,0.0
2026-01-16 00:00:00,59.051,59.273,58.88,58.943,4407,18,0,USOILm,0.0
2026-01-16 04:00:00,58.941,59.34,58.785,59.18,4109,18,0,USOILm,0.0
2026-01-16 08:00:00,59.181,59.878,58.972,59.802,9013,18,0,USOILm,0.0
2026-01-16 12:00:00,59.803,60.017,59.327,59.577,11197,18,0,USOILm,0.0
2026-01-16 16:00:00,59.573,59.868,59.2,59.359,9179,18,0,USOILm,0.0
2026-01-16 20:00:00,59.361,59.442,59.176,59.191,1617,18,0,USOILm,0.0
2026-01-19 00:00:00,58.951,59.441,58.91,59.424,3650,18,0,USOILm,0.0
2026-01-19 04:00:00,59.43,59.577,58.825,58.976,4050,18,0,USOILm,0.0
2026-01-19 08:00:00,58.971,59.09,58.523,58.966,9184,18,0,USOILm,0.0
2026-01-19 12:00:00,58.962,59.37,58.82,59.297,6808,18,0,USOILm,0.0
2026-01-19 16:00:00,59.301,59.477,59.162,59.385,4543,18,0,USOILm,0.0
2026-01-19 20:00:00,59.344,59.383,59.285,59.355,178,18,0,USOILm,0.0
2026-01-20 00:00:00,59.358,59.524,59.198,59.375,2416,18,0,USOILm,0.0
2026-01-20 04:00:00,59.37,59.554,58.915,58.974,4395,18,0,USOILm,0.0
2026-01-20 08:00:00,58.976,59.663,58.685,59.653,10037,18,0,USOILm,0.0
2026-01-20 12:00:00,59.654,60.465,59.464,60.006,13988,18,0,USOILm,0.0
2026-01-20 16:00:00,60.005,60.434,59.851,59.901,9956,18,0,USOILm,0.0
2026-01-20 20:00:00,59.897,59.968,59.292,59.581,4505,18,0,USOILm,0.0
2026-01-21 00:00:00,59.587,59.829,59.4,59.675,3671,18,0,USOILm,0.0
2026-01-21 04:00:00,59.675,59.875,59.411,59.531,5212,18,0,USOILm,0.0
2026-01-21 08:00:00,59.527,60.535,59.179,60.323,12254,18,0,USOILm,0.0
2026-01-21 12:00:00,60.324,60.823,60.02,60.445,14351,18,0,USOILm,0.0
2026-01-21 16:00:00,60.448,60.727,60.187,60.592,10760,18,0,USOILm,0.0
2026-01-21 20:00:00,60.591,60.697,60.366,60.437,2346,18,0,USOILm,0.0
2026-01-22 00:00:00,60.438,60.746,60.399,60.698,3030,18,0,USOILm,0.0
2026-01-22 04:00:00,60.697,60.739,60.31,60.373,3661,18,0,USOILm,0.0
2026-01-22 08:00:00,60.374,60.514,59.437,59.686,9606,18,0,USOILm,0.0
2026-01-22 12:00:00,59.682,59.936,59.263,59.664,13163,18,0,USOILm,0.0
2026-01-22 16:00:00,59.664,59.868,58.91,59.287,9916,18,0,USOILm,0.0
2026-01-22 20:00:00,59.286,59.671,59.256,59.54,1830,18,0,USOILm,0.0
2026-01-23 00:00:00,59.543,59.873,59.519,59.771,3302,18,0,USOILm,0.0
2026-01-23 04:00:00,59.77,59.916,59.527,59.599,3728,18,0,USOILm,0.0
2026-01-23 08:00:00,59.6,60.357,59.578,60.286,8485,18,0,USOILm,0.0
2026-01-23 12:00:00,60.289,61.179,60.263,60.714,11862,18,0,USOILm,0.0
2026-01-23 16:00:00,60.71,61.173,60.634,61.001,9329,18,0,USOILm,0.0
2026-01-23 20:00:00,61.0,61.26,60.97,61.221,1920,18,0,USOILm,0.0
2026-01-26 00:00:00,60.928,61.19,60.775,61.001,4949,18,0,USOILm,0.0
2026-01-26 04:00:00,61.003,61.599,60.842,60.855,6623,18,0,USOILm,0.0
2026-01-26 08:00:00,60.856,61.31,60.687,61.068,10291,18,0,USOILm,0.0
2026-01-26 12:00:00,61.069,61.104,60.349,60.524,12822,18,0,USOILm,0.0
2026-01-26 16:00:00,60.52,60.942,60.361,60.546,8857,18,0,USOILm,0.0
2026-01-26 20:00:00,60.547,60.812,60.25,60.727,2546,18,0,USOILm,0.0
2026-01-27 00:00:00,60.734,60.76,60.125,60.172,3316,18,0,USOILm,0.0
2026-01-27 04:00:00,60.17,60.464,60.087,60.3,4028,18,0,USOILm,0.0
2026-01-27 08:00:00,60.3,60.933,60.057,60.615,6804,18,0,USOILm,0.0
2026-01-27 12:00:00,60.542,61.74,60.338,61.595,15560,18,0,USOILm,0.0
2026-01-27 16:00:00,61.598,62.461,61.518,62.077,11180,18,0,USOILm,0.0
2026-01-27 20:00:00,62.077,62.512,62.066,62.398,3413,18,0,USOILm,0.0
2026-01-28 00:00:00,62.386,62.721,62.196,62.559,4595,18,0,USOILm,0.0
2026-01-28 04:00:00,62.565,62.851,62.259,62.352,4505,18,0,USOILm,0.0
2026-01-28 08:00:00,62.355,62.647,61.935,62.433,9010,18,0,USOILm,0.0
2026-01-28 12:00:00,62.434,63.344,62.255,62.816,17401,18,0,USOILm,0.0
2026-01-28 16:00:00,62.817,63.148,62.415,63.084,10430,18,0,USOILm,0.0
2026-01-28 20:00:00,63.083,63.648,63.074,63.202,3431,18,0,USOILm,0.0
2026-01-29 00:00:00,63.21,63.919,63.152,63.89,6178,18,0,USOILm,0.0
2026-01-29 04:00:00,63.885,64.283,63.832,63.906,6797,18,0,USOILm,0.0
2026-01-29 08:00:00,63.908,64.895,63.876,64.548,11968,18,0,USOILm,0.0
2026-01-29 12:00:00,64.543,66.235,64.417,65.209,28602,18,0,USOILm,0.0
2026-01-29 16:00:00,65.204,65.529,64.668,65.174,21677,18,0,USOILm,0.0
2026-01-29 20:00:00,65.171,65.692,64.996,65.335,5064,18,0,USOILm,0.0
2026-01-30 00:00:00,65.326,65.415,63.414,64.01,14276,18,0,USOILm,0.0
2026-01-30 04:00:00,64.012,64.501,63.741,63.929,8017,18,0,USOILm,0.0
2026-01-30 08:00:00,63.935,64.857,63.853,64.756,16639,18,0,USOILm,0.0
2026-01-30 12:00:00,64.755,65.654,64.61,65.365,19566,18,0,USOILm,0.0
2026-01-30 16:00:00,65.366,65.843,63.957,65.301,23993,18,0,USOILm,0.0
2026-01-30 20:00:00,65.295,65.639,65.284,65.467,4248,18,0,USOILm,0.0
2026-02-02 00:00:00,63.04,63.552,62.058,62.066,15755,18,0,USOILm,0.0
2026-02-02 04:00:00,62.068,62.104,61.211,61.686,12610,18,0,USOILm,0.0
2026-02-02 08:00:00,61.689,62.138,61.183,61.631,17446,18,0,USOILm,0.0
2026-02-02 12:00:00,61.629,62.325,61.339,61.716,22943,18,0,USOILm,0.0
2026-02-02 16:00:00,61.712,61.975,61.314,61.811,14255,18,0,USOILm,0.0
2026-02-02 20:00:00,61.807,62.121,61.533,61.665,2698,18,0,USOILm,0.0
2026-02-03 00:00:00,61.666,62.202,61.312,61.674,6869,18,0,USOILm,0.0
2026-02-03 04:00:00,61.674,61.797,61.461,61.655,6016,18,0,USOILm,0.0
2026-02-03 08:00:00,61.657,62.143,60.866,62.065,13296,18,0,USOILm,0.0
2026-02-03 12:00:00,62.064,62.847,61.926,62.472,16330,18,0,USOILm,0.0
2026-02-03 16:00:00,62.477,63.449,62.27,63.222,23318,18,0,USOILm,0.0
2026-02-03 20:00:00,63.215,63.933,63.207,63.484,4959,18,0,USOILm,0.0
2026-02-04 00:00:00,63.473,63.877,63.178,63.557,6755,18,0,USOILm,0.0
2026-02-04 04:00:00,63.559,63.617,62.993,63.075,4348,18,0,USOILm,0.0
2026-02-04 08:00:00,63.079,63.523,62.688,63.035,10256,18,0,USOILm,0.0
2026-02-04 12:00:00,63.03,63.359,62.605,63.068,17410,18,0,USOILm,0.0
2026-02-04 16:00:00,63.061,65.23,62.734,63.985,32554,18,0,USOILm,0.0
2026-02-04 20:00:00,63.99,64.393,63.756,64.155,4528,18,0,USOILm,0.0
2026-02-05 00:00:00,64.156,64.373,63.22,63.594,10052,18,0,USOILm,0.0
2026-02-05 04:00:00,63.596,63.867,63.354,63.775,5919,18,0,USOILm,0.0
2026-02-05 08:00:00,63.779,64.296,63.703,64.295,11943,18,0,USOILm,0.0
2026-02-05 12:00:00,64.298,64.407,62.454,62.818,24107,18,0,USOILm,0.0
2026-02-05 16:00:00,62.822,63.63,62.553,63.002,15877,18,0,USOILm,0.0
2026-02-05 20:00:00,63.017,63.269,62.549,62.636,3287,18,0,USOILm,0.0
2026-02-06 00:00:00,62.638,63.665,62.144,63.414,10050,18,0,USOILm,0.0
2026-02-06 04:00:00,63.409,64.134,63.384,63.976,8456,18,0,USOILm,0.0
2026-02-06 08:00:00,63.972,64.376,62.637,63.051,17770,18,0,USOILm,0.0
2026-02-06 12:00:00,63.052,63.958,62.047,63.816,23896,18,0,USOILm,0.0
2026-02-06 16:00:00,63.818,64.172,63.233,63.257,12785,18,0,USOILm,0.0
2026-02-06 20:00:00,63.252,63.386,63.108,63.305,2302,18,0,USOILm,0.0
2026-02-09 00:00:00,62.8,63.134,62.698,62.831,4988,18,0,USOILm,0.0
2026-02-09 04:00:00,62.83,62.869,62.539,62.591,4125,18,0,USOILm,0.0
2026-02-09 08:00:00,62.594,63.701,62.591,63.65,10860,18,0,USOILm,0.0
2026-02-09 12:00:00,63.658,64.128,62.91,63.999,15215,18,0,USOILm,0.0
2026-02-09 16:00:00,63.998,64.694,63.904,64.124,9982,18,0,USOILm,0.0
2026-02-09 20:00:00,64.123,64.359,64.068,64.255,1811,18,0,USOILm,0.0
2026-02-10 00:00:00,64.253,64.253,63.722,64.059,4872,18,0,USOILm,0.0
2026-02-10 04:00:00,64.053,64.308,63.936,64.18,5090,18,0,USOILm,0.0
2026-02-10 08:00:00,64.165,64.535,63.873,64.433,9615,18,0,USOILm,0.0
2026-02-10 12:00:00,64.436,64.531,63.97,64.046,12269,18,0,USOILm,0.0
2026-02-10 16:00:00,64.037,64.147,63.518,63.978,12311,18,0,USOILm,0.0
2026-02-10 20:00:00,63.976,64.277,63.864,64.15,3092,18,0,USOILm,0.0
2026-02-11 00:00:00,64.151,64.46,64.02,64.354,3223,18,0,USOILm,0.0
2026-02-11 04:00:00,64.354,64.543,64.13,64.365,3461,18,0,USOILm,0.0
2026-02-11 08:00:00,64.367,65.239,64.367,65.213,7538,18,0,USOILm,0.0
2026-02-11 12:00:00,65.213,65.638,64.606,64.792,16803,18,0,USOILm,0.0
2026-02-11 16:00:00,64.791,65.106,64.338,64.695,15015,18,0,USOILm,0.0
2026-02-11 20:00:00,64.697,64.885,64.64,64.753,2097,18,0,USOILm,0.0
2026-02-12 00:00:00,64.751,64.863,64.627,64.826,3325,18,0,USOILm,0.0
2026-02-12 04:00:00,64.825,64.933,64.471,64.67,4224,18,0,USOILm,0.0
2026-02-12 08:00:00,64.669,64.884,64.013,64.313,10162,18,0,USOILm,0.0
2026-02-12 12:00:00,64.318,64.439,63.35,63.453,14523,18,0,USOILm,0.0
2026-02-12 16:00:00,63.457,63.486,62.229,62.77,18097,18,0,USOILm,0.0
2026-02-12 20:00:00,62.767,62.826,62.639,62.684,2012,18,0,USOILm,0.0
2026-02-13 00:00:00,62.687,62.848,62.499,62.548,4189,18,0,USOILm,0.0
2026-02-13 04:00:00,62.549,62.692,62.434,62.524,4199,18,0,USOILm,0.0
2026-02-13 08:00:00,62.523,63.091,61.979,62.239,12546,18,0,USOILm,0.0
2026-02-13 12:00:00,62.243,62.862,62.149,62.554,17548,18,0,USOILm,0.0
2026-02-13 16:00:00,62.541,63.051,62.271,62.568,11809,18,0,USOILm,0.0
2026-02-13 20:00:00,62.565,62.791,62.249,62.672,2649,18,0,USOILm,0.0
2026-02-16 00:00:00,62.759,62.83,62.624,62.778,1928,18,0,USOILm,0.0
2026-02-16 04:00:00,62.781,62.835,62.619,62.657,2827,18,0,USOILm,0.0
2026-02-16 08:00:00,62.656,62.914,62.357,62.76,6728,18,0,USOILm,0.0
2026-02-16 12:00:00,62.757,63.412,62.698,63.364,6431,18,0,USOILm,0.0
2026-02-16 16:00:00,63.372,63.688,63.264,63.582,4537,18,0,USOILm,0.0
2026-02-16 20:00:00,63.53,63.578,63.476,63.569,258,18,0,USOILm,0.0
2026-02-17 00:00:00,63.564,63.602,63.31,63.366,2259,18,0,USOILm,0.0
2026-02-17 04:00:00,63.367,63.397,62.994,63.047,2717,18,0,USOILm,0.0
2026-02-17 08:00:00,63.048,63.943,62.821,63.668,9989,18,0,USOILm,0.0
2026-02-17 12:00:00,63.672,63.763,61.757,61.917,21734,18,0,USOILm,0.0
2026-02-17 16:00:00,61.91,62.424,61.82,62.163,12613,18,0,USOILm,0.0
2026-02-17 20:00:00,62.159,62.31,62.087,62.16,2252,18,0,USOILm,0.0
2026-02-18 00:00:00,62.16,62.399,62.103,62.374,2017,18,0,USOILm,0.0
2026-02-18 04:00:00,62.371,62.484,62.241,62.388,2820,18,0,USOILm,0.0
2026-02-18 08:00:00,62.392,63.556,62.321,63.553,9331,18,0,USOILm,0.0
2026-02-18 12:00:00,63.555,64.403,63.381,64.172,13888,18,0,USOILm,0.0
2026-02-18 16:00:00,64.173,65.274,64.093,65.011,13554,18,0,USOILm,0.0
2026-02-18 20:00:00,65.012,65.405,64.795,64.974,4925,18,0,USOILm,0.0
2026-02-19 00:00:00,64.97,65.373,64.881,65.321,2445,18,0,USOILm,0.0
2026-02-19 04:00:00,65.323,65.776,65.118,65.737,3504,18,0,USOILm,0.0
2026-02-19 08:00:00,65.741,66.256,65.589,66.006,12397,18,0,USOILm,0.0
2026-02-19 12:00:00,66.01,66.523,65.417,66.43,18561,18,0,USOILm,0.0
2026-02-19 16:00:00,66.44,66.731,66.167,66.55,13118,18,0,USOILm,0.0
2026-02-19 20:00:00,66.546,66.827,65.918,66.404,4888,18,0,USOILm,0.0
2026-02-20 00:00:00,66.403,66.809,66.258,66.588,4460,18,0,USOILm,0.0
2026-02-20 04:00:00,66.586,66.993,66.268,66.293,4500,18,0,USOILm,0.0
2026-02-20 08:00:00,66.301,66.56,65.768,65.958,12182,18,0,USOILm,0.0
2026-02-20 12:00:00,65.955,66.615,65.826,65.922,17546,18,0,USOILm,0.0
2026-02-20 16:00:00,65.927,66.685,65.792,66.417,15370,18,0,USOILm,0.0
2026-02-20 20:00:00,66.421,66.454,66.204,66.279,2259,18,0,USOILm,0.0
2026-02-23 00:00:00,65.948,65.992,65.557,65.665,4307,18,0,USOILm,0.0
2026-02-23 04:00:00,65.662,65.779,65.474,65.618,3695,18,0,USOILm,0.0
2026-02-23 08:00:00,65.612,66.419,65.519,66.391,8954,18,0,USOILm,0.0
2026-02-23 12:00:00,66.393,67.227,66.374,66.751,12041,18,0,USOILm,0.0
2026-02-23 16:00:00,66.74,67.089,66.054,66.284,12573,18,0,USOILm,0.0
2026-02-23 20:00:00,66.289,66.46,66.121,66.208,2390,18,0,USOILm,0.0
2026-02-24 00:00:00,66.207,66.879,66.018,66.828,7126,18,0,USOILm,0.0
2026-02-24 04:00:00,66.829,66.906,66.428,66.511,4805,18,0,USOILm,0.0
2026-02-24 08:00:00,66.515,66.561,66.113,66.315,9614,18,0,USOILm,0.0
2026-02-24 12:00:00,66.314,67.097,65.603,65.857,17024,18,0,USOILm,0.0
2026-02-24 16:00:00,65.854,66.279,65.525,65.862,12403,18,0,USOILm,0.0
2026-02-24 20:00:00,65.857,66.424,65.755,65.988,3852,18,0,USOILm,0.0
2026-02-25 00:00:00,65.995,66.536,65.915,65.978,5377,18,0,USOILm,0.0
2026-02-25 04:00:00,65.976,66.136,65.724,65.858,4326,18,0,USOILm,0.0
2026-02-25 08:00:00,65.863,66.089,65.42,65.834,9962,18,0,USOILm,0.0
2026-02-25 12:00:00,65.832,66.268,65.214,65.388,14677,18,0,USOILm,0.0
2026-02-25 16:00:00,65.385,65.758,65.091,65.684,10914,18,0,USOILm,0.0
2026-02-25 20:00:00,65.689,65.697,65.384,65.576,2210,18,0,USOILm,0.0
2026-02-26 00:00:00,65.574,65.813,65.299,65.476,4018,18,0,USOILm,0.0
2026-02-26 04:00:00,65.481,65.622,65.326,65.426,3512,18,0,USOILm,0.0
2026-02-26 08:00:00,65.429,65.62,64.185,64.283,12161,18,0,USOILm,0.0
2026-02-26 12:00:00,64.284,66.45,63.556,66.431,22657,18,0,USOILm,0.0
2026-02-26 16:00:00,66.426,66.648,64.88,65.284,25429,18,0,USOILm,0.0
2026-02-26 20:00:00,65.289,65.591,65.162,65.164,3820,18,0,USOILm,0.0
2026-02-27 00:00:00,65.162,65.256,64.803,65.253,4898,18,0,USOILm,0.0
2026-02-27 04:00:00,65.252,65.751,65.188,65.695,4769,18,0,USOILm,0.0
2026-02-27 08:00:00,65.691,66.856,65.49,66.786,13088,18,0,USOILm,0.0
2026-02-27 12:00:00,66.777,67.747,66.436,66.852,21366,18,0,USOILm,0.0
2026-02-27 16:00:00,66.85,67.154,66.08,66.991,16557,18,0,USOILm,0.0
2026-02-27 20:00:00,66.99,67.344,66.91,67.221,4555,18,0,USOILm,0.0
2026-03-02 00:00:00,71.808,71.96,69.199,70.513,26888,18,0,USOILm,0.0
2026-03-02 04:00:00,70.51,73.07,70.287,72.968,23639,18,0,USOILm,0.0
2026-03-02 08:00:00,72.956,73.087,70.902,71.74,36175,18,0,USOILm,0.0
2026-03-02 12:00:00,71.734,72.69,70.587,71.08,39668,18,0,USOILm,0.0
2026-03-02 16:00:00,71.074,71.165,69.902,70.671,30597,18,0,USOILm,0.0
2026-03-02 20:00:00,70.672,72.527,70.16,70.639,17830,18,0,USOILm,0.0
2026-03-03 00:00:00,70.645,72.374,70.619,72.118,13363,18,0,USOILm,0.0
2026-03-03 04:00:00,72.122,73.776,71.942,73.527,17620,18,0,USOILm,0.0
2026-03-03 08:00:00,73.531,77.121,73.157,76.77,46011,18,0,USOILm,0.0
2026-03-03 12:00:00,76.783,77.196,74.811,76.308,57343,18,0,USOILm,0.0
2026-03-03 16:00:00,76.302,76.657,71.272,73.121,56637,18,0,USOILm,0.0
2026-03-03 20:00:00,73.127,74.933,72.6,74.915,16208,18,0,USOILm,0.0
2026-03-04 00:00:00,74.914,75.074,73.774,74.517,24168,18,0,USOILm,0.0
2026-03-04 04:00:00,74.521,76.311,74.375,75.806,14745,18,0,USOILm,0.0
2026-03-04 08:00:00,75.791,76.538,73.84,74.316,39037,18,0,USOILm,0.0
2026-03-04 12:00:00,74.314,74.654,72.698,73.613,50098,18,0,USOILm,0.0
2026-03-04 16:00:00,73.616,74.562,73.043,73.874,29267,18,0,USOILm,0.0
2026-03-04 20:00:00,73.872,75.468,73.861,75.06,8767,18,0,USOILm,0.0
2026-03-05 00:00:00,75.068,76.496,74.665,76.196,11724,18,0,USOILm,0.0
2026-03-05 04:00:00,76.191,77.15,75.165,76.255,20705,18,0,USOILm,0.0
2026-03-05 08:00:00,76.257,76.801,74.23,76.261,37426,18,0,USOILm,0.0
2026-03-05 12:00:00,76.258,77.972,75.759,77.589,41248,18,0,USOILm,0.0
2026-03-05 16:00:00,77.593,80.187,77.275,80.096,42817,18,0,USOILm,0.0
2026-03-05 20:00:00,80.107,80.537,77.405,78.125,23730,18,0,USOILm,0.0
2026-03-06 00:00:00,78.133,78.7,77.009,78.534,23481,18,0,USOILm,0.0
2026-03-06 04:00:00,78.528,79.602,78.249,79.549,19604,18,0,USOILm,0.0
2026-03-06 08:00:00,79.556,84.328,79.316,84.122,47735,18,0,USOILm,0.0
2026-03-06 12:00:00,84.112,87.135,82.97,86.112,68992,18,0,USOILm,0.0
2026-03-06 16:00:00,86.118,89.669,85.621,89.049,71175,18,0,USOILm,0.0
2026-03-06 20:00:00,89.031,89.253,88.147,89.028,14721,18,0,USOILm,0.0
2026-03-09 00:00:00,104.444,113.117,102.944,111.751,18019,44,0,USOILm,0.0
2026-03-09 04:00:00,111.784,113.143,97.635,100.433,33158,30,0,USOILm,0.0
2026-03-09 08:00:00,100.469,102.284,94.193,98.897,81963,18,0,USOILm,0.0
2026-03-09 12:00:00,98.892,101.124,92.129,92.704,69147,18,0,USOILm,0.0
2026-03-09 16:00:00,92.683,94.475,79.658,84.308,56933,30,0,USOILm,0.0
2026-03-09 20:00:00,84.331,87.843,81.089,86.329,20886,20,0,USOILm,0.0
2026-03-10 00:00:00,86.359,89.179,82.465,87.764,12274,30,0,USOILm,0.0
2026-03-10 04:00:00,87.792,88.872,83.874,84.133,10540,20,0,USOILm,0.0
2026-03-10 08:00:00,84.129,87.858,83.66,87.037,60897,20,0,USOILm,0.0
2026-03-10 12:00:00,87.033,88.841,81.43,82.927,74799,20,0,USOILm,0.0
2026-03-10 16:00:00,82.905,86.293,75.937,85.453,46881,20,0,USOILm,0.0
2026-03-10 20:00:00,85.427,87.269,84.1,84.565,5253,20,0,USOILm,0.0
2026-03-11 00:00:00,84.599,84.655,80.853,81.96,7712,30,0,USOILm,0.0
2026-03-11 04:00:00,81.945,84.65,81.483,84.386,4397,30,0,USOILm,0.0
2026-03-11 08:00:00,84.364,87.558,83.5,85.478,24103,20,0,USOILm,0.0
2026-03-11 12:00:00,85.468,86.797,81.483,86.428,73909,20,0,USOILm,0.0
2026-03-11 16:00:00,86.433,87.461,85.194,87.009,43938,20,0,USOILm,0.0
2026-03-11 20:00:00,87.021,93.505,86.817,91.442,6418,20,0,USOILm,0.0
2026-03-12 00:00:00,91.474,94.796,90.576,93.479,8272,30,0,USOILm,0.0
2026-03-12 04:00:00,93.448,94.089,88.885,89.405,9002,30,0,USOILm,0.0
2026-03-12 08:00:00,89.383,91.988,89.203,91.623,33969,20,0,USOILm,0.0
2026-03-12 12:00:00,91.599,95.488,91.304,93.118,29147,20,0,USOILm,0.0
2026-03-12 16:00:00,93.133,95.862,91.729,95.232,18677,20,0,USOILm,0.0
2026-03-12 20:00:00,95.237,96.887,94.584,95.531,6621,20,0,USOILm,0.0
2026-03-13 00:00:00,95.493,95.593,93.63,94.481,3972,30,0,USOILm,0.0
2026-03-13 04:00:00,94.457,96.47,93.46,96.161,3599,30,0,USOILm,0.0
2026-03-13 08:00:00,96.138,96.78,92.251,92.558,36270,20,0,USOILm,0.0
2026-03-13 12:00:00,92.575,95.476,91.242,95.05,51763,20,0,USOILm,0.0
2026-03-13 16:00:00,95.065,97.513,94.887,96.456,27791,20,0,USOILm,0.0
2026-03-13 20:00:00,96.478,97.452,96.478,97.338,3681,20,0,USOILm,0.0
2026-03-16 00:00:00,97.128,97.936,95.175,97.637,5135,30,0,USOILm,0.0
2026-03-16 04:00:00,97.672,99.336,96.619,98.873,2984,20,0,USOILm,0.0
2026-03-16 08:00:00,98.84,99.264,95.603,96.033,29983,20,0,USOILm,0.0
2026-03-16 12:00:00,96.049,96.4,91.88,94.418,21193,20,0,USOILm,0.0
2026-03-16 16:00:00,94.401,95.531,92.004,92.404,13353,20,0,USOILm,0.0
2026-03-16 20:00:00,92.377,94.275,92.142,93.866,6404,20,0,USOILm,0.0
2026-03-17 00:00:00,93.877,95.379,93.794,95.169,16309,20,0,USOILm,0.0
2026-03-17 04:00:00,95.179,97.63,94.463,96.039,21541,20,0,USOILm,0.0
2026-03-17 08:00:00,96.033,97.052,94.956,96.208,30897,20,0,USOILm,0.0
2026-03-17 12:00:00,96.212,96.325,93.174,94.877,38068,20,0,USOILm,0.0
2026-03-17 16:00:00,94.872,95.65,93.607,95.432,24466,20,0,USOILm,0.0
2026-03-17 20:00:00,95.437,95.605,94.076,95.099,5205,20,0,USOILm,0.0
2026-03-18 00:00:00,95.105,95.151,92.212,92.303,16289,20,0,USOILm,0.0
2026-03-18 04:00:00,92.314,93.149,91.287,93.084,18495,20,0,USOILm,0.0
2026-03-18 08:00:00,93.076,95.364,92.983,94.347,32223,20,0,USOILm,0.0
2026-03-18 12:00:00,94.341,98.45,94.262,96.996,75428,20,0,USOILm,0.0
2026-03-18 16:00:00,96.986,97.827,94.103,97.494,56255,20,0,USOILm,0.0
2026-03-18 20:00:00,97.504,99.594,97.005,98.0,14317,20,0,USOILm,0.0
2026-03-19 00:00:00,97.98,98.82,95.455,96.174,34009,20,0,USOILm,0.0
2026-03-19 04:00:00,96.18,96.963,95.033,96.462,29861,20,0,USOILm,0.0
2026-03-19 08:00:00,96.457,98.614,94.131,96.337,58309,20,0,USOILm,0.0
2026-03-19 12:00:00,96.342,100.16,95.026,97.775,74685,20,0,USOILm,0.0
2026-03-19 16:00:00,97.782,98.371,91.872,93.964,66786,20,0,USOILm,0.0
2026-03-19 20:00:00,93.959,94.509,93.224,93.553,8825,20,0,USOILm,0.0
2026-03-20 00:00:00,93.548,94.008,92.065,93.454,21446,20,0,USOILm,0.0
2026-03-20 04:00:00,93.444,94.384,92.882,93.292,17326,20,0,USOILm,0.0
2026-03-20 08:00:00,93.288,96.063,92.904,93.824,42301,20,0,USOILm,0.0
2026-03-20 12:00:00,93.818,96.619,93.527,96.107,55928,20,0,USOILm,0.0
2026-03-20 16:00:00,96.102,98.266,95.768,96.995,56574,20,0,USOILm,0.0
2026-03-20 20:00:00,96.99,97.591,96.943,97.467,6725,20,0,USOILm,0.0
2026-03-23 00:00:00,97.862,98.606,97.183,98.481,19717,20,0,USOILm,0.0
2026-03-23 04:00:00,98.49,100.998,97.252,100.452,22771,20,0,USOILm,0.0
2026-03-23 08:00:00,100.446,100.446,83.941,91.971,61366,20,0,USOILm,0.0
2026-03-23 12:00:00,91.952,92.773,84.929,89.917,88977,20,0,USOILm,0.0
2026-03-23 16:00:00,89.902,91.314,86.204,88.184,64631,20,0,USOILm,0.0
2026-03-23 20:00:00,88.197,88.938,87.855,88.776,8056,20,0,USOILm,0.0
2026-03-24 00:00:00,88.753,91.288,88.692,90.932,6706,20,0,USOILm,0.0
2026-03-24 04:00:00,90.912,91.572,88.784,88.837,8136,20,0,USOILm,0.0
2026-03-24 08:00:00,88.84,90.765,88.499,90.216,41252,20,0,USOILm,0.0
2026-03-24 12:00:00,90.21,92.038,89.894,91.573,39097,20,0,USOILm,0.0
2026-03-24 16:00:00,91.57,92.686,90.361,91.252,43014,20,0,USOILm,0.0
2026-03-24 20:00:00,91.245,91.312,85.836,88.132,23829,20,0,USOILm,0.0
2026-03-25 00:00:00,88.141,88.483,86.046,88.204,37686,20,0,USOILm,0.0
2026-03-25 04:00:00,88.21,88.834,87.535,87.648,29507,20,0,USOILm,0.0
2026-03-25 08:00:00,87.644,88.124,85.841,86.664,40445,20,0,USOILm,0.0
2026-03-25 12:00:00,86.659,89.6,86.429,89.56,48756,20,0,USOILm,0.0
2026-03-25 16:00:00,89.566,90.805,88.575,90.153,40212,20,0,USOILm,0.0
2026-03-25 20:00:00,90.167,90.665,89.768,90.104,7446,20,0,USOILm,0.0
2026-03-26 00:00:00,90.111,91.131,89.993,90.769,20121,20,0,USOILm,0.0
2026-03-26 04:00:00,90.77,92.358,90.654,92.097,21552,20,0,USOILm,0.0
2026-03-26 08:00:00,92.097,93.833,91.683,93.656,31826,20,0,USOILm,0.0
2026-03-26 12:00:00,93.661,93.819,91.397,93.5,45063,20,0,USOILm,0.0
2026-03-26 16:00:00,93.507,94.23,92.86,92.995,33013,20,0,USOILm,0.0
2026-03-26 20:00:00,92.986,93.293,88.508,92.066,25531,20,0,USOILm,0.0
2026-03-27 00:00:00,92.065,92.942,90.858,92.243,26017,20,0,USOILm,0.0
2026-03-27 04:00:00,92.233,94.165,92.216,93.794,19978,20,0,USOILm,0.0
2026-03-27 08:00:00,93.787,95.816,93.576,95.221,29098,20,0,USOILm,0.0
2026-03-27 12:00:00,95.228,96.636,95.039,96.249,42314,20,0,USOILm,0.0
2026-03-27 16:00:00,96.245,98.486,95.996,97.575,41697,20,0,USOILm,0.0
2026-03-27 20:00:00,97.579,99.082,97.0,98.773,15018,20,0,USOILm,0.0
2026-03-30 00:00:00,100.309,100.708,97.862,99.104,38666,20,0,USOILm,0.0
2026-03-30 04:00:00,99.102,99.649,98.03,99.19,27770,20,0,USOILm,0.0
2026-03-30 08:00:00,99.187,99.932,97.357,98.599,29639,20,0,USOILm,0.0
2026-03-30 12:00:00,98.595,100.173,97.525,100.098,44561,20,0,USOILm,0.0
2026-03-30 16:00:00,100.105,101.333,99.485,101.108,35428,20,0,USOILm,0.0
2026-03-30 20:00:00,101.112,103.405,101.108,102.719,12840,20,0,USOILm,0.0
2026-03-31 00:00:00,102.725,102.988,97.642,99.816,39159,20,0,USOILm,0.0
2026-03-31 04:00:00,99.817,100.257,98.67,98.945,22501,20,0,USOILm,0.0
2026-03-31 08:00:00,98.946,101.65,98.353,99.532,35683,20,0,USOILm,0.0
2026-03-31 12:00:00,99.529,101.011,98.86,100.825,45048,20,0,USOILm,0.0
2026-03-31 16:00:00,100.83,101.222,96.262,98.133,61985,20,0,USOILm,0.0
2026-03-31 20:00:00,98.125,98.378,96.675,97.106,14930,20,0,USOILm,0.0
2026-04-01 00:00:00,97.114,98.832,97.078,98.436,18301,20,0,USOILm,0.0
2026-04-01 04:00:00,98.432,98.608,92.466,94.224,33854,20,0,USOILm,0.0
2026-04-01 08:00:00,94.213,96.375,93.92,94.616,35643,20,0,USOILm,0.0
2026-04-01 12:00:00,94.611,96.452,93.982,95.145,54009,20,0,USOILm,0.0
2026-04-01 16:00:00,95.15,96.041,93.958,94.799,32625,20,0,USOILm,0.0
2026-04-01 20:00:00,94.808,95.226,93.452,93.826,9641,20,0,USOILm,0.0
2026-04-02 00:00:00,93.807,99.573,92.486,99.466,40476,20,0,USOILm,0.0
2026-04-02 04:00:00,99.462,101.368,99.234,100.724,32532,20,0,USOILm,0.0
2026-04-02 08:00:00,100.729,103.044,100.559,102.914,30463,20,0,USOILm,0.0
2026-04-02 12:00:00,102.909,105.035,98.865,102.681,79976,20,0,USOILm,0.0
2026-04-02 16:00:00,102.673,104.186,102.007,103.499,47646,20,0,USOILm,0.0
2026-04-02 20:00:00,103.485,103.916,103.383,103.877,9971,20,0,USOILm,0.0
2026-04-06 00:00:00,105.681,105.727,101.317,103.092,29898,20,0,USOILm,0.0
2026-04-06 04:00:00,103.116,103.8,100.97,101.364,30429,20,0,USOILm,0.0
2026-04-06 08:00:00,101.37,102.857,100.726,101.956,35830,20,0,USOILm,0.0
2026-04-06 12:00:00,101.975,103.784,101.419,103.11,44143,20,0,USOILm,0.0
2026-04-06 16:00:00,103.109,104.891,102.354,103.593,39506,20,0,USOILm,0.0
2026-04-06 20:00:00,103.597,104.034,102.967,103.876,10144,20,0,USOILm,0.0
2026-04-07 00:00:00,103.871,105.301,102.835,105.176,25668,20,0,USOILm,0.0
2026-04-07 04:00:00,105.185,105.765,104.566,105.17,24056,20,0,USOILm,0.0
2026-04-07 08:00:00,105.166,105.312,101.804,105.214,41748,20,0,USOILm,0.0
2026-04-07 12:00:00,105.22,106.642,103.974,104.51,53313,20,0,USOILm,0.0
2026-04-07 16:00:00,104.51,105.742,100.349,102.479,54129,20,0,USOILm,0.0
2026-04-07 20:00:00,102.494,102.706,85.98,90.415,46113,20,0,USOILm,0.0
2026-04-08 00:00:00,90.424,91.953,88.174,90.058,50655,20,0,USOILm,0.0
2026-04-08 04:00:00,90.067,90.873,88.175,89.937,40108,20,0,USOILm,0.0
2026-04-08 08:00:00,89.93,90.666,87.289,87.456,43914,20,0,USOILm,0.0
2026-04-08 12:00:00,87.452,90.479,86.119,89.338,74341,20,0,USOILm,0.0
2026-04-08 16:00:00,89.343,91.764,88.967,91.075,52344,20,0,USOILm,0.0
2026-04-08 20:00:00,91.083,92.192,90.619,91.795,11982,20,0,USOILm,0.0
2026-04-09 00:00:00,91.784,92.939,90.994,91.44,23761,20,0,USOILm,0.0
2026-04-09 04:00:00,91.41,92.917,91.358,92.606,20653,20,0,USOILm,0.0
2026-04-09 08:00:00,92.603,93.566,92.007,92.865,28617,20,0,USOILm,0.0
2026-04-09 12:00:00,92.868,95.201,92.034,92.344,58151,20,0,USOILm,0.0
2026-04-09 16:00:00,92.359,93.024,89.851,92.903,57379,20,0,USOILm,0.0
2026-04-09 20:00:00,92.912,92.949,91.656,92.162,11751,20,0,USOILm,0.0
2026-04-10 00:00:00,92.162,92.524,91.095,91.249,15789,20,0,USOILm,0.0
2026-04-10 04:00:00,91.236,93.135,91.149,92.799,16540,20,0,USOILm,0.0
2026-04-10 08:00:00,92.808,93.431,91.013,91.489,27034,20,0,USOILm,0.0
2026-04-10 12:00:00,91.492,92.902,90.589,92.79,45938,20,0,USOILm,0.0
2026-04-10 16:00:00,92.794,93.05,90.105,90.676,35295,20,0,USOILm,0.0
2026-04-10 20:00:00,90.679,90.699,90.025,90.187,4667,20,0,USOILm,0.0
2026-04-13 00:00:00,97.341,97.607,96.396,97.162,18317,20,0,USOILm,0.0
2026-04-13 04:00:00,97.167,97.295,95.663,96.567,14759,20,0,USOILm,0.0
2026-04-13 08:00:00,96.573,97.465,96.223,97.115,23173,20,0,USOILm,0.0
2026-04-13 12:00:00,97.121,97.351,93.683,96.409,47270,20,0,USOILm,0.0
2026-04-13 16:00:00,96.405,96.594,91.909,92.844,46374,20,0,USOILm,0.0
2026-04-13 20:00:00,92.85,93.01,90.939,91.383,9893,20,0,USOILm,0.0
2026-04-14 00:00:00,91.339,92.443,90.702,91.983,17586,20,0,USOILm,0.0
2026-04-14 04:00:00,91.991,92.944,91.19,92.316,21421,20,0,USOILm,0.0
2026-04-14 08:00:00,92.302,93.155,91.761,92.528,28669,20,0,USOILm,0.0
2026-04-14 12:00:00,92.532,92.532,88.601,89.121,58498,20,0,USOILm,0.0
2026-04-14 16:00:00,89.12,89.516,88.318,89.031,35971,20,0,USOILm,0.0
2026-04-14 20:00:00,89.019,89.336,84.838,87.559,11810,20,0,USOILm,0.0
2026-04-15 00:00:00,87.557,88.749,87.393,88.294,19271,20,0,USOILm,0.0
2026-04-15 04:00:00,88.296,89.061,87.707,88.283,18984,20,0,USOILm,0.0
2026-04-15 08:00:00,88.289,90.571,88.106,89.148,35871,20,0,USOILm,0.0
2026-04-15 12:00:00,89.154,89.849,87.816,89.254,51910,20,0,USOILm,0.0
2026-04-15 16:00:00,89.26,89.394,87.761,87.955,33142,20,0,USOILm,0.0
2026-04-15 20:00:00,87.96,88.329,87.433,87.65,4663,20,0,USOILm,0.0
2026-04-16 00:00:00,87.646,88.267,87.298,88.123,9971,20,0,USOILm,0.0
2026-04-16 04:00:00,88.118,89.365,87.714,89.333,12969,20,0,USOILm,0.0
2026-04-16 08:00:00,89.326,89.803,88.227,88.594,20600,20,0,USOILm,0.0
2026-04-16 12:00:00,88.58,90.885,88.278,90.299,41606,20,0,USOILm,0.0
2026-04-16 16:00:00,90.292,91.808,89.871,90.098,33958,20,0,USOILm,0.0
2026-04-16 20:00:00,90.103,90.154,89.348,89.811,5329,20,0,USOILm,0.0
2026-04-17 00:00:00,89.814,90.056,89.393,89.656,8878,20,0,USOILm,0.0
2026-04-17 04:00:00,89.653,90.123,89.148,89.712,12199,20,0,USOILm,0.0
2026-04-17 08:00:00,89.745,89.802,86.83,87.452,26595,20,0,USOILm,0.0
2026-04-17 12:00:00,87.447,87.616,78.865,80.999,82817,20,0,USOILm,0.0
2026-04-17 16:00:00,81.004,83.492,80.749,82.96,39227,20,0,USOILm,0.0
2026-04-17 20:00:00,82.976,83.754,82.791,83.352,3999,20,0,USOILm,0.0
2026-04-20 00:00:00,88.23,88.455,86.108,87.046,19330,20,0,USOILm,0.0
2026-04-20 04:00:00,87.04,87.881,86.271,87.365,18821,20,0,USOILm,0.0
2026-04-20 08:00:00,87.393,88.047,86.374,86.763,27219,20,0,USOILm,0.0
2026-04-20 12:00:00,86.776,87.459,85.136,87.012,49001,20,0,USOILm,0.0
2026-04-20 16:00:00,87.009,87.625,86.481,86.538,24247,20,0,USOILm,0.0
2026-04-20 20:00:00,86.542,86.701,85.264,85.688,5870,20,0,USOILm,0.0
2026-04-21 00:00:00,85.695,86.311,85.604,86.187,9033,20,0,USOILm,0.0
2026-04-21 04:00:00,86.186,86.948,85.186,85.957,13582,20,0,USOILm,0.0
2026-04-21 08:00:00,85.966,87.145,85.537,87.044,22975,20,0,USOILm,0.0
2026-04-21 12:00:00,87.041,89.502,86.074,89.201,38626,20,0,USOILm,0.0
2026-04-21 16:00:00,89.193,91.629,87.392,91.164,53429,20,0,USOILm,0.0
2026-04-21 20:00:00,91.178,91.323,87.399,89.715,16168,20,0,USOILm,0.0
2026-04-22 00:00:00,89.709,89.718,88.03,88.502,14938,20,0,USOILm,0.0
2026-04-22 04:00:00,88.501,88.869,86.966,88.625,18011,20,0,USOILm,0.0
2026-04-22 08:00:00,88.629,90.607,88.48,89.444,27787,20,0,USOILm,0.0
2026-04-22 12:00:00,89.457,92.315,88.946,92.156,47614,20,0,USOILm,0.0
2026-04-22 16:00:00,92.141,92.771,91.457,91.693,26938,20,0,USOILm,0.0
2026-04-22 20:00:00,91.696,92.126,91.18,91.582,4430,20,0,USOILm,0.0
2026-04-23 00:00:00,91.59,95.827,91.453,93.294,26426,20,0,USOILm,0.0
2026-04-23 04:00:00,93.294,93.473,92.046,92.508,17776,20,0,USOILm,0.0
2026-04-23 08:00:00,92.487,94.383,91.839,92.043,26911,20,0,USOILm,0.0
2026-04-23 12:00:00,92.055,93.497,91.145,93.26,42754,20,0,USOILm,0.0
2026-04-23 16:00:00,93.257,97.03,92.757,95.131,50126,20,0,USOILm,0.0
2026-04-23 20:00:00,95.136,96.075,94.824,95.238,6868,20,0,USOILm,0.0
2026-04-24 00:00:00,95.237,95.945,94.507,94.996,12689,20,0,USOILm,0.0
2026-04-24 04:00:00,94.995,95.226,93.981,95.12,14513,20,0,USOILm,0.0
2026-04-24 08:00:00,95.121,96.224,92.129,92.956,33593,20,0,USOILm,0.0
2026-04-24 12:00:00,92.96,94.858,91.295,92.088,46800,20,0,USOILm,0.0
2026-04-24 16:00:00,92.083,93.695,91.334,93.265,30800,20,0,USOILm,0.0
2026-04-24 20:00:00,93.268,94.034,93.268,93.381,4020,20,0,USOILm,0.0
2026-04-27 00:00:00,94.368,94.742,93.253,93.552,12825,20,0,USOILm,0.0
2026-04-27 04:00:00,93.557,95.099,93.454,95.055,13488,20,0,USOILm,0.0
2026-04-27 08:00:00,95.078,95.342,92.857,93.364,21189,20,0,USOILm,0.0
2026-04-27 12:00:00,93.358,95.676,93.11,94.422,40140,20,0,USOILm,0.0
2026-04-27 16:00:00,94.412,95.862,94.2,94.681,26182,20,0,USOILm,0.0
2026-04-27 20:00:00,94.679,95.051,94.332,94.652,4590,20,0,USOILm,0.0
2026-04-28 00:00:00,94.656,95.588,94.302,95.58,9817,20,0,USOILm,0.0
2026-04-28 04:00:00,95.578,97.189,95.327,96.869,18036,20,0,USOILm,0.0
2026-04-28 08:00:00,96.908,99.489,96.209,98.998,26614,20,0,USOILm,0.0
2026-04-28 12:00:00,99.006,99.027,96.116,97.609,55135,20,0,USOILm,0.0
2026-04-28 16:00:00,97.605,98.18,96.879,97.749,25480,20,0,USOILm,0.0
2026-04-28 20:00:00,97.738,97.763,96.916,96.981,4801,20,0,USOILm,0.0
2026-04-29 00:00:00,96.982,98.274,96.112,96.949,14646,20,0,USOILm,0.0
2026-04-29 04:00:00,96.951,99.433,96.87,99.186,14864,20,0,USOILm,0.0
2026-04-29 08:00:00,99.223,101.168,99.13,100.833,28067,20,0,USOILm,0.0
2026-04-29 12:00:00,100.855,104.159,100.437,103.943,44909,20,0,USOILm,0.0
2026-04-29 16:00:00,103.939,105.347,103.268,104.702,40674,20,0,USOILm,0.0
2026-04-29 20:00:00,104.71,105.357,104.21,104.534,10228,20,0,USOILm,0.0
2026-04-30 00:00:00,104.541,106.012,103.188,105.636,25245,20,0,USOILm,0.0
2026-04-30 04:00:00,105.635,107.341,104.235,104.713,31064,20,0,USOILm,0.0
2026-04-30 08:00:00,104.719,105.312,100.305,101.407,43697,20,0,USOILm,0.0
2026-04-30 12:00:00,101.445,103.32,100.68,101.184,59252,20,0,USOILm,0.0
2026-04-30 16:00:00,101.189,102.624,100.381,102.29,36027,20,0,USOILm,0.0
2026-04-30 20:00:00,102.286,103.201,102.12,102.487,7155,20,0,USOILm,0.0
2026-05-01 00:00:00,102.497,103.226,102.098,102.423,9599,20,0,USOILm,0.0
2026-05-01 04:00:00,102.427,103.445,101.124,102.369,17266,20,0,USOILm,0.0
2026-05-01 08:00:00,102.355,102.924,101.024,101.112,22567,20,0,USOILm,0.0
2026-05-01 12:00:00,101.127,101.408,96.532,98.263,49762,20,0,USOILm,0.0
2026-05-01 16:00:00,98.267,99.638,97.913,99.264,33269,20,0,USOILm,0.0
2026-05-01 20:00:00,99.268,99.811,99.13,99.413,4554,20,0,USOILm,0.0
2026-05-04 00:00:00,98.58,99.172,97.945,98.781,11908,20,0,USOILm,0.0
2026-05-04 04:00:00,98.781,100.109,97.062,100.082,18411,20,0,USOILm,0.0
2026-05-04 08:00:00,100.122,103.859,99.331,100.831,39492,20,0,USOILm,0.0
2026-05-04 12:00:00,100.824,102.944,98.778,102.554,58603,20,0,USOILm,0.0
2026-05-04 16:00:00,102.55,103.765,101.808,102.556,42326,20,0,USOILm,0.0
2026-05-04 20:00:00,102.55,102.583,101.702,101.946,4954,20,0,USOILm,0.0
2026-05-05 00:00:00,101.929,102.186,100.939,101.345,7699,60,0,USOILm,0.0
2026-05-05 04:00:00,101.342,102.393,100.366,101.687,16614,20,0,USOILm,0.0
2026-05-05 08:00:00,101.689,102.31,100.329,101.062,28273,20,0,USOILm,0.0
2026-05-05 12:00:00,101.066,101.511,98.695,99.348,50872,20,0,USOILm,0.0
2026-05-05 16:00:00,99.347,100.089,98.925,99.973,26902,20,0,USOILm,0.0
2026-05-05 20:00:00,100.002,100.002,96.407,96.964,8870,20,0,USOILm,0.0
2026-05-06 00:00:00,96.962,98.4,96.542,97.646,15632,20,0,USOILm,0.0
2026-05-06 04:00:00,97.645,98.443,95.331,95.418,20340,20,0,USOILm,0.0
2026-05-06 08:00:00,95.405,96.568,86.88,90.372,79049,20,0,USOILm,0.0
2026-05-06 12:00:00,90.387,94.604,90.263,92.79,69877,20,0,USOILm,0.0
2026-05-06 16:00:00,92.795,93.655,91.733,92.731,32231,20,0,USOILm,0.0
2026-05-06 20:00:00,92.734,93.485,92.45,92.864,7201,20,0,USOILm,0.0
2026-05-07 00:00:00,92.872,93.439,91.828,92.835,17623,20,0,USOILm,0.0
2026-05-07 04:00:00,92.839,92.883,89.195,90.746,25188,20,0,USOILm,0.0
2026-05-07 08:00:00,90.757,91.935,88.957,89.316,37429,20,0,USOILm,0.0
2026-05-07 12:00:00,89.317,90.813,87.526,90.692,56986,20,0,USOILm,0.0
2026-05-07 16:00:00,90.697,94.474,90.653,93.325,66475,20,0,USOILm,0.0
2026-05-07 20:00:00,93.329,94.913,91.761,93.703,17670,20,0,USOILm,0.0
2026-05-08 00:00:00,93.692,94.029,91.974,92.469,18290,20,0,USOILm,0.0
2026-05-08 04:00:00,92.473,93.169,91.061,92.183,23160,20,0,USOILm,0.0
2026-05-08 08:00:00,92.177,92.496,90.93,91.991,33275,20,0,USOILm,0.0
2026-05-08 12:00:00,91.993,93.137,90.988,92.894,51015,20,0,USOILm,0.0
2026-05-08 16:00:00,92.897,93.137,91.693,92.04,31939,20,0,USOILm,0.0
2026-05-08 20:00:00,92.034,92.153,91.549,91.81,4532,20,0,USOILm,0.0
2026-05-11 00:00:00,95.723,96.817,95.315,96.536,15702,20,0,USOILm,0.0
2026-05-11 04:00:00,96.536,96.916,95.218,95.27,16503,20,0,USOILm,0.0
2026-05-11 08:00:00,95.234,95.403,93.975,95.194,24780,20,0,USOILm,0.0
2026-05-11 12:00:00,95.217,95.593,93.322,95.036,40336,20,0,USOILm,0.0
2026-05-11 16:00:00,95.049,96.819,95.012,95.49,29008,20,0,USOILm,0.0
2026-05-11 20:00:00,95.48,96.131,95.007,95.082,4434,20,0,USOILm,0.0
2026-05-12 00:00:00,95.083,96.253,95.083,95.965,9873,20,0,USOILm,0.0
2026-05-12 04:00:00,95.969,97.468,95.452,97.355,15503,20,0,USOILm,0.0
2026-05-12 08:00:00,97.35,98.785,97.263,98.11,27394,20,0,USOILm,0.0
2026-05-12 12:00:00,98.133,99.14,97.657,98.489,36047,20,0,USOILm,0.0
2026-05-12 16:00:00,98.49,99.338,98.166,99.013,23415,20,0,USOILm,0.0
2026-05-12 20:00:00,99.005,99.207,98.104,98.379,6104,20,0,USOILm,0.0
2026-05-13 00:00:00,98.379,98.448,97.158,97.461,29202,20,0,USOILm,0.0
2026-05-13 04:00:00,97.461,97.817,96.954,97.744,36003,20,0,USOILm,0.0
2026-05-13 08:00:00,97.744,98.878,97.581,98.24,24726,20,0,USOILm,0.0
2026-05-13 12:00:00,98.235,99.303,97.959,98.235,30128,20,0,USOILm,0.0
2026-05-13 16:00:00,98.235,98.33,96.713,97.281,25252,20,0,USOILm,0.0
2026-05-13 20:00:00,97.276,97.494,96.485,96.797,6157,20,0,USOILm,0.0
2026-05-14 00:00:00,96.798,97.356,96.411,97.065,23332,40,0,USOILm,0.0
2026-05-14 04:00:00,97.066,97.815,95.47,97.678,42419,40,0,USOILm,0.0
2026-05-14 08:00:00,97.673,98.123,95.805,96.022,54177,40,0,USOILm,0.0
2026-05-14 12:00:00,96.023,97.502,95.105,96.603,50280,40,0,USOILm,0.0
2026-05-14 16:00:00,96.609,97.706,96.013,97.686,23191,40,0,USOILm,0.0
2026-05-14 20:00:00,97.68,97.917,97.011,97.51,7375,40,0,USOILm,0.0
2026-05-15 00:00:00,97.517,98.491,97.22,97.954,20843,40,0,USOILm,0.0
2026-05-15 04:00:00,97.937,99.147,97.937,98.989,21759,40,0,USOILm,0.0
2026-05-15 08:00:00,98.988,100.692,98.433,99.808,24622,40,0,USOILm,0.0
2026-05-15 12:00:00,99.809,100.956,98.96,100.682,23622,40,0,USOILm,0.0
2026-05-15 16:00:00,100.681,101.158,100.068,100.985,14931,40,0,USOILm,0.0
2026-05-15 20:00:00,100.976,101.325,100.748,100.921,1998,40,0,USOILm,0.0
2026-05-18 00:00:00,101.937,103.862,101.533,102.703,12177,40,0,USOILm,0.0
2026-05-18 04:00:00,102.702,102.95,101.135,101.722,12922,40,0,USOILm,0.0
2026-05-18 08:00:00,101.701,102.756,99.766,100.473,21593,40,0,USOILm,0.0
2026-05-18 12:00:00,100.48,102.692,98.21,102.391,40919,40,0,USOILm,0.0
2026-05-18 16:00:00,102.391,104.731,100.965,101.577,29050,40,0,USOILm,0.0
2026-05-18 20:00:00,101.552,102.087,100.664,101.601,4985,40,0,USOILm,0.0
2026-05-19 00:00:00,101.605,102.423,101.49,102.15,10974,40,0,USOILm,0.0
2026-05-19 04:00:00,102.15,103.331,101.887,102.467,15083,20,0,USOILm,0.0
2026-05-19 08:00:00,102.47,103.49,101.878,103.282,23036,20,0,USOILm,0.0
2026-05-19 12:00:00,103.28,104.034,101.961,103.127,38732,20,0,USOILm,0.0
2026-05-19 16:00:00,103.122,104.166,102.416,103.781,24253,20,0,USOILm,0.0
2026-05-19 20:00:00,103.785,103.896,102.852,103.011,3788,20,0,USOILm,0.0
2026-05-20 00:00:00,103.014,103.53,102.215,102.767,12836,20,0,USOILm,0.0
2026-05-20 04:00:00,102.763,103.09,101.609,102.135,14204,20,0,USOILm,0.0
2026-05-20 08:00:00,102.136,102.208,100.006,101.643,24712,20,0,USOILm,0.0
2026-05-20 12:00:00,101.642,101.969,96.242,98.413,55324,20,0,USOILm,0.0
2026-05-20 16:00:00,98.408,98.848,96.211,97.754,35166,20,0,USOILm,0.0
2026-05-20 20:00:00,97.745,98.331,97.534,97.889,4384,20,0,USOILm,0.0
2026-05-21 00:00:00,97.893,99.091,97.526,98.121,14398,20,0,USOILm,0.0
2026-05-21 04:00:00,98.124,99.077,97.847,98.334,15683,20,0,USOILm,0.0
2026-05-21 08:00:00,98.299,100.352,96.366,99.617,39594,20,0,USOILm,0.0
2026-05-21 12:00:00,99.625,101.653,99.358,99.822,45491,20,0,USOILm,0.0
2026-05-21 16:00:00,99.808,99.808,94.971,96.637,55322,20,0,USOILm,0.0
2026-05-21 20:00:00,96.629,97.388,96.434,96.796,5594,20,0,USOILm,0.0
2026-05-22 00:00:00,96.795,97.386,96.27,96.509,10988,20,0,USOILm,0.0
2026-05-22 04:00:00,96.511,97.942,95.976,97.496,13994,20,0,USOILm,0.0
2026-05-22 08:00:00,97.49,98.45,96.292,96.611,22504,20,0,USOILm,0.0
2026-05-22 12:00:00,96.629,97.226,94.586,96.114,39512,20,0,USOILm,0.0
2026-05-22 16:00:00,96.111,96.434,93.817,95.283,31544,20,0,USOILm,0.0
2026-05-22 20:00:00,95.278,96.243,95.003,95.995,4292,20,0,USOILm,0.0
2026-05-25 00:00:00,91.277,91.724,89.412,90.132,19121,20,0,USOILm,0.0
2026-05-25 04:00:00,90.136,91.852,89.756,90.899,17420,20,0,USOILm,0.0
2026-05-25 08:00:00,90.9,91.681,89.74,90.088,20049,20,0,USOILm,0.0
2026-05-25 12:00:00,90.087,90.982,89.543,90.237,80591,20,0,USOILm,0.0
2026-05-25 16:00:00,90.244,90.728,88.626,89.447,60328,20,0,USOILm,0.0
2026-05-25 20:00:00,90.053,90.319,89.486,90.044,2965,20,0,USOILm,0.0
2026-05-26 00:00:00,90.051,91.145,90.018,90.71,12428,20,0,USOILm,0.0
2026-05-26 04:00:00,90.713,91.977,90.47,91.544,16517,20,0,USOILm,0.0
2026-05-26 08:00:00,91.535,92.622,90.567,91.766,24515,20,0,USOILm,0.0
2026-05-26 12:00:00,91.768,93.578,91.473,92.85,81034,20,0,USOILm,0.0
2026-05-26 16:00:00,92.85,93.268,92.315,92.418,24670,20,0,USOILm,0.0
2026-05-26 20:00:00,92.414,92.748,91.887,92.077,4573,20,0,USOILm,0.0
2026-05-27 00:00:00,92.075,92.17,90.652,90.875,15526,20,0,USOILm,0.0
2026-05-27 04:00:00,90.873,90.996,89.659,89.908,16868,20,0,USOILm,0.0
2026-05-27 08:00:00,89.892,90.06,88.506,89.448,27254,20,0,USOILm,0.0
2026-05-27 12:00:00,89.444,90.065,86.77,88.981,48236,20,0,USOILm,0.0
2026-05-27 16:00:00,88.976,89.355,87.497,88.431,23432,20,0,USOILm,0.0
2026-05-27 20:00:00,88.427,89.236,88.197,89.036,4363,20,0,USOILm,0.0
2026-05-28 00:00:00,89.039,90.971,88.77,90.936,16469,20,0,USOILm,0.0
2026-05-28 04:00:00,90.936,91.266,89.569,89.77,16184,20,0,USOILm,0.0
2026-05-28 08:00:00,89.768,90.391,88.759,90.14,22593,20,0,USOILm,0.0
2026-05-28 12:00:00,90.147,90.267,86.296,88.783,39081,20,0,USOILm,0.0
2026-05-28 16:00:00,88.773,89.17,87.085,88.56,29891,20,0,USOILm,0.0
2026-05-28 20:00:00,88.575,88.728,87.264,87.568,4660,20,0,USOILm,0.0
2026-05-29 00:00:00,87.565,87.586,86.47,87.281,14842,20,0,USOILm,0.0
2026-05-29 04:00:00,87.26,88.014,86.259,87.767,16232,20,0,USOILm,0.0
2026-05-29 08:00:00,87.771,88.048,85.862,86.675,22656,20,0,USOILm,0.0
2026-05-29 12:00:00,86.669,87.84,85.396,86.594,39340,20,0,USOILm,0.0
2026-05-29 16:00:00,86.59,87.188,85.526,87.1,27429,20,0,USOILm,0.0
2026-05-29 20:00:00,87.113,87.18,86.678,86.838,2443,20,0,USOILm,0.0
2026-06-01 00:00:00,88.253,88.977,87.887,88.585,11971,20,0,USOILm,0.0
2026-06-01 04:00:00,88.58,89.554,88.097,89.178,12176,20,0,USOILm,0.0
2026-06-01 08:00:00,89.177,90.025,88.976,89.053,15484,20,0,USOILm,0.0
2026-06-01 12:00:00,89.052,93.222,88.104,92.319,48567,20,0,USOILm,0.0
2026-06-01 16:00:00,92.321,92.961,89.572,90.93,33762,20,0,USOILm,0.0
2026-06-01 20:00:00,90.925,91.027,90.118,90.295,3364,20,0,USOILm,0.0
2026-06-02 00:00:00,90.295,90.968,89.625,89.795,14513,20,0,USOILm,0.0
2026-06-02 04:00:00,89.794,90.128,88.974,89.185,14373,20,0,USOILm,0.0
2026-06-02 08:00:00,89.196,89.866,88.544,89.426,21100,20,0,USOILm,0.0
2026-06-02 12:00:00,89.426,91.403,89.024,91.176,32045,20,0,USOILm,0.0
2026-06-02 16:00:00,91.166,92.201,90.789,91.944,20598,20,0,USOILm,0.0
2026-06-02 20:00:00,91.94,94.076,91.616,92.69,7099,20,0,USOILm,0.0
2026-06-03 00:00:00,92.694,93.101,92.242,92.725,11425,20,0,USOILm,0.0
2026-06-03 04:00:00,92.729,94.003,92.717,93.851,13710,20,0,USOILm,0.0
2026-06-03 08:00:00,93.847,94.889,93.553,93.721,25035,20,0,USOILm,0.0
2026-06-03 12:00:00,93.726,94.376,92.541,94.01,33466,20,0,USOILm,0.0
2026-06-03 16:00:00,94.003,94.542,93.412,94.172,21027,20,0,USOILm,0.0
2026-06-03 20:00:00,94.169,94.423,93.036,93.292,5266,20,0,USOILm,0.0
2026-06-04 00:00:00,93.294,93.59,92.674,93.029,11152,20,0,USOILm,0.0
2026-06-04 04:00:00,93.036,93.553,92.871,93.383,12214,20,0,USOILm,0.0
2026-06-04 08:00:00,93.392,93.613,90.481,90.595,27932,20,0,USOILm,0.0
2026-06-04 12:00:00,90.585,91.398,90.033,91.035,34118,20,0,USOILm,0.0
2026-06-04 16:00:00,91.029,91.505,90.096,91.223,18921,20,0,USOILm,0.0
2026-06-04 20:00:00,91.227,91.264,90.651,90.979,2661,20,0,USOILm,0.0
2026-06-05 00:00:00,90.973,91.511,90.479,91.111,10608,20,0,USOILm,0.0
2026-06-05 04:00:00,91.112,91.206,89.998,90.647,12623,20,0,USOILm,0.0
2026-06-05 08:00:00,90.651,91.528,89.513,90.939,25689,20,0,USOILm,0.0
2026-06-05 12:00:00,90.952,91.125,88.709,88.988,35381,20,0,USOILm,0.0
2026-06-05 16:00:00,88.984,89.223,88.021,88.563,22998,20,0,USOILm,0.0
2026-06-05 20:00:00,88.554,88.764,88.477,88.504,2808,20,0,USOILm,0.0
2026-06-08 00:00:00,90.876,92.721,90.365,91.662,25201,20,0,USOILm,0.0
2026-06-08 04:00:00,91.664,93.022,91.664,92.739,25455,20,0,USOILm,0.0
2026-06-08 08:00:00,92.747,93.494,89.457,89.626,36718,20,0,USOILm,0.0
2026-06-08 12:00:00,89.621,90.72,88.918,90.112,36750,20,0,USOILm,0.0
2026-06-08 16:00:00,90.108,90.256,89.417,89.754,20717,20,0,USOILm,0.0
2026-06-08 20:00:00,89.757,90.025,89.586,89.752,3783,20,0,USOILm,0.0
2026-06-09 00:00:00,89.75,89.849,88.476,88.722,14888,20,0,USOILm,0.0
2026-06-09 04:00:00,88.721,88.99,87.992,88.302,18204,20,0,USOILm,0.0
2026-06-09 08:00:00,88.305,88.497,87.35,88.226,22138,20,0,USOILm,0.0
2026-06-09 12:00:00,88.22,88.36,85.482,85.531,35673,20,0,USOILm,0.0
2026-06-09 16:00:00,85.53,88.157,84.77,87.017,43033,20,0,USOILm,0.0
2026-06-09 20:00:00,87.039,88.461,86.955,87.816,5703,20,0,USOILm,0.0
2026-06-10 00:00:00,87.826,88.575,86.955,87.282,17440,20,0,USOILm,0.0
2026-06-10 04:00:00,87.282,87.566,86.244,86.731,18966,20,0,USOILm,0.0
2026-06-10 08:00:00,86.726,88.958,86.135,88.578,32037,20,0,USOILm,0.0
2026-06-10 12:00:00,88.57,89.958,87.381,89.227,36798,20,0,USOILm,0.0
2026-06-10 16:00:00,89.218,90.393,88.392,88.93,24949,20,0,USOILm,0.0
2026-06-10 20:00:00,88.925,91.887,88.81,90.795,10134,20,0,USOILm,0.0
2026-06-11 00:00:00,90.803,91.042,89.572,90.133,23734,20,0,USOILm,0.0
2026-06-11 04:00:00,90.135,90.282,87.879,88.293,22764,20,0,USOILm,0.0
2026-06-11 08:00:00,88.297,88.376,87.253,87.663,25098,20,0,USOILm,0.0
2026-06-11 12:00:00,87.667,89.848,87.545,89.392,46290,20,0,USOILm,0.0
2026-06-11 16:00:00,89.365,89.919,84.559,85.207,55907,20,0,USOILm,0.0
2026-06-11 20:00:00,85.211,85.309,83.824,84.715,10060,20,0,USOILm,0.0
2026-06-12 00:00:00,84.715,85.577,84.68,84.804,17202,20,0,USOILm,0.0
2026-06-12 04:00:00,84.794,84.907,83.411,83.687,22826,20,0,USOILm,0.0
2026-06-12 08:00:00,83.684,83.822,81.794,83.469,35998,20,0,USOILm,0.0
2026-06-12 12:00:00,83.47,85.744,82.749,83.044,47892,20,0,USOILm,0.0
2026-06-12 16:00:00,83.029,83.661,82.807,82.888,29359,20,0,USOILm,0.0
2026-06-12 20:00:00,82.891,83.082,82.827,82.845,2747,20,0,USOILm,0.0
2026-06-15 00:00:00,79.731,79.994,78.811,79.241,24910,20,0,USOILm,0.0
2026-06-15 04:00:00,79.235,79.788,78.492,79.104,22147,20,0,USOILm,0.0
2026-06-15 08:00:00,79.106,79.456,78.578,79.181,25987,20,0,USOILm,0.0
2026-06-15 12:00:00,79.178,79.469,78.556,78.954,28207,20,0,USOILm,0.0
2026-06-15 16:00:00,78.952,80.164,78.768,80.007,18354,20,0,USOILm,0.0
2026-06-15 20:00:00,80.006,80.274,79.562,80.126,3583,20,0,USOILm,0.0
2026-06-16 00:00:00,80.121,80.121,79.247,79.373,12166,20,0,USOILm,0.0
2026-06-16 04:00:00,79.375,79.505,78.08,78.138,13918,20,0,USOILm,0.0
2026-06-16 08:00:00,78.14,78.315,77.064,77.271,21961,20,0,USOILm,0.0
2026-06-16 12:00:00,77.284,77.3,74.863,75.185,34606,20,0,USOILm,0.0
2026-06-16 16:00:00,75.184,76.399,74.714,76.124,24613,20,0,USOILm,0.0
2026-06-16 20:00:00,76.119,76.151,75.456,75.814,4691,20,0,USOILm,0.0
2026-06-17 00:00:00,75.812,75.863,74.686,74.763,9795,20,0,USOILm,0.0
2026-06-17 04:00:00,74.764,75.614,74.019,74.948,16732,20,0,USOILm,0.0
2026-06-17 08:00:00,74.949,76.228,74.757,75.96,21290,20,0,USOILm,0.0
2026-06-17 12:00:00,75.971,79.099,75.6,75.804,34542,20,0,USOILm,0.0
2026-06-17 16:00:00,75.806,76.218,75.187,75.266,25961,20,0,USOILm,0.0
2026-06-17 20:00:00,75.266,75.653,74.917,75.226,4035,20,0,USOILm,0.0
2026-06-18 00:00:00,75.221,75.354,74.361,74.438,10808,20,0,USOILm,0.0
2026-06-18 04:00:00,74.437,74.653,73.344,74.249,15998,20,0,USOILm,0.0
2026-06-18 08:00:00,74.251,74.963,73.611,74.639,21431,20,0,USOILm,0.0
2026-06-18 12:00:00,74.643,74.714,72.764,73.834,33267,20,0,USOILm,0.0
2026-06-18 16:00:00,73.839,75.97,73.593,75.619,26349,20,0,USOILm,0.0
2026-06-18 20:00:00,75.616,75.766,75.031,75.325,3483,20,0,USOILm,0.0
2026-06-19 00:00:00,75.325,75.733,74.882,75.158,7497,20,0,USOILm,0.0
2026-06-19 04:00:00,75.156,76.67,75.089,76.16,14351,20,0,USOILm,0.0
2026-06-19 08:00:00,76.146,76.411,75.301,75.886,22221,20,0,USOILm,0.0
2026-06-19 12:00:00,75.882,76.634,74.976,76.395,25445,20,0,USOILm,0.0
2026-06-19 16:00:00,76.395,76.67,76.343,76.441,4036,20,0,USOILm,0.0
2026-06-22 00:00:00,77.523,77.655,74.87,75.499,19347,20,0,USOILm,0.0
2026-06-22 04:00:00,75.496,75.874,74.763,75.5,14545,20,0,USOILm,0.0
2026-06-22 08:00:00,75.485,76.051,74.507,74.879,22677,20,0,USOILm,0.0
2026-06-22 12:00:00,74.876,74.952,73.129,73.297,72156,20,0,USOILm,0.0
2026-06-22 16:00:00,73.299,74.212,73.18,74.135,22895,20,0,USOILm,0.0
2026-06-22 20:00:00,74.131,74.256,73.833,73.986,5778,20,0,USOILm,0.0
2026-06-23 00:00:00,73.986,74.129,73.397,73.458,22350,20,0,USOILm,0.0
2026-06-23 04:00:00,73.458,73.61,72.341,73.01,30508,20,0,USOILm,0.0
2026-06-23 08:00:00,73.014,73.896,72.999,73.677,42914,20,0,USOILm,0.0
2026-06-23 12:00:00,73.677,73.725,72.388,72.862,62220,20,0,USOILm,0.0
2026-06-23 16:00:00,72.858,73.285,72.691,73.174,21250,20,0,USOILm,0.0
2026-06-23 20:00:00,73.178,73.375,72.477,72.526,5052,20,0,USOILm,0.0
2026-06-24 00:00:00,72.525,72.88,71.91,72.271,23085,20,0,USOILm,0.0
2026-06-24 04:00:00,72.27,73.002,71.773,71.809,26533,20,0,USOILm,0.0
2026-06-24 08:00:00,71.806,72.137,70.799,70.82,52017,20,0,USOILm,0.0
2026-06-24 12:00:00,70.823,71.063,69.534,70.365,70384,20,0,USOILm,0.0
2026-06-24 16:00:00,70.367,70.821,69.804,69.932,34232,20,0,USOILm,0.0
2026-06-24 20:00:00,69.936,69.939,69.616,69.879,5220,20,0,USOILm,0.0
2026-06-25 00:00:00,69.879,70.087,68.943,69.208,27896,20,0,USOILm,0.0
2026-06-25 04:00:00,69.208,69.925,69.081,69.808,28739,20,0,USOILm,0.0
2026-06-25 08:00:00,69.811,69.93,68.795,69.679,32429,20,0,USOILm,0.0
2026-06-25 12:00:00,69.673,71.609,69.223,71.31,37704,20,0,USOILm,0.0
2026-06-25 16:00:00,71.314,72.365,71.169,71.903,21790,20,0,USOILm,0.0
2026-06-25 20:00:00,71.906,72.047,71.146,71.377,5207,20,0,USOILm,0.0
2026-06-26 00:00:00,71.377,71.685,70.355,70.452,15898,20,0,USOILm,0.0
2026-06-26 04:00:00,70.452,70.803,69.701,69.755,15571,20,0,USOILm,0.0
2026-06-26 08:00:00,69.755,70.2,68.844,69.955,27444,20,0,USOILm,0.0
2026-06-26 12:00:00,69.952,70.405,68.47,68.987,51013,20,0,USOILm,0.0
2026-06-26 16:00:00,68.992,69.483,68.764,69.394,20441,20,0,USOILm,0.0
2026-06-26 20:00:00,69.387,70.249,69.251,70.205,9795,20,0,USOILm,0.0
2026-06-29 00:00:00,69.615,70.108,69.192,69.899,25093,20,0,USOILm,0.0
2026-06-29 04:00:00,69.899,70.134,69.287,69.382,23327,20,0,USOILm,0.0
2026-06-29 08:00:00,69.373,70.559,69.349,69.835,26709,20,0,USOILm,0.0
2026-06-29 12:00:00,69.832,70.547,69.563,70.443,27981,20,0,USOILm,0.0
2026-06-29 16:00:00,70.443,70.965,70.235,70.389,15512,20,0,USOILm,0.0
2026-06-29 20:00:00,70.384,70.461,70.004,70.005,2896,20,0,USOILm,0.0
2026-06-30 00:00:00,70.01,70.68,69.96,70.219,13317,20,0,USOILm,0.0
2026-06-30 04:00:00,70.22,70.324,69.622,70.132,14719,20,0,USOILm,0.0
2026-06-30 08:00:00,70.134,71.049,70.004,70.996,23580,20,0,USOILm,0.0
2026-06-30 12:00:00,71.003,71.431,69.62,69.666,29316,20,0,USOILm,0.0
2026-06-30 16:00:00,69.676,70.051,69.127,69.954,16879,20,0,USOILm,0.0
2026-06-30 20:00:00,69.951,70.038,69.745,69.98,3518,20,0,USOILm,0.0
2026-07-01 00:00:00,69.977,70.033,69.528,69.697,11880,20,0,USOILm,0.0
2026-07-01 04:00:00,69.698,69.748,69.078,69.256,11982,20,0,USOILm,0.0
2026-07-01 08:00:00,69.257,69.348,68.162,69.034,23915,20,0,USOILm,0.0
2026-07-01 12:00:00,69.033,69.17,68.04,68.111,30824,20,0,USOILm,0.0
2026-07-01 16:00:00,68.108,68.678,67.892,67.996,16059,20,0,USOILm,0.0
2026-07-01 20:00:00,67.998,68.125,67.922,67.958,3199,20,0,USOILm,0.0
2026-07-02 00:00:00,67.961,68.101,67.545,67.69,19106,20,0,USOILm,0.0
2026-07-02 04:00:00,67.691,68.196,67.427,67.888,18074,20,0,USOILm,0.0
2026-07-02 08:00:00,67.911,68.204,67.078,67.222,21066,20,0,USOILm,0.0
2026-07-02 12:00:00,67.221,68.076,67.118,67.688,27756,18,0,USOILm,0.0
2026-07-02 16:00:00,67.69,68.775,67.648,68.458,16514,20,0,USOILm,0.0
2026-07-02 20:00:00,68.458,68.519,68.363,68.371,2466,20,0,USOILm,0.0
2026-07-03 00:00:00,68.371,69.151,68.297,69.01,22897,20,0,USOILm,0.0
2026-07-03 04:00:00,69.009,69.238,68.4,68.509,17068,20,0,USOILm,0.0
2026-07-03 08:00:00,68.51,68.813,68.126,68.375,20461,20,0,USOILm,0.0
2026-07-03 12:00:00,68.377,68.914,68.057,68.731,19760,20,0,USOILm,0.0
2026-07-03 16:00:00,68.733,68.788,68.558,68.736,3350,20,0,USOILm,0.0
2026-07-06 00:00:00,68.239,69.13,68.148,68.419,20823,20,0,USOILm,0.0
2026-07-06 04:00:00,68.418,69.179,67.816,67.918,18656,20,0,USOILm,0.0
2026-07-06 08:00:00,67.916,68.737,67.877,68.625,25752,20,0,USOILm,0.0
2026-07-06 12:00:00,68.63,69.102,68.079,68.722,31934,20,0,USOILm,0.0
2026-07-06 16:00:00,68.721,68.791,68.219,68.671,15493,20,0,USOILm,0.0
2026-07-06 20:00:00,68.671,68.887,68.595,68.744,2240,20,0,USOILm,0.0
2026-07-07 00:00:00,68.744,69.288,68.62,68.934,16293,20,0,USOILm,0.0
2026-07-07 04:00:00,68.934,69.594,68.901,69.308,18775,20,0,USOILm,0.0
2026-07-07 08:00:00,69.312,69.699,68.885,68.986,27605,20,0,USOILm,0.0
2026-07-07 12:00:00,68.98,70.451,68.834,70.247,37904,20,0,USOILm,0.0
2026-07-07 16:00:00,70.245,72.324,70.214,71.728,35098,20,0,USOILm,0.0
2026-07-07 20:00:00,71.731,72.311,71.721,72.243,8793,20,0,USOILm,0.0
2026-07-08 00:00:00,72.246,72.512,71.584,72.101,32261,20,0,USOILm,0.0
2026-07-08 04:00:00,72.1,72.749,71.627,71.897,33159,20,0,USOILm,0.0
2026-07-08 08:00:00,71.887,74.905,71.749,73.705,97325,20,0,USOILm,0.0
2026-07-08 12:00:00,73.709,75.717,72.867,75.49,60091,20,0,USOILm,0.0
2026-07-08 16:00:00,75.488,75.636,73.16,73.872,39723,20,0,USOILm,0.0
2026-07-08 20:00:00,73.879,74.814,73.871,74.193,12167,20,0,USOILm,0.0
2026-07-09 00:00:00,74.185,74.235,73.625,73.972,9118,20,0,USOILm,0.0
